session_label,year,gp,session_type,driver,lap_number,lap_time_s,delta_to_session_best,throttle_mean,throttle_pct_full,throttle_pct_off,brake_pct,brake_presses,rpm_mean,rpm_max,gear_mean,gear_changes,throttle_application_rate
2026_Australian_Grand_Prix_Qualifying,2026,Australian Grand Prix,Qualifying,RUS,1,111.876,33.358000000000004,49.251658900313345,27.955665024630544,23.275862068965516,18.59605911330049,9,10317.814856657365,11895.0,3.7364532019704435,57,1.2775832305795314
2026_Australian_Grand_Prix_Qualifying,2026,Australian Grand Prix,Qualifying,RUS,2,79.84,1.3220000000000027,75.30325958272336,63.898305084745765,15.254237288135593,12.372881355932204,6,10835.243746713353,12164.0,5.7016949152542376,33,1.4312393887945671
2026_Australian_Grand_Prix_Qualifying,2026,Australian Grand Prix,Qualifying,RUS,3,121.569,43.051,32.432957731739094,10.987791342952276,30.632630410654826,16.426193118756938,6,9656.390641171249,11739.0,3.41842397336293,44,0.9218148148148148
2026_Australian_Grand_Prix_Qualifying,2026,Australian Grand Prix,Qualifying,RUS,5,110.313,31.795,55.257389730792596,37.79220779220779,21.16883116883117,16.103896103896105,7,10258.550664417524,12022.0,4.248051948051948,43,1.305591677503251
2026_Australian_Grand_Prix_Qualifying,2026,Australian Grand Prix,Qualifying,RUS,6,93.246,14.727999999999994,56.219667816940444,34.794908062234796,22.63083451202263,20.226308345120223,6,10484.041371076311,12143.0,4.6958981612446955,45,1.3966005665722379
2026_Australian_Grand_Prix_Qualifying,2026,Australian Grand Prix,Qualifying,RUS,7,79.507,0.9890000000000043,73.48143518737074,63.7123745819398,17.558528428093645,13.879598662207357,6,10796.016224563844,12324.0,5.722408026755853,34,1.3919597989949748
2026_Australian_Grand_Prix_Qualifying,2026,Australian Grand Prix,Qualifying,RUS,9,139.248,60.72999999999999,36.567549590846724,15.267175572519085,35.49618320610687,22.137404580152673,11,9150.59514429625,12254.0,2.9303435114503817,62,1.143266475644699
2026_Australian_Grand_Prix_Qualifying,2026,Australian Grand Prix,Qualifying,RUS,10,78.934,0.4159999999999968,72.54626403095446,59.86622073578596,16.88963210702341,13.377926421404682,6,10793.670888333718,12648.0,5.739130434782608,33,1.4589614740368508
2026_Australian_Grand_Prix_Qualifying,2026,Australian Grand Prix,Qualifying,RUS,12,108.654,30.135999999999996,46.956098664732814,21.8249075215783,24.66091245376079,12.82367447595561,6,9839.690200574894,11944.0,3.963008631319359,42,1.2123456790123457
2026_Australian_Grand_Prix_Qualifying,2026,Australian Grand Prix,Qualifying,RUS,13,78.987,0.4689999999999941,72.9586841081206,60.33898305084746,16.610169491525422,13.898305084745763,7,10797.300164040207,12491.0,5.7322033898305085,32,1.4176570458404074
2026_Australian_Grand_Prix_Qualifying,2026,Australian Grand Prix,Qualifying,RUS,15,108.083,29.564999999999998,52.92230098520283,33.53733170134639,26.682986536107713,13.219094247246021,8,9902.45081731032,12234.0,3.9620563035495717,49,1.2524509803921569
2026_Australian_Grand_Prix_Qualifying,2026,Australian Grand Prix,Qualifying,RUS,18,79.084,0.5660000000000025,74.430545865834,63.682432432432435,14.864864864864865,13.006756756756758,5,10808.12813048836,12296.0,5.724662162162162,33,1.3333333333333333
2026_Australian_Grand_Prix_Qualifying,2026,Australian Grand Prix,Qualifying,RUS,20,102.628,24.11,55.22065225852577,37.22527472527473,19.36813186813187,11.95054945054945,6,10187.984908125432,12241.0,4.1291208791208796,42,1.4277854195323245
2026_Australian_Grand_Prix_Qualifying,2026,Australian Grand Prix,Qualifying,RUS,21,78.518,0.0,74.1844886606795,62.43386243386243,15.520282186948853,12.522045855379188,5,10881.992723759835,12166.0,5.666666666666667,32,1.4681978798586572
2026_Australian_Grand_Prix_Qualifying,2026,Australian Grand Prix,Qualifying,ANT,1,119.979,41.461,50.79138451243607,15.070242656449553,16.85823754789272,14.431673052362706,11,10177.265075415937,11910.0,4.154533844189016,45,1.5756432631885935
2026_Australian_Grand_Prix_Qualifying,2026,Australian Grand Prix,Qualifying,ANT,2,80.12,1.6020000000000039,75.11679777004953,60.423452768729646,12.703583061889251,12.54071661237785,7,10819.261833611405,12506.0,5.659609120521172,33,1.370309951060359
2026_Australian_Grand_Prix_Qualifying,2026,Australian Grand Prix,Qualifying,ANT,3,108.494,29.976,33.57026234335113,4.192355117139334,22.44143033292232,15.782983970406905,9,9747.077497575567,11761.0,4.193588162762023,35,0.8987654320987655
2026_Australian_Grand_Prix_Qualifying,2026,Australian Grand Prix,Qualifying,ANT,4,80.289,1.7710000000000008,72.38035700830872,58.91980360065466,14.729950900163665,11.292962356792144,7,10755.83783928649,12345.0,5.623567921440262,32,1.4360655737704917
2026_Australian_Grand_Prix_Qualifying,2026,Australian Grand Prix,Qualifying,ANT,6,122.055,43.537000000000006,38.84232650744628,5.217391304347826,27.065217391304348,18.369565217391305,14,9247.524312933863,12146.0,3.5847826086956522,47,1.2959738846572362
2026_Australian_Grand_Prix_Qualifying,2026,Australian Grand Prix,Qualifying,ANT,7,79.604,1.0859999999999985,71.67696876100293,57.308970099667775,14.784053156146179,13.455149501661129,7,10902.568987137694,12435.0,5.598006644518272,35,1.4076539101497505
2026_Australian_Grand_Prix_Qualifying,2026,Australian Grand Prix,Qualifying,ANT,9,102.207,23.688999999999993,43.987636610909476,2.4836601307189543,18.30065359477124,14.37908496732026,8,10104.588699495362,12003.0,4.226143790849673,40,1.1361256544502618
2026_Australian_Grand_Prix_Qualifying,2026,Australian Grand Prix,Qualifying,ANT,10,79.435,0.9170000000000016,71.74624648218035,54.653130287648054,13.874788494077833,12.013536379018612,8,10897.073903079741,12045.0,5.641285956006768,33,1.576271186440678
2026_Australian_Grand_Prix_Qualifying,2026,Australian Grand Prix,Qualifying,ANT,12,102.729,24.211,49.78914065737604,11.254851228978008,18.499353169469597,11.772315653298836,7,10055.600329679624,12176.0,4.288486416558862,39,1.2487046632124352
2026_Australian_Grand_Prix_Qualifying,2026,Australian Grand Prix,Qualifying,ANT,16,96.911,18.393,48.11946801170549,2.545968882602546,14.427157001414429,11.032531824611032,7,10495.669379133356,12280.0,4.425742574257426,37,1.2379603399433428
2026_Australian_Grand_Prix_Qualifying,2026,Australian Grand Prix,Qualifying,ANT,17,78.811,0.29300000000000637,74.36800159847952,61.44144144144145,12.612612612612612,13.333333333333334,8,10899.213360314254,12132.0,5.735135135135135,35,1.5126353790613718
2026_Australian_Grand_Prix_Qualifying,2026,Australian Grand Prix,Qualifying,HAD,1,108.799,30.281000000000006,45.226068818208,22.528160200250312,22.40300375469337,15.143929912390488,8,10448.15418437157,12320.0,3.926157697121402,50,1.2524279418546367
2026_Australian_Grand_Prix_Qualifying,2026,Australian Grand Prix,Qualifying,HAD,2,80.445,1.9269999999999925,72.44741182323688,59.831932773109244,16.80672268907563,12.605042016806722,7,10743.507078982984,12238.0,5.966386554621849,44,1.569023569023569
2026_Australian_Grand_Prix_Qualifying,2026,Australian Grand Prix,Qualifying,HAD,4,120.766,42.248000000000005,40.08612347817166,19.428571428571427,29.714285714285715,12.22857142857143,7,9843.1735529106,12641.0,3.577142857142857,40,1.0160183066361557
2026_Australian_Grand_Prix_Qualifying,2026,Australian Grand Prix,Qualifying,HAD,5,80.023,1.5049999999999955,74.12227617419981,62.78688524590164,14.098360655737704,10.655737704918032,9,10806.688846212986,12272.0,5.965573770491804,38,1.4811165845648604
2026_Australian_Grand_Prix_Qualifying,2026,Australian Grand Prix,Qualifying,HAD,7,108.263,29.745000000000005,43.147579145476676,19.202898550724637,23.792270531400966,11.956521739130435,9,10278.213471922241,12173.0,4.07487922705314,43,0.9673518742442564
2026_Australian_Grand_Prix_Qualifying,2026,Australian Grand Prix,Qualifying,HAD,8,79.706,1.1880000000000024,72.29676830454594,58.62646566164153,16.582914572864322,12.562814070351758,7,10786.494328586818,12253.0,6.001675041876047,41,1.49496644295302
2026_Australian_Grand_Prix_Qualifying,2026,Australian Grand Prix,Qualifying,HAD,10,110.017,31.498999999999995,42.86482288802103,19.03030303030303,25.575757575757574,12.848484848484848,8,10106.088745969742,12563.0,4.055757575757576,47,1.2621359223300972
2026_Australian_Grand_Prix_Qualifying,2026,Australian Grand Prix,Qualifying,HAD,11,79.653,1.1350000000000051,73.15477819954263,59.933222036727884,14.357262103505844,10.35058430717863,7,10811.584733057107,12164.0,5.93322203672788,39,1.399665551839465
2026_Australian_Grand_Prix_Qualifying,2026,Australian Grand Prix,Qualifying,HAD,15,79.625,1.1069999999999993,73.7180033694462,62.0,15.333333333333332,10.833333333333334,7,10803.640406988723,12213.0,6.118333333333333,39,1.3789649415692822
2026_Australian_Grand_Prix_Qualifying,2026,Australian Grand Prix,Qualifying,HAD,17,108.88,30.361999999999995,46.84136798699241,25.032258064516128,28.516129032258064,15.096774193548388,10,9907.544030719191,12246.0,4.1329032258064515,49,1.4108527131782946
2026_Australian_Grand_Prix_Qualifying,2026,Australian Grand Prix,Qualifying,HAD,18,79.303,0.7849999999999966,74.03565556939999,62.52158894645942,15.716753022452504,11.57167530224525,6,10799.143163263458,12326.0,6.122625215889465,41,1.434256055363322
2026_Australian_Grand_Prix_Qualifying,2026,Australian Grand Prix,Qualifying,LEC,1,111.48,32.962,53.053435288628336,29.962546816479403,22.47191011235955,19.975031210986266,10,10386.159671751047,12209.0,4.0536828963795255,53,1.4208055555555554
2026_Australian_Grand_Prix_Qualifying,2026,Australian Grand Prix,Qualifying,LEC,2,80.712,2.1940000000000026,73.39207727645258,59.32773109243698,13.949579831932773,11.596638655462185,5,10919.698857141859,12378.0,5.749579831932773,33,1.3080808080808082
2026_Australian_Grand_Prix_Qualifying,2026,Australian Grand Prix,Qualifying,LEC,3,107.918,29.400000000000006,42.26130270657438,17.375,29.375,16.125,7,10471.620487689914,12380.0,4.01,41,0.8986232790988736
2026_Australian_Grand_Prix_Qualifying,2026,Australian Grand Prix,Qualifying,LEC,4,80.226,1.7079999999999984,74.93538857263424,61.461794019933556,13.455149501661129,11.794019933554816,8,10854.042999737949,12061.0,5.79734219269103,35,1.3227953410981697
2026_Australian_Grand_Prix_Qualifying,2026,Australian Grand Prix,Qualifying,LEC,6,113.382,34.864000000000004,59.73784437342403,36.883116883116884,18.441558441558442,16.883116883116884,8,10560.164871709401,12436.0,4.311688311688312,45,1.0585013014304292
2026_Australian_Grand_Prix_Qualifying,2026,Australian Grand Prix,Qualifying,LEC,9,80.088,1.5699999999999932,75.00062500516876,60.13400335008375,12.39530988274707,11.557788944723619,8,10820.780502125672,12205.0,5.840871021775544,34,1.3238255033557047
2026_Australian_Grand_Prix_Qualifying,2026,Australian Grand Prix,Qualifying,LEC,10,106.645,28.126999999999995,42.32935490042047,9.59409594095941,21.40221402214022,17.22017220172202,9,10520.93834863523,12311.0,4.089790897908979,37,0.9889162561576355
2026_Australian_Grand_Prix_Qualifying,2026,Australian Grand Prix,Qualifying,LEC,11,96.464,17.945999999999998,50.46239029769368,24.050632911392405,25.59774964838256,16.17440225035162,8,10690.688496719415,12123.0,4.582278481012659,44,1.3915492957746478
2026_Australian_Grand_Prix_Qualifying,2026,Australian Grand Prix,Qualifying,LEC,12,80.296,1.7780000000000058,75.45397995197953,62.6890756302521,11.932773109243698,11.596638655462185,7,10718.399006090069,12157.0,5.872268907563025,33,1.32996632996633
2026_Australian_Grand_Prix_Qualifying,2026,Australian Grand Prix,Qualifying,LEC,14,95.534,17.016000000000005,64.74966478877941,42.15686274509804,15.826330532212884,15.406162464985995,8,10710.592375467064,12122.0,4.633053221288516,43,1.2496493688639552
2026_Australian_Grand_Prix_Qualifying,2026,Australian Grand Prix,Qualifying,LEC,15,79.357,0.8389999999999986,76.34263654659101,62.10350584307178,10.18363939899833,8.848080133555927,7,10891.060699465774,12201.0,5.831385642737897,35,1.225752508361204
2026_Australian_Grand_Prix_Qualifying,2026,Australian Grand Prix,Qualifying,LEC,17,117.877,39.358999999999995,51.76899688153635,33.10734463276836,24.293785310734464,14.576271186440678,8,9606.255982251672,12124.0,3.7898305084745765,46,1.1527149321266967
2026_Australian_Grand_Prix_Qualifying,2026,Australian Grand Prix,Qualifying,LEC,19,117.137,38.619,59.40461452553309,38.89585947302384,18.444165621079048,18.06775407779172,11,10413.294886082525,12144.0,4.016311166875784,52,1.4048628542713566
2026_Australian_Grand_Prix_Qualifying,2026,Australian Grand Prix,Qualifying,LEC,20,80.244,1.725999999999999,74.5068063057972,60.74918566775245,13.029315960912053,12.214983713355048,7,10773.06960829671,12277.0,5.796416938110749,35,1.3246329526916802
2026_Australian_Grand_Prix_Qualifying,2026,Australian Grand Prix,Qualifying,LEC,22,98.452,19.933999999999997,63.73888035117367,43.01994301994302,13.532763532763534,15.242165242165242,11,10345.453704783984,12161.0,4.448717948717949,39,1.468773183908702
2026_Australian_Grand_Prix_Qualifying,2026,Australian Grand Prix,Qualifying,LEC,23,79.327,0.8089999999999975,76.43919839787445,63.32179930795848,10.380622837370241,10.55363321799308,7,10835.152864018713,12300.0,5.92560553633218,35,1.3310225303292895
2026_Australian_Grand_Prix_Qualifying,2026,Australian Grand Prix,Qualifying,PIA,1,121.546,43.028000000000006,45.01012293035611,28.455284552845526,26.132404181184672,13.704994192799072,7,10129.76997070806,12351.0,4.029036004645761,51,1.1186046511627907
2026_Australian_Grand_Prix_Qualifying,2026,Australian Grand Prix,Qualifying,PIA,2,80.552,2.034000000000006,69.7028590322127,53.26797385620915,18.137254901960784,12.254901960784313,6,10868.54378123013,12347.0,6.117647058823529,41,1.446808510638298
2026_Australian_Grand_Prix_Qualifying,2026,Australian Grand Prix,Qualifying,PIA,3,110.825,32.307,25.20094668334552,0.6172839506172839,28.888888888888886,12.345679012345679,8,10780.042742556881,12466.0,4.101234567901234,38,0.8825710754017305
2026_Australian_Grand_Prix_Qualifying,2026,Australian Grand Prix,Qualifying,PIA,4,105.3,26.781999999999996,41.61453410152509,21.20051085568327,22.47765006385696,13.665389527458494,8,10834.833796758267,12225.0,4.352490421455939,47,1.1675191815856778
2026_Australian_Grand_Prix_Qualifying,2026,Australian Grand Prix,Qualifying,PIA,5,80.272,1.7540000000000049,73.39883132320186,56.550580431177444,15.754560530679933,10.11608623548922,6,10799.624538763474,12302.0,6.288557213930348,38,1.393687707641196
2026_Australian_Grand_Prix_Qualifying,2026,Australian Grand Prix,Qualifying,PIA,8,88.974,10.456000000000003,60.727149325332796,41.506646971935005,20.82717872968981,14.180206794682423,7,10958.878874472999,12481.0,5.361890694239291,46,1.4585798816568047
2026_Australian_Grand_Prix_Qualifying,2026,Australian Grand Prix,Qualifying,PIA,9,79.664,1.1460000000000008,72.46402214080274,55.294117647058826,15.46218487394958,10.420168067226891,6,10953.65421496013,12422.0,6.284033613445378,39,1.3434343434343434
2026_Australian_Grand_Prix_Qualifying,2026,Australian Grand Prix,Qualifying,PIA,11,116.518,38.0,45.977903700017045,31.05022831050228,28.767123287671232,11.529680365296803,6,9659.208153850472,12325.0,3.9771689497716896,41,1.0571428571428572
2026_Australian_Grand_Prix_Qualifying,2026,Australian Grand Prix,Qualifying,PIA,12,104.75,26.232,45.405735476794504,25.72509457755359,23.707440100882724,12.988650693568726,6,10394.712126735938,12096.0,4.510718789407314,44,1.1098484848484849
2026_Australian_Grand_Prix_Qualifying,2026,Australian Grand Prix,Qualifying,PIA,13,79.582,1.063999999999993,71.99727574106223,55.55555555555556,15.488215488215488,12.121212121212121,6,10913.823088816847,12405.0,6.3047138047138045,36,1.3642495784148398
2026_Australian_Grand_Prix_Qualifying,2026,Australian Grand Prix,Qualifying,PIA,15,106.667,28.149,50.147861762572234,32.29036295369212,17.897371714643302,12.640801001251564,6,10279.148401384407,12303.0,4.342928660826033,49,1.117794486215539
2026_Australian_Grand_Prix_Qualifying,2026,Australian Grand Prix,Qualifying,PIA,16,79.525,1.007000000000005,72.10391249034625,54.57627118644067,15.932203389830507,11.186440677966102,5,10927.903615104857,12679.0,6.261016949152542,40,1.3582342954159592
2026_Australian_Grand_Prix_Qualifying,2026,Australian Grand Prix,Qualifying,PIA,19,90.057,11.539000000000001,59.78350894963709,41.49560117302053,19.208211143695014,13.196480938416421,6,10949.775049204514,12266.0,5.32258064516129,45,1.2672540381791484
2026_Australian_Grand_Prix_Qualifying,2026,Australian Grand Prix,Qualifying,PIA,22,80.322,1.804000000000002,69.97469542863193,52.87356321839081,17.4055829228243,13.136288998357964,7,10861.663185328407,12394.0,6.2298850574712645,37,1.3470394736842106
2026_Australian_Grand_Prix_Qualifying,2026,Australian Grand Prix,Qualifying,PIA,24,95.254,16.736000000000004,58.22715492407284,37.62811127379209,17.86237188872621,13.90922401171303,8,11036.748912412868,12346.0,4.8360175695461205,48,1.3401759530791788
2026_Australian_Grand_Prix_Qualifying,2026,Australian Grand Prix,Qualifying,PIA,25,79.38,0.8619999999999948,73.93437849391866,56.22837370242214,13.84083044982699,10.207612456747404,6,10884.604061538199,12458.0,6.271626297577854,35,1.3604852686308493
2026_Australian_Grand_Prix_Qualifying,2026,Australian Grand Prix,Qualifying,NOR,1,126.258,47.739999999999995,41.35700963046195,25.474860335195533,27.48603351955307,12.067039106145252,10,9999.68265757232,12642.0,3.7899441340782123,44,1.128635346756152
2026_Australian_Grand_Prix_Qualifying,2026,Australian Grand Prix,Qualifying,NOR,2,81.232,2.7139999999999986,69.515490849253,56.72131147540984,17.21311475409836,12.950819672131148,7,10808.772817569645,12415.0,6.0950819672131145,37,1.5829228243021347
2026_Australian_Grand_Prix_Qualifying,2026,Australian Grand Prix,Qualifying,NOR,3,109.724,31.206000000000003,28.38396329940006,4.573547589616811,33.25092707045735,11.248454882571075,7,10359.369842804213,12299.0,4.304079110012361,42,0.870049504950495
2026_Australian_Grand_Prix_Qualifying,2026,Australian Grand Prix,Qualifying,NOR,4,97.484,18.965999999999994,41.873957214100095,20.24793388429752,25.895316804407713,8.539944903581267,5,10860.292190763304,12586.0,4.903581267217631,36,0.8289655172413793
2026_Australian_Grand_Prix_Qualifying,2026,Australian Grand Prix,Qualifying,NOR,5,80.448,1.9299999999999926,73.32285827623517,62.207357859531776,15.551839464882944,10.535117056856187,5,10677.29226546095,12813.0,6.280936454849498,37,1.4790619765494137
2026_Australian_Grand_Prix_Qualifying,2026,Australian Grand Prix,Qualifying,NOR,8,95.054,16.536,53.49285399565762,38.05555555555556,26.944444444444443,11.666666666666666,7,10994.02418654661,12589.0,4.898611111111111,43,1.2892906815020861
2026_Australian_Grand_Prix_Qualifying,2026,Australian Grand Prix,Qualifying,NOR,9,92.802,14.284000000000006,41.177552548792946,13.817663817663817,23.78917378917379,9.82905982905983,7,10702.00193434002,12485.0,5.310541310541311,38,1.1041369472182596
2026_Australian_Grand_Prix_Qualifying,2026,Australian Grand Prix,Qualifying,NOR,10,80.01,1.4920000000000044,71.5408505891977,59.7682119205298,17.880794701986755,10.596026490066226,5,10782.15663633002,12282.0,6.274834437086093,34,1.439469320066335
2026_Australian_Grand_Prix_Qualifying,2026,Australian Grand Prix,Qualifying,NOR,12,118.308,39.790000000000006,44.86679727709614,29.832402234636874,31.39664804469274,10.502793296089386,6,9439.79519471255,12291.0,3.958659217877095,45,1.1006711409395973
2026_Australian_Grand_Prix_Qualifying,2026,Australian Grand Prix,Qualifying,NOR,13,98.007,19.489000000000004,52.18415360282207,36.31436314363143,17.344173441734416,11.788617886178862,7,10752.570015328876,12278.0,4.799457994579946,35,1.2578018995929443
2026_Australian_Grand_Prix_Qualifying,2026,Australian Grand Prix,Qualifying,NOR,14,79.882,1.3640000000000043,71.74157888782224,59.900990099009896,16.996699669966997,11.221122112211221,5,10771.723626829613,12283.0,6.221122112211221,40,1.5206611570247934
2026_Australian_Grand_Prix_Qualifying,2026,Australian Grand Prix,Qualifying,NOR,16,111.016,32.498000000000005,43.5014071812123,26.417370325693607,25.5729794933655,12.30398069963812,6,10213.394300122585,12468.0,4.1749095295536796,39,1.0193236714975846
2026_Australian_Grand_Prix_Qualifying,2026,Australian Grand Prix,Qualifying,NOR,17,79.909,1.3910000000000053,72.15175030595863,58.991596638655466,16.30252100840336,11.76470588235294,5,10706.466405737829,12379.0,6.305882352941176,35,1.5404040404040404
2026_Australian_Grand_Prix_Qualifying,2026,Australian Grand Prix,Qualifying,NOR,19,96.255,17.736999999999995,57.04738351352507,35.67493112947658,15.84022038567493,12.672176308539946,6,11066.088389840988,12842.0,4.779614325068871,44,1.354094044689655
2026_Australian_Grand_Prix_Qualifying,2026,Australian Grand Prix,Qualifying,NOR,21,114.507,35.989000000000004,46.32391657716925,27.500000000000004,19.375,11.125,6,10568.519995310477,12530.0,4.20125,42,1.0579161391739673
2026_Australian_Grand_Prix_Qualifying,2026,Australian Grand Prix,Qualifying,NOR,22,79.605,1.0870000000000033,71.30182439596021,59.77011494252874,18.39080459770115,11.001642036124796,5,10787.017433837993,12294.0,6.292282430213465,32,1.394736842105263
2026_Australian_Grand_Prix_Qualifying,2026,Australian Grand Prix,Qualifying,NOR,24,116.603,38.084999999999994,40.34721357910885,21.754807692307693,31.73076923076923,15.264423076923078,14,9805.371299694112,12784.0,3.9639423076923075,50,1.2707581227436824
2026_Australian_Grand_Prix_Qualifying,2026,Australian Grand Prix,Qualifying,NOR,25,79.475,0.9569999999999936,71.8644432292606,59.896729776247845,16.179001721170398,11.015490533562824,5,10817.982589475338,12731.0,6.282271944922547,34,1.6137931034482758
2026_Australian_Grand_Prix_Qualifying,2026,Australian Grand Prix,Qualifying,HAM,1,108.17,29.652,54.866404369944206,25.390625,14.0625,18.619791666666664,10,9740.406244902171,11837.0,4.63671875,36,1.155382753436394
2026_Australian_Grand_Prix_Qualifying,2026,Australian Grand Prix,Qualifying,HAM,2,80.852,2.334000000000003,74.1717189762123,59.15721231766613,13.452188006482983,11.507293354943274,6,10835.513810676519,12214.0,5.753646677471637,37,1.37012987012987
2026_Australian_Grand_Prix_Qualifying,2026,Australian Grand Prix,Qualifying,HAM,3,107.042,28.524,36.81601630633226,3.4526854219948846,20.971867007672635,15.34526854219949,8,9891.806832902581,11403.0,4.474424552429667,32,0.7439180537772087
2026_Australian_Grand_Prix_Qualifying,2026,Australian Grand Prix,Qualifying,HAM,4,94.814,16.295999999999992,55.38299749783006,21.529745042492916,12.464589235127479,16.855524079320112,8,10059.31196588036,11814.0,5.106232294617564,38,1.0723404255319149
2026_Australian_Grand_Prix_Qualifying,2026,Australian Grand Prix,Qualifying,HAM,5,80.421,1.9030000000000058,74.38702213412748,60.3648424543947,14.759535655058043,12.106135986733001,6,10789.323429556289,12092.0,5.791044776119403,36,1.2641196013289036
2026_Australian_Grand_Prix_Qualifying,2026,Australian Grand Prix,Qualifying,HAM,7,119.467,40.949,57.89397660648323,28.903225806451616,11.483870967741936,18.322580645161292,9,10054.408862580234,12150.0,4.52,44,1.2260981912144704
2026_Australian_Grand_Prix_Qualifying,2026,Australian Grand Prix,Qualifying,HAM,8,79.811,1.2930000000000064,74.71309777322897,59.86842105263158,15.296052631578947,10.526315789473683,6,10924.671179130584,12270.0,5.828947368421052,35,1.2471169686985173
2026_Australian_Grand_Prix_Qualifying,2026,Australian Grand Prix,Qualifying,HAM,10,149.731,71.213,36.76034113281759,14.083259521700619,39.14968999114261,13.728963684676703,11,7975.632806349366,12193.0,3.16829052258636,44,0.8138297872340425
2026_Australian_Grand_Prix_Qualifying,2026,Australian Grand Prix,Qualifying,HAM,11,96.101,17.583,54.064445212722205,20.74688796680498,17.15076071922545,19.08713692946058,11,10218.678141621771,11990.0,4.939142461964039,49,1.4362880886426592
2026_Australian_Grand_Prix_Qualifying,2026,Australian Grand Prix,Qualifying,HAM,12,103.821,25.302999999999997,47.41057552121846,12.960609911054638,12.579415501905972,20.838627700127066,15,9764.435801532325,11656.0,4.695044472681067,47,1.4236641221374047
2026_Australian_Grand_Prix_Qualifying,2026,Australian Grand Prix,Qualifying,HAM,14,94.645,16.126999999999995,59.2596675610934,27.015558698727016,12.164073550212164,14.427157001414429,7,10375.391815757086,12052.0,4.916548797736916,39,1.2662889518413598
2026_Australian_Grand_Prix_Qualifying,2026,Australian Grand Prix,Qualifying,HAM,15,79.921,1.4030000000000058,75.39608011633827,60.60606060606061,13.804713804713806,10.774410774410773,7,10890.12194134208,12130.0,5.841750841750842,32,1.3591905564924114
2026_Australian_Grand_Prix_Qualifying,2026,Australian Grand Prix,Qualifying,HAM,16,111.111,32.593,38.71464986503747,3.9239001189060643,15.338882282996433,19.61950059453032,12,9517.969857569027,11899.0,4.37217598097503,37,0.9357142857142857
2026_Australian_Grand_Prix_Qualifying,2026,Australian Grand Prix,Qualifying,HAM,18,117.488,38.97,51.8983872247261,25.47914317925592,15.89627959413754,16.910935738444195,8,9127.66753226133,12356.0,4.084554678692221,40,1.1693002257336342
2026_Australian_Grand_Prix_Qualifying,2026,Australian Grand Prix,Qualifying,HAM,20,116.784,38.266000000000005,47.08824787139916,13.861386138613863,7.797029702970297,12.376237623762377,9,9750.683428815566,12076.0,4.362623762376238,37,1.0940166401132945
2026_Australian_Grand_Prix_Qualifying,2026,Australian Grand Prix,Qualifying,HAM,21,80.423,1.9050000000000011,75.80662906239074,60.45380875202593,12.641815235008103,12.317666126418152,8,10836.477783149181,12426.0,5.8476499189627225,34,1.4074675324675325
2026_Australian_Grand_Prix_Qualifying,2026,Australian Grand Prix,Qualifying,HAM,23,120.661,42.143,48.68067689571641,25.990675990675992,23.426573426573427,13.51981351981352,11,8827.266593396205,12247.0,3.8461538461538463,38,1.0303383897316218
2026_Australian_Grand_Prix_Qualifying,2026,Australian Grand Prix,Qualifying,HAM,24,79.478,0.9599999999999937,75.74801156227558,60.273972602739725,13.184931506849315,11.301369863013697,7,10958.850000021415,12344.0,5.835616438356165,36,1.41852487135506
2026_Australian_Grand_Prix_Qualifying,2026,Australian Grand Prix,Qualifying,LAW,1,134.069,55.55099999999999,50.44376364931614,23.279816513761467,25.688073394495415,12.5,8,9403.759124903789,12303.0,4.10091743119266,36,1.1549942594718714
2026_Australian_Grand_Prix_Qualifying,2026,Australian Grand Prix,Qualifying,LAW,2,81.3,2.7819999999999965,74.75009526505707,58.98692810457516,16.33986928104575,15.032679738562091,7,11056.38384268342,12271.0,5.676470588235294,34,1.4369885433715222
2026_Australian_Grand_Prix_Qualifying,2026,Australian Grand Prix,Qualifying,LAW,3,106.129,27.611000000000004,45.97921431691445,1.913265306122449,19.77040816326531,11.35204081632653,6,10376.76943150404,12070.0,4.363520408163265,30,1.0217113665389528
2026_Australian_Grand_Prix_Qualifying,2026,Australian Grand Prix,Qualifying,LAW,4,106.121,27.602999999999994,49.91512016241312,4.391468005018821,19.32245922208281,15.181932245922209,10,10208.1414927946,12067.0,4.262233375156838,35,1.1595477386934674
2026_Australian_Grand_Prix_Qualifying,2026,Australian Grand Prix,Qualifying,LAW,7,80.599,2.081000000000003,76.03866722361403,61.904761904761905,16.25615763546798,15.10673234811166,10,11143.543424332891,12366.0,5.715927750410509,36,1.419407894736842
2026_Australian_Grand_Prix_Qualifying,2026,Australian Grand Prix,Qualifying,LAW,8,107.504,28.986000000000004,48.35830622639001,9.789343246592317,17.59603469640644,14.622057001239158,9,10537.426459543532,12096.0,4.178438661710037,35,1.2568238213399503
2026_Australian_Grand_Prix_Qualifying,2026,Australian Grand Prix,Qualifying,LAW,9,80.491,1.972999999999999,75.98138068145771,61.111111111111114,14.54248366013072,12.581699346405228,7,11114.092891624678,12440.0,5.6911764705882355,32,1.3355155482815058
2026_Australian_Grand_Prix_Qualifying,2026,Australian Grand Prix,Qualifying,LAW,11,131.095,52.577,42.99649341908387,18.578680203045685,35.93908629441624,10.862944162436548,8,8867.045766232515,12201.0,3.480203045685279,44,1.0731707317073171
2026_Australian_Grand_Prix_Qualifying,2026,Australian Grand Prix,Qualifying,LAW,12,93.699,15.180999999999997,57.58617501323331,14.325842696629213,19.382022471910112,15.870786516853933,9,10548.766408284471,12464.0,4.991573033707865,37,1.2559774964838255
2026_Australian_Grand_Prix_Qualifying,2026,Australian Grand Prix,Qualifying,LAW,13,80.144,1.6260000000000048,76.12829129911245,64.03940886699507,14.77832512315271,12.31527093596059,6,11091.334339603723,12527.0,5.773399014778325,36,1.3601973684210527
2026_Australian_Grand_Prix_Qualifying,2026,Australian Grand Prix,Qualifying,LAW,15,115.672,37.153999999999996,49.6249678219887,13.956170703575548,25.259515570934255,13.033448673587081,8,9448.70585565529,12164.0,3.9434832756632066,41,1.1073903002309469
2026_Australian_Grand_Prix_Qualifying,2026,Australian Grand Prix,Qualifying,LAW,16,103.621,25.102999999999994,50.2390078273133,2.8205128205128207,18.205128205128204,13.717948717948719,8,10220.901823672346,11965.0,4.438461538461539,36,1.170731707317073
2026_Australian_Grand_Prix_Qualifying,2026,Australian Grand Prix,Qualifying,LAW,17,80.211,1.6929999999999978,75.47635797200256,59.432387312186975,14.190317195325541,13.689482470784641,7,11061.126199853754,12545.0,5.774624373956594,31,1.5752508361204014
2026_Australian_Grand_Prix_Qualifying,2026,Australian Grand Prix,Qualifying,LAW,21,106.604,28.086,54.19096951063645,0.13605442176870747,18.639455782312925,14.421768707482993,8,10336.521150932958,12022.0,4.428571428571429,39,1.390315363388655
2026_Australian_Grand_Prix_Qualifying,2026,Australian Grand Prix,Qualifying,LAW,22,93.454,14.935999999999993,58.096518157336284,7.703703703703704,18.962962962962962,15.555555555555555,8,10648.548493208189,12187.0,4.914074074074074,40,1.5771176131642837
2026_Australian_Grand_Prix_Qualifying,2026,Australian Grand Prix,Qualifying,LAW,23,79.994,1.475999999999999,76.19799328323224,62.11072664359861,15.22491349480969,14.53287197231834,7,11086.126397223541,12497.0,5.717993079584775,31,1.48526863084922
2026_Australian_Grand_Prix_Qualifying,2026,Australian Grand Prix,Qualifying,LIN,1,132.239,53.721000000000004,48.96850201652067,24.80270574971815,22.998872604284102,8.229988726042842,4,9471.575519599832,12185.0,3.9334836527621193,34,1.0169300225733635
2026_Australian_Grand_Prix_Qualifying,2026,Australian Grand Prix,Qualifying,LIN,2,81.008,2.489999999999995,75.79072355335089,62.35679214402619,14.075286415711949,13.2569558101473,6,10833.81537408057,12143.0,5.788870703764321,35,1.3459016393442622
2026_Australian_Grand_Prix_Qualifying,2026,Australian Grand Prix,Qualifying,LIN,3,106.451,27.932999999999993,44.79391466450907,1.643489254108723,23.767383059418457,12.515802781289507,7,10417.485535555616,12569.0,4.299620733249052,32,0.730379746835443
2026_Australian_Grand_Prix_Qualifying,2026,Australian Grand Prix,Qualifying,LIN,4,105.85,27.331999999999994,49.532149623306886,4.166666666666666,19.570707070707073,11.868686868686869,7,10406.795593465624,12502.0,4.233585858585859,28,1.0151706700379266
2026_Australian_Grand_Prix_Qualifying,2026,Australian Grand Prix,Qualifying,LIN,5,80.409,1.8910000000000053,76.6677046416653,63.389830508474574,13.728813559322035,12.372881355932204,6,10875.634536969439,12408.0,5.8474576271186445,30,1.3616298811544991
2026_Australian_Grand_Prix_Qualifying,2026,Australian Grand Prix,Qualifying,LIN,8,81.113,2.594999999999999,75.2129481350288,59.77198697068404,13.192182410423452,12.37785016286645,6,10885.261669342139,12335.0,5.767100977198697,36,1.6035889070146818
2026_Australian_Grand_Prix_Qualifying,2026,Australian Grand Prix,Qualifying,LIN,9,102.796,24.278000000000006,48.850877878339965,7.642487046632124,20.854922279792746,11.78756476683938,7,10367.347540457373,12472.0,4.490932642487047,34,0.9481193255512321
2026_Australian_Grand_Prix_Qualifying,2026,Australian Grand Prix,Qualifying,LIN,10,80.436,1.9180000000000064,76.43063071003411,62.19312602291326,12.92962356792144,11.947626841243862,6,10824.488279222924,12339.0,5.878887070376432,35,1.301639344262295
2026_Australian_Grand_Prix_Qualifying,2026,Australian Grand Prix,Qualifying,LIN,12,127.991,49.473,45.18594927913178,25.960539979231566,36.033229491173415,8.618899273104882,5,8692.656255609547,12159.0,3.755970924195223,35,0.8918918918918919
2026_Australian_Grand_Prix_Qualifying,2026,Australian Grand Prix,Qualifying,LIN,13,93.949,15.430999999999997,57.891844886753184,16.033755274261605,21.237693389592124,9.985935302390999,5,10495.311727833885,12152.0,5.063291139240507,32,1.0422535211267605
2026_Australian_Grand_Prix_Qualifying,2026,Australian Grand Prix,Qualifying,LIN,14,79.971,1.453000000000003,78.19311961420698,65.06622516556291,11.42384105960265,11.42384105960265,6,10962.27448146671,12245.0,5.821192052980132,31,1.296849087893864
2026_Australian_Grand_Prix_Qualifying,2026,Australian Grand Prix,Qualifying,LIN,16,125.736,47.218,45.52488129942649,23.435843054082714,30.3287380699894,13.149522799575822,8,9169.446164565483,12140.0,3.6595970307529164,38,0.9745222929936306
2026_Australian_Grand_Prix_Qualifying,2026,Australian Grand Prix,Qualifying,LIN,17,102.469,23.950999999999993,51.716111501134364,16.041397153945667,21.345407503234153,10.866752910737388,8,10007.059396714716,12257.0,4.627425614489004,32,1.2266839378238341
2026_Australian_Grand_Prix_Qualifying,2026,Australian Grand Prix,Qualifying,LIN,18,81.3,2.7819999999999965,74.61825261172042,61.20401337792642,14.88294314381271,13.210702341137123,6,10949.7166234639,12494.0,5.750836120401337,34,1.2981574539363485
2026_Australian_Grand_Prix_Qualifying,2026,Australian Grand Prix,Qualifying,LIN,22,102.274,23.756,56.90413060669348,31.043956043956044,22.39010989010989,11.401098901098901,5,10328.632020885996,11798.0,4.541208791208791,36,1.1943173986244842
2026_Australian_Grand_Prix_Qualifying,2026,Australian Grand Prix,Qualifying,LIN,23,92.972,14.453999999999994,58.37230556027952,12.480974124809741,17.960426179604262,9.28462709284627,5,10568.548666959494,11929.0,5.080669710806697,32,1.3109756097560976
2026_Australian_Grand_Prix_Qualifying,2026,Australian Grand Prix,Qualifying,LIN,24,81.247,2.728999999999999,77.80019947686915,65.15912897822446,12.897822445561138,12.39530988274707,6,10660.394180949508,12081.0,6.016750418760469,39,1.2651006711409396
2026_Australian_Grand_Prix_Qualifying,2026,Australian Grand Prix,Qualifying,BOR,1,121.211,42.693,58.256972501968285,40.49079754601227,19.141104294478527,17.05521472392638,11,10015.149202044036,12364.0,3.932515337423313,38,1.2518427518427517
2026_Australian_Grand_Prix_Qualifying,2026,Australian Grand Prix,Qualifying,BOR,2,90.971,12.453000000000003,69.9513848270584,51.14942528735632,15.086206896551724,16.091954022988507,11,10496.98445455184,12183.0,4.873563218390805,31,1.4143884892086331
2026_Australian_Grand_Prix_Qualifying,2026,Australian Grand Prix,Qualifying,BOR,3,80.495,1.9770000000000039,77.6698700189071,61.53846153846154,12.274959083469723,13.747954173486088,7,10859.079442659811,12348.0,5.432078559738134,35,1.3934426229508197
2026_Australian_Grand_Prix_Qualifying,2026,Australian Grand Prix,Qualifying,BOR,4,116.178,37.66,40.82562870404465,8.618654073199528,22.195985832349468,14.757969303423849,9,10043.435104552053,12082.0,3.811097992916175,36,1.41371158392435
2026_Australian_Grand_Prix_Qualifying,2026,Australian Grand Prix,Qualifying,BOR,5,80.747,2.228999999999999,76.88741832142125,60.3648424543947,12.769485903814262,12.603648424543948,6,10861.290063412293,12372.0,5.401326699834162,35,1.4069767441860466
2026_Australian_Grand_Prix_Qualifying,2026,Australian Grand Prix,Qualifying,BOR,7,121.357,42.839,54.46818679639146,33.48837209302326,23.372093023255815,20.813953488372093,12,9987.90489265596,11994.0,3.772093023255814,41,1.3247962747380675
2026_Australian_Grand_Prix_Qualifying,2026,Australian Grand Prix,Qualifying,BOR,8,96.52,18.001999999999995,64.39703972766523,44.03292181069959,19.89026063100137,17.969821673525377,10,10423.052561589244,12414.0,4.537722908093278,37,1.4519230769230769
2026_Australian_Grand_Prix_Qualifying,2026,Australian Grand Prix,Qualifying,BOR,9,80.374,1.8559999999999945,78.82694342056018,64.09395973154362,13.25503355704698,12.919463087248323,6,10781.650028443131,12217.0,5.528523489932886,37,1.3260504201680672
2026_Australian_Grand_Prix_Qualifying,2026,Australian Grand Prix,Qualifying,BOR,11,104.231,25.712999999999994,61.799800107926316,44.1025641025641,21.025641025641026,14.743589743589745,8,9978.15614232575,12139.0,4.256410256410256,33,1.3080872913992299
2026_Australian_Grand_Prix_Qualifying,2026,Australian Grand Prix,Qualifying,BOR,12,99.431,20.912999999999997,61.36148647780311,38.337801608579085,19.302949061662197,16.890080428954423,10,10447.64928346581,11955.0,4.359249329758713,43,1.538255033557047
2026_Australian_Grand_Prix_Qualifying,2026,Australian Grand Prix,Qualifying,BOR,13,80.221,1.703000000000003,78.45554377720114,62.02321724709784,11.940298507462686,12.106135986733001,6,10750.792842419953,12433.0,5.5688225538971805,33,1.388704318936877
2026_Australian_Grand_Prix_Qualifying,2026,Australian Grand Prix,Qualifying,BOR,14,95.536,17.018,40.819016485690064,8.226950354609928,18.865248226950353,11.063829787234042,5,8217.516974161825,11946.0,3.6794326241134754,39,1.6917021787878788
2026_Australian_Grand_Prix_Qualifying,2026,Australian Grand Prix,Qualifying,HUL,2,96.136,17.617999999999995,58.76319664357447,32.24932249322493,21.138211382113823,16.802168021680217,7,10278.37217143807,12028.0,4.638211382113822,42,1.294436906377205
2026_Australian_Grand_Prix_Qualifying,2026,Australian Grand Prix,Qualifying,HUL,3,81.232,2.7139999999999986,76.51993498311204,59.375,13.322368421052634,13.651315789473683,7,10642.753731403202,12074.0,5.524671052631579,34,1.457990115321252
2026_Australian_Grand_Prix_Qualifying,2026,Australian Grand Prix,Qualifying,HUL,4,111.916,33.397999999999996,38.129275812837086,2.6537997587454765,25.45235223160434,13.751507840772014,6,9755.386708538674,11820.0,4.071170084439083,31,0.8780193236714976
2026_Australian_Grand_Prix_Qualifying,2026,Australian Grand Prix,Qualifying,HUL,5,81.088,2.569999999999993,78.31032082544769,62.541254125412536,10.561056105610561,12.541254125412541,6,10642.548236255943,12316.0,5.52970297029703,35,1.4446280991735536
2026_Australian_Grand_Prix_Qualifying,2026,Australian Grand Prix,Qualifying,HUL,7,107.391,28.873000000000005,62.133678129178534,36.33986928104575,17.124183006535947,14.901960784313726,6,10274.587624510983,12987.0,4.317647058823529,39,1.193717277486911
2026_Australian_Grand_Prix_Qualifying,2026,Australian Grand Prix,Qualifying,HUL,8,81.024,2.5060000000000002,79.49364795362305,64.22764227642277,10.894308943089431,12.357723577235772,6,10901.426609097507,12203.0,5.408130081300813,33,1.5521172638436482
2026_Australian_Grand_Prix_Qualifying,2026,Australian Grand Prix,Qualifying,HUL,9,114.052,35.534000000000006,37.14764391042356,1.1655011655011656,24.00932400932401,13.170163170163171,8,9850.722710555936,11979.0,3.9475524475524475,26,1.0280046674445742
2026_Australian_Grand_Prix_Qualifying,2026,Australian Grand Prix,Qualifying,HUL,11,131.575,53.05699999999999,44.734337613854024,21.616161616161616,30.0,16.86868686868687,11,8843.797995826546,12003.0,3.595959595959596,41,0.9292214357937311
2026_Australian_Grand_Prix_Qualifying,2026,Australian Grand Prix,Qualifying,HUL,12,81.191,2.673000000000002,78.07357802705053,62.68174474959613,12.439418416801292,13.08562197092084,7,10587.45991127455,12109.0,5.5476575121163165,35,1.4660194174757282
2026_Australian_Grand_Prix_Qualifying,2026,Australian Grand Prix,Qualifying,HUL,14,108.237,29.718999999999994,62.431551486408466,35.57457212713936,16.381418092909534,12.224938875305623,6,9577.691262185192,12477.0,4.139364303178484,40,1.482478579779682
2026_Australian_Grand_Prix_Qualifying,2026,Australian Grand Prix,Qualifying,HUL,15,80.303,1.7849999999999966,78.96152734220097,64.39267886855241,11.148086522462561,13.311148086522461,7,10602.005491605323,12170.0,5.580698835274543,30,1.33
2026_Australian_Grand_Prix_Qualifying,2026,Australian Grand Prix,Qualifying,HUL,16,117.291,38.772999999999996,37.55601250555905,10.204081632653061,28.91156462585034,13.718820861678005,8,9735.179288779269,12300.0,3.7823129251700682,37,1.0124858115777526
2026_Australian_Grand_Prix_Qualifying,2026,Australian Grand Prix,Qualifying,HUL,17,82.86,4.341999999999999,74.32219816703218,54.78119935170178,12.479740680713128,13.614262560777956,8,10352.306759439794,12342.0,5.567260940032415,32,1.4890340841558443
2026_Australian_Grand_Prix_Qualifying,2026,Australian Grand Prix,Qualifying,BEA,2,81.408,2.8900000000000006,73.61335454508038,57.92,15.52,13.28,8,10941.550947675762,12134.0,5.6112,36,1.2868589743589745
2026_Australian_Grand_Prix_Qualifying,2026,Australian Grand Prix,Qualifying,BEA,3,112.229,33.711,48.442008858395745,23.361144219308702,24.791418355184742,21.93087008343266,7,9929.495888739271,12210.0,3.9463647199046483,46,0.815035799522673
2026_Australian_Grand_Prix_Qualifying,2026,Australian Grand Prix,Qualifying,BEA,4,81.247,2.728999999999999,73.40335417670434,59.96649916247906,15.242881072026801,12.73031825795645,6,10952.789888502328,12073.0,5.700167504187605,30,1.3238255033557047
2026_Australian_Grand_Prix_Qualifying,2026,Australian Grand Prix,Qualifying,BEA,6,108.796,30.278000000000006,58.53690295752582,36.38644918444165,14.429109159347552,13.42534504391468,8,10389.810528994027,12514.0,4.189460476787954,41,1.0917085427135678
2026_Australian_Grand_Prix_Qualifying,2026,Australian Grand Prix,Qualifying,BEA,7,81.44,2.921999999999997,72.70337031347441,56.26016260162602,15.447154471544716,13.170731707317074,8,10929.405454568894,12269.0,5.668292682926829,31,1.3876221498371335
2026_Australian_Grand_Prix_Qualifying,2026,Australian Grand Prix,Qualifying,BEA,8,114.698,36.17999999999999,45.506146262567334,18.171296296296298,20.833333333333336,20.60185185185185,9,10397.549950524997,12395.0,3.6145833333333335,46,0.7925840092699884
2026_Australian_Grand_Prix_Qualifying,2026,Australian Grand Prix,Qualifying,BEA,9,81.389,2.870999999999995,72.99041007647372,58.15831987075929,16.15508885298869,14.539579967689823,7,10925.308399654856,12156.0,5.636510500807755,36,1.2831715210355987
2026_Australian_Grand_Prix_Qualifying,2026,Australian Grand Prix,Qualifying,BEA,11,112.695,34.17699999999999,53.63444549416987,32.08868144690782,13.768961493582262,13.53558926487748,8,9738.810072809005,12440.0,3.8984830805134187,39,1.0210280373831775
2026_Australian_Grand_Prix_Qualifying,2026,Australian Grand Prix,Qualifying,BEA,12,96.718,18.200000000000003,62.303692752161375,41.369863013698634,16.84931506849315,17.671232876712327,10,10817.730404173368,12044.0,4.52054794520548,48,1.0809327846364882
2026_Australian_Grand_Prix_Qualifying,2026,Australian Grand Prix,Qualifying,BEA,13,80.655,2.1370000000000005,73.81485029145466,59.12052117263844,14.332247557003258,12.37785016286645,8,10971.2124441291,12171.0,5.628664495114006,34,1.234910277324633
2026_Australian_Grand_Prix_Qualifying,2026,Australian Grand Prix,Qualifying,BEA,15,107.954,29.435999999999993,55.38950850602319,31.683168316831683,19.43069306930693,14.480198019801978,7,9763.657261777074,12145.0,4.139851485148514,42,0.919454770755886
2026_Australian_Grand_Prix_Qualifying,2026,Australian Grand Prix,Qualifying,BEA,16,93.636,15.117999999999995,62.51429994269796,39.229671897289585,16.833095577746075,18.40228245363766,9,10663.050906826445,12165.0,4.845934379457917,44,1.0214285714285714
2026_Australian_Grand_Prix_Qualifying,2026,Australian Grand Prix,Qualifying,BEA,17,80.311,1.7930000000000064,75.68981438447301,62.23316912972086,15.10673234811166,11.658456486042693,6,10992.262804891756,12188.0,5.729064039408867,35,1.2713815789473684
2026_Australian_Grand_Prix_Qualifying,2026,Australian Grand Prix,Qualifying,OCO,2,81.818,3.299999999999997,75.24999750313496,59.587955625990496,12.678288431061807,14.896988906497624,12,10678.323659749516,11955.0,5.792393026941363,37,1.2142857142857142
2026_Australian_Grand_Prix_Qualifying,2026,Australian Grand Prix,Qualifying,OCO,3,111.972,33.45399999999999,45.02492968656676,11.282660332541568,16.270783847980997,17.339667458432302,14,9891.593097057212,12115.0,4.068883610451306,40,1.0713436385255648
2026_Australian_Grand_Prix_Qualifying,2026,Australian Grand Prix,Qualifying,OCO,4,81.264,2.745999999999995,76.81961199628742,60.94276094276094,11.616161616161616,14.47811447811448,9,10810.953937432932,12127.0,5.742424242424242,36,1.3069139966273187
2026_Australian_Grand_Prix_Qualifying,2026,Australian Grand Prix,Qualifying,OCO,6,116.745,38.227000000000004,60.29584364126035,37.86057692307692,10.096153846153847,13.100961538461538,11,9945.20719875327,12119.0,4.097355769230769,36,1.1234757339751305
2026_Australian_Grand_Prix_Qualifying,2026,Australian Grand Prix,Qualifying,OCO,7,80.759,2.2409999999999997,76.36780129614206,63.114754098360656,12.295081967213115,12.459016393442624,7,10828.643695823772,12010.0,5.673770491803278,38,1.3169129720853858
2026_Australian_Grand_Prix_Qualifying,2026,Australian Grand Prix,Qualifying,OCO,8,110.647,32.129000000000005,44.8126153239444,12.379807692307693,16.105769230769234,13.822115384615385,13,9989.219841744547,11877.0,4.125,33,0.9338146811070999
2026_Australian_Grand_Prix_Qualifying,2026,Australian Grand Prix,Qualifying,OCO,9,80.868,2.3499999999999943,72.91745707969834,57.3051948051948,14.285714285714285,12.987012987012985,8,10815.665212638698,12207.0,5.7646103896103895,32,1.4829268292682927
2026_Australian_Grand_Prix_Qualifying,2026,Australian Grand Prix,Qualifying,OCO,12,92.579,14.060999999999993,63.928100772660635,41.99134199134199,14.574314574314574,15.584415584415584,8,10441.125834509723,11857.0,4.9437229437229435,32,1.1271676300578035
2026_Australian_Grand_Prix_Qualifying,2026,Australian Grand Prix,Qualifying,OCO,13,80.491,1.972999999999999,75.00240819009767,61.274509803921575,13.88888888888889,14.215686274509803,9,10782.982375251358,12285.0,5.782679738562091,36,1.2831423895253682
2026_Australian_Grand_Prix_Qualifying,2026,Australian Grand Prix,Qualifying,OCO,15,107.295,28.777,59.60467952007633,35.723114956736715,12.855377008652658,14.833127317676142,9,9923.417891948404,11853.0,4.170580964153276,39,1.1235904862486248
2026_Australian_Grand_Prix_Qualifying,2026,Australian Grand Prix,Qualifying,OCO,16,94.452,15.933999999999997,67.19489812741091,44.44444444444444,10.541310541310542,14.814814814814813,10,10553.041920287353,11885.0,4.769230769230769,32,1.1112696148359487
2026_Australian_Grand_Prix_Qualifying,2026,Australian Grand Prix,Qualifying,OCO,17,81.069,2.551000000000002,76.77815703576908,61.563517915309454,11.400651465798045,11.237785016286644,6,10822.75091690216,11978.0,5.728013029315961,36,1.2120717781402937
2026_Australian_Grand_Prix_Qualifying,2026,Australian Grand Prix,Qualifying,GAS,1,124.879,46.361000000000004,54.60282121520974,33.64817001180638,14.285714285714285,12.160566706021251,8,10368.725090099653,12756.0,3.4628099173553717,34,1.2234042553191489
2026_Australian_Grand_Prix_Qualifying,2026,Australian Grand Prix,Qualifying,GAS,2,82.674,4.156000000000006,74.40464816888749,58.82352941176471,13.672496025437203,14.467408585055644,8,11017.432347325883,12738.0,5.259141494435612,39,1.5684713375796178
2026_Australian_Grand_Prix_Qualifying,2026,Australian Grand Prix,Qualifying,GAS,3,110.024,31.506,43.974254643395255,6.097560975609756,21.70731707317073,17.926829268292682,7,10538.663979612676,12295.0,3.6902439024390246,42,1.121819291037851
2026_Australian_Grand_Prix_Qualifying,2026,Australian Grand Prix,Qualifying,GAS,4,106.418,27.900000000000006,50.602883268838085,20.68095838587642,18.15889029003783,16.897856242118536,6,10638.218078049422,12168.0,3.6633039092055486,46,1.0179671725252526
2026_Australian_Grand_Prix_Qualifying,2026,Australian Grand Prix,Qualifying,GAS,5,81.431,2.9129999999999967,76.26594977732567,61.74496644295302,13.087248322147651,13.087248322147651,6,10910.171133509615,12506.0,5.464765100671141,37,1.4991596638655462
2026_Australian_Grand_Prix_Qualifying,2026,Australian Grand Prix,Qualifying,GAS,7,111.756,33.238,57.182113597630064,37.48473748473749,16.971916971916972,17.826617826617827,8,10322.114684603452,12610.0,3.6275946275946276,34,0.9169621030806847
2026_Australian_Grand_Prix_Qualifying,2026,Australian Grand Prix,Qualifying,GAS,8,97.775,19.257000000000005,60.63469927067866,36.82795698924731,16.263440860215052,15.32258064516129,7,10849.866051863452,12765.0,4.131720430107527,42,1.135935397039031
2026_Australian_Grand_Prix_Qualifying,2026,Australian Grand Prix,Qualifying,GAS,9,81.138,2.6200000000000045,74.63048837081078,60.60606060606061,14.354066985645932,12.918660287081341,6,10924.834966875764,12458.0,5.451355661881978,32,1.6182108626198084
2026_Australian_Grand_Prix_Qualifying,2026,Australian Grand Prix,Qualifying,GAS,11,130.732,52.214,46.04914197337197,29.183673469387756,31.020408163265305,10.918367346938776,6,9036.476178227513,12661.0,3.326530612244898,33,1.0541368743615935
2026_Australian_Grand_Prix_Qualifying,2026,Australian Grand Prix,Qualifying,GAS,12,95.754,17.236000000000004,64.38527499828255,43.484224965706446,16.598079561042525,15.22633744855967,6,10770.788720026898,12547.0,4.352537722908093,41,1.2087912087912087
2026_Australian_Grand_Prix_Qualifying,2026,Australian Grand Prix,Qualifying,GAS,13,80.501,1.983000000000004,73.94824937001289,61.65289256198348,14.545454545454545,14.214876033057852,10,10947.335129675272,12596.0,5.55702479338843,29,1.7102649006622517
2026_Australian_Grand_Prix_Qualifying,2026,Australian Grand Prix,Qualifying,GAS,15,107.314,28.795999999999992,56.73042808030766,35.43990086741016,17.59603469640644,14.49814126394052,7,10649.599625315594,12944.0,3.600991325898389,39,1.2245657568238213
2026_Australian_Grand_Prix_Qualifying,2026,Australian Grand Prix,Qualifying,GAS,16,107.186,28.668000000000006,53.913107477390945,33.16770186335404,16.39751552795031,13.91304347826087,7,10643.67608570898,12683.0,3.649689440993789,41,1.2300995024875623
2026_Australian_Grand_Prix_Qualifying,2026,Australian Grand Prix,Qualifying,GAS,17,80.826,2.3079999999999927,74.33645290051854,61.602671118530886,15.191986644407345,13.35559265442404,6,10934.400186797193,12937.0,5.549248747913189,32,1.5635451505016722
2026_Australian_Grand_Prix_Qualifying,2026,Australian Grand Prix,Qualifying,ALB,2,81.802,3.284000000000006,71.05638644806061,53.66242038216561,17.67515923566879,14.64968152866242,7,10751.45700912259,12058.0,5.525477707006369,36,1.3014354066985645
2026_Australian_Grand_Prix_Qualifying,2026,Australian Grand Prix,Qualifying,ALB,3,114.904,36.385999999999996,38.8053523741296,4.794520547945205,21.461187214611872,18.036529680365295,12,10404.479524170245,11859.0,3.4748858447488584,39,0.9382857142857143
2026_Australian_Grand_Prix_Qualifying,2026,Australian Grand Prix,Qualifying,ALB,4,82.223,3.7049999999999983,69.73451129224678,49.0,18.5,15.0,8,10683.262882494773,11765.0,5.475,40,1.5642737896494157
2026_Australian_Grand_Prix_Qualifying,2026,Australian Grand Prix,Qualifying,ALB,7,113.099,34.581,55.108412159165844,27.93017456359102,22.194513715710723,15.46134663341646,8,10259.54021237725,11905.0,3.938902743142145,46,1.1997503121098627
2026_Australian_Grand_Prix_Qualifying,2026,Australian Grand Prix,Qualifying,ALB,8,81.481,2.962999999999994,70.37463238732741,51.774193548387096,19.67741935483871,16.129032258064516,7,10785.0685015251,12096.0,5.567741935483871,31,1.3651050080775444
2026_Australian_Grand_Prix_Qualifying,2026,Australian Grand Prix,Qualifying,ALB,9,112.886,34.367999999999995,39.96544617655253,5.0588235294117645,21.41176470588235,17.294117647058822,7,10396.705369789142,11969.0,3.531764705882353,44,0.8421672555948174
2026_Australian_Grand_Prix_Qualifying,2026,Australian Grand Prix,Qualifying,ALB,10,81.051,2.5330000000000013,72.68539790708304,53.73376623376623,16.233766233766232,13.474025974025974,7,10819.14477790221,12233.0,5.508116883116883,36,1.3788617886178862
2026_Australian_Grand_Prix_Qualifying,2026,Australian Grand Prix,Qualifying,ALB,12,116.823,38.30499999999999,48.15906332111412,25.98870056497175,27.45762711864407,12.429378531073446,7,9347.4950275935,11906.0,3.625988700564972,43,1.0972850678733033
2026_Australian_Grand_Prix_Qualifying,2026,Australian Grand Prix,Qualifying,ALB,13,81.975,3.4569999999999936,69.49341668948824,49.59612277867528,18.901453957996768,17.77059773828756,7,10839.948995890923,12125.0,5.413570274636511,36,1.3511326860841424
2026_Australian_Grand_Prix_Qualifying,2026,Australian Grand Prix,Qualifying,ALB,14,119.3,40.782,37.23531637392249,1.6556291390728477,32.22958057395143,24.834437086092713,15,9885.836254256654,11904.0,3.4293598233995586,43,1.0584198902099446
2026_Australian_Grand_Prix_Qualifying,2026,Australian Grand Prix,Qualifying,ALB,15,99.026,20.507999999999996,58.09660431270783,28.53185595567867,17.590027700831026,14.542936288088642,7,10691.067768765588,12041.0,4.200831024930748,42,1.1277808590291263
2026_Australian_Grand_Prix_Qualifying,2026,Australian Grand Prix,Qualifying,ALB,16,80.941,2.423000000000002,70.77810670501046,52.700490998363335,19.476268412438625,13.420621931260229,7,10788.763365673005,12290.0,5.571194762684124,34,1.4032786885245903
2026_Australian_Grand_Prix_Qualifying,2026,Australian Grand Prix,Qualifying,ALB,18,103.318,24.799999999999997,55.6507041392891,26.49350649350649,16.883116883116884,15.324675324675324,7,10737.108613933533,12218.0,3.9064935064935065,41,1.0156046814044213
2026_Australian_Grand_Prix_Qualifying,2026,Australian Grand Prix,Qualifying,COL,1,121.668,43.150000000000006,52.26331527737515,29.336437718277065,20.13969732246799,12.107101280558789,10,9544.603400321395,12358.0,3.7857974388824216,33,1.4603729603729603
2026_Australian_Grand_Prix_Qualifying,2026,Australian Grand Prix,Qualifying,COL,2,83.393,4.875,69.85250336103628,53.00632911392405,15.50632911392405,14.715189873417723,9,10771.028118355507,12559.0,5.35126582278481,44,1.6973058637083993
2026_Australian_Grand_Prix_Qualifying,2026,Australian Grand Prix,Qualifying,COL,3,111.55,33.032,40.90958911966847,16.009557945041816,29.868578255675033,15.412186379928317,9,10146.700188726752,12125.0,3.8410991636798086,44,1.2030253205741626
2026_Australian_Grand_Prix_Qualifying,2026,Australian Grand Prix,Qualifying,COL,4,108.667,30.149,49.33279232266252,16.75,20.375,15.875,10,10454.887790321158,12053.0,3.7925,48,1.6561587384230287
2026_Australian_Grand_Prix_Qualifying,2026,Australian Grand Prix,Qualifying,COL,5,82.247,3.728999999999999,73.30240287276743,56.67752442996743,14.65798045602606,15.146579804560261,8,10809.102681787033,12403.0,5.436482084690554,41,1.499184339314845
2026_Australian_Grand_Prix_Qualifying,2026,Australian Grand Prix,Qualifying,COL,7,115.225,36.706999999999994,51.59179200876556,25.837320574162682,15.19138755980861,14.473684210526317,12,10185.925903414394,12183.0,3.6136363636363638,38,1.4697740890582471
2026_Australian_Grand_Prix_Qualifying,2026,Australian Grand Prix,Qualifying,COL,8,103.13,24.611999999999995,51.107760669622834,25.412960609911057,21.47395171537484,16.518424396442185,13,10461.06101678032,12277.0,4.090216010165184,42,1.5623409669211197
2026_Australian_Grand_Prix_Qualifying,2026,Australian Grand Prix,Qualifying,COL,9,81.2,2.682000000000002,73.47331635690085,59.77742448330684,15.580286168521463,13.990461049284578,7,10866.566143737162,12348.0,5.548489666136725,38,1.3105095541401275
2026_Australian_Grand_Prix_Qualifying,2026,Australian Grand Prix,Qualifying,COL,11,125.999,47.480999999999995,49.16086846443323,34.70464135021097,30.063291139240505,13.924050632911392,8,8931.25287694594,12375.0,3.4430379746835444,33,1.1203801478352693
2026_Australian_Grand_Prix_Qualifying,2026,Australian Grand Prix,Qualifying,COL,12,104.501,25.983000000000004,55.99482916775236,36.90176322418136,17.002518891687657,17.38035264483627,11,10199.862081070683,12149.0,3.991183879093199,42,1.364438839848676
2026_Australian_Grand_Prix_Qualifying,2026,Australian Grand Prix,Qualifying,COL,13,81.852,3.334000000000003,73.12507760309856,57.377049180327866,14.098360655737704,15.081967213114755,8,10775.709970538746,12217.0,5.491803278688525,40,1.464696223316913
2026_Australian_Grand_Prix_Qualifying,2026,Australian Grand Prix,Qualifying,COL,15,109.275,30.757000000000005,56.00091622501028,37.89731051344744,17.84841075794621,13.691931540342297,9,9882.36198689895,12434.0,3.8875305623471883,41,1.3623011015911872
2026_Australian_Grand_Prix_Qualifying,2026,Australian Grand Prix,Qualifying,COL,16,105.209,26.691000000000003,51.667574177261905,22.727272727272727,14.14141414141414,12.5,6,10177.489514721563,11990.0,4.066919191919192,38,1.261694058154235
2026_Australian_Grand_Prix_Qualifying,2026,Australian Grand Prix,Qualifying,COL,17,81.27,2.7519999999999953,75.84580845673017,61.258278145695364,12.91390728476821,14.735099337748345,9,10854.624510669253,12466.0,5.48841059602649,40,1.406301824212272
2026_Australian_Grand_Prix_Qualifying,2026,Australian Grand Prix,Qualifying,ALO,1,133.764,55.24600000000001,56.50083938535849,39.51332560834299,22.0162224797219,10.776361529548089,9,9101.91324693825,11438.0,3.8899188876013904,42,1.296983758700696
2026_Australian_Grand_Prix_Qualifying,2026,Australian Grand Prix,Qualifying,ALO,2,83.011,4.492999999999995,77.29058936969898,63.68000000000001,12.479999999999999,10.879999999999999,9,10432.554999080425,11716.0,5.4416,39,1.5336538461538463
2026_Australian_Grand_Prix_Qualifying,2026,Australian Grand Prix,Qualifying,ALO,3,103.728,25.209999999999994,52.61372765334338,30.559167750325102,19.375812743823147,15.214564369310793,7,9820.420180279807,11541.0,4.200260078023407,39,1.0651041666666667
2026_Australian_Grand_Prix_Qualifying,2026,Australian Grand Prix,Qualifying,ALO,4,82.555,4.037000000000006,74.76301506391775,62.37785016286645,15.63517915309446,13.029315960912053,9,10461.253105662476,11759.0,5.527687296416938,38,1.5938009787928222
2026_Australian_Grand_Prix_Qualifying,2026,Australian Grand Prix,Qualifying,ALO,6,116.787,38.269000000000005,67.79638784939716,49.28104575163399,10.326797385620914,12.287581699346404,10,10045.24691830857,11613.0,4.352941176470588,38,1.3794870848167542
2026_Australian_Grand_Prix_Qualifying,2026,Australian Grand Prix,Qualifying,ALO,7,82.15,3.632000000000005,76.86489400328401,63.242375601926156,12.520064205457466,11.717495987158909,9,10454.882137100441,11950.0,5.529695024077046,41,1.4742765273311897
2026_Australian_Grand_Prix_Qualifying,2026,Australian Grand Prix,Qualifying,ALO,8,100.143,21.625,52.431640449602455,30.319148936170215,19.28191489361702,13.297872340425531,8,9883.689636610345,11585.0,4.457446808510638,38,1.141145139813582
2026_Australian_Grand_Prix_Qualifying,2026,Australian Grand Prix,Qualifying,ALO,9,81.969,3.4509999999999934,75.2025396582633,64.19354838709678,14.677419354838708,12.096774193548388,7,10516.4902985461,11969.0,5.509677419354839,38,1.4733441033925687
2026_Australian_Grand_Prix_Qualifying,2026,Australian Grand Prix,Qualifying,PER,1,132.455,53.93700000000001,56.554424282321605,38.59857482185273,20.19002375296912,14.84560570071259,10,9739.978298153239,12591.0,3.9798099762470307,39,1.3769322235434007
2026_Australian_Grand_Prix_Qualifying,2026,Australian Grand Prix,Qualifying,PER,2,83.567,5.048999999999992,73.03933048921496,59.87158908507223,11.717495987158909,12.520064205457466,8,10625.873436163713,12470.0,5.565008025682183,32,1.472668810289389
2026_Australian_Grand_Prix_Qualifying,2026,Australian Grand Prix,Qualifying,PER,5,106.087,27.569000000000003,60.6614628527697,41.50453955901427,14.526588845654995,18.028534370946822,8,10445.309736391391,12514.0,4.155642023346304,35,1.4216039098181819
2026_Australian_Grand_Prix_Qualifying,2026,Australian Grand Prix,Qualifying,PER,6,82.605,4.087000000000003,72.70979645205912,59.55766192733017,11.058451816745656,12.480252764612953,7,10560.785771062125,12225.0,5.679304897314376,28,1.4794303797468353
2026_Australian_Grand_Prix_Qualifying,2026,Australian Grand Prix,Qualifying,BOT,1,129.994,51.476,55.88502408884748,35.45232273838631,24.449877750611247,16.99266503667482,9,9882.741295390779,12152.0,4.11002444987775,44,1.2913096695226438
2026_Australian_Grand_Prix_Qualifying,2026,Australian Grand Prix,Qualifying,BOT,2,83.641,5.123000000000005,74.71422933702829,59.39490445859873,14.171974522292993,14.64968152866242,10,10584.725707670936,12123.0,5.702229299363057,34,1.5215311004784688
2026_Australian_Grand_Prix_Qualifying,2026,Australian Grand Prix,Qualifying,BOT,4,101.323,22.804999999999993,61.045278772800444,38.145695364238414,18.41059602649007,16.026490066225165,9,10222.57214116129,12158.0,4.52317880794702,45,1.3488063660477454
2026_Australian_Grand_Prix_Qualifying,2026,Australian Grand Prix,Qualifying,BOT,6,104.306,25.787999999999997,57.61952514857132,36.36363636363637,20.02635046113307,17.391304347826086,8,9919.993724303758,12052.0,4.5270092226613965,37,1.287598944591029
2026_Australian_Grand_Prix_Qualifying,2026,Australian Grand Prix,Qualifying,BOT,7,83.244,4.725999999999999,75.5079559444359,60.62499999999999,13.593749999999998,11.40625,7,10560.952415400221,11953.0,5.7078125,33,1.3959311424100156
2026_Australian_Grand_Prix_Qualifying,2026,Australian Grand Prix,Qualifying,VER,1,102.025,23.507000000000005,52.36975254039159,25.925925925925924,18.106995884773664,15.912208504801098,6,10569.685595514531,12465.0,4.502057613168724,51,1.1332417582417582
2026_Chinese_Grand_Prix_Qualifying,2026,Chinese Grand Prix,Qualifying,ANT,2,93.305,1.2410000000000139,68.55653751173794,55.712270803949224,14.66854724964739,22.566995768688294,13,10429.77116495419,12157.0,5.055007052186178,50,1.1440677966101696
2026_Chinese_Grand_Prix_Qualifying,2026,Chinese Grand Prix,Qualifying,ANT,3,122.47,30.406000000000006,36.675080479227645,8.15677966101695,22.98728813559322,26.27118644067797,14,9623.97185882087,11695.0,3.7764830508474576,42,1.0965853658536584
2026_Chinese_Grand_Prix_Qualifying,2026,Chinese Grand Prix,Qualifying,ANT,5,92.95,0.8860000000000099,66.14665011395122,53.84615384615385,14.67236467236467,23.219373219373217,11,10403.493697869118,12045.0,4.9743589743589745,50,1.1255349500713268
2026_Chinese_Grand_Prix_Qualifying,2026,Chinese Grand Prix,Qualifying,ANT,6,145.284,53.22,37.77098746425962,11.653116531165312,31.07497741644083,30.713640469738028,18,8600.01247050859,11807.0,3.254742547425474,53,1.1003616636528029
2026_Chinese_Grand_Prix_Qualifying,2026,Chinese Grand Prix,Qualifying,ANT,8,92.443,0.3790000000000049,65.01821035663042,52.67605633802817,19.577464788732392,24.507042253521128,14,10430.24285743529,11855.0,4.97887323943662,49,1.2933709449929478
2026_Chinese_Grand_Prix_Qualifying,2026,Chinese Grand Prix,Qualifying,ANT,9,121.273,29.209000000000003,34.45939964661411,11.21898597626753,32.14670981661273,28.155339805825243,14,9669.789083100008,11679.0,3.693635382955771,47,0.8639308855291576
2026_Chinese_Grand_Prix_Qualifying,2026,Chinese Grand Prix,Qualifying,ANT,11,92.322,0.2580000000000098,68.59456805830713,56.342182890855455,18.73156342182891,21.976401179941004,12,10476.287956206137,12309.0,4.992625368731564,48,1.2481536189069424
2026_Chinese_Grand_Prix_Qualifying,2026,Chinese Grand Prix,Qualifying,ANT,12,108.256,16.192000000000007,44.65571494435148,17.60299625468165,26.841448189762794,22.22222222222222,9,10072.889307079375,11902.0,4.116104868913857,48,0.90375
2026_Chinese_Grand_Prix_Qualifying,2026,Chinese Grand Prix,Qualifying,ANT,14,92.064,0.0,66.67925967881983,54.879773691654876,19.943422913719942,22.48939179632249,10,10527.081474712288,12264.0,4.975954738330976,53,1.3895184135977336
2026_Chinese_Grand_Prix_Qualifying,2026,Chinese Grand Prix,Qualifying,ANT,15,118.062,25.998000000000005,35.096830065186786,9.191583610188262,35.21594684385382,26.688815060908084,10,9737.81684697209,11661.0,3.6954595791805094,49,0.7838137472283814
2026_Chinese_Grand_Prix_Qualifying,2026,Chinese Grand Prix,Qualifying,RUS,2,93.262,1.1980000000000075,66.72368440371683,53.36134453781513,21.288515406162464,37.39495798319328,12,10349.62506924117,12225.0,4.785714285714286,46,1.1865357643758765
2026_Chinese_Grand_Prix_Qualifying,2026,Chinese Grand Prix,Qualifying,RUS,3,131.474,39.41,37.769704184858234,17.839444995044598,33.79583746283449,35.282457879088206,16,9512.801822714899,11824.0,3.3052527254707633,54,0.9703643278499279
2026_Chinese_Grand_Prix_Qualifying,2026,Chinese Grand Prix,Qualifying,RUS,5,92.523,0.4590000000000032,68.83169449424615,57.59312320916905,19.484240687679083,24.355300859598856,11,10357.25356946388,11919.0,5.189111747851003,46,1.1348637015781922
2026_Chinese_Grand_Prix_Qualifying,2026,Chinese Grand Prix,Qualifying,RUS,6,116.245,24.18100000000001,40.07840952016576,19.594594594594593,35.6981981981982,25.11261261261261,12,9632.264550158476,11635.0,4.002252252252252,55,0.9774520856820744
2026_Chinese_Grand_Prix_Qualifying,2026,Chinese Grand Prix,Qualifying,RUS,8,117.937,25.873000000000005,44.06303047646579,24.832962138084632,24.164810690423163,25.501113585746104,15,9949.159774014639,11982.0,3.655902004454343,48,1.265328874024526
2026_Chinese_Grand_Prix_Qualifying,2026,Chinese Grand Prix,Qualifying,RUS,9,105.617,13.553000000000011,57.919813505680274,42.52163164400494,25.46353522867738,35.10506798516687,12,9930.653874094167,12336.0,4.4610630407911005,50,1.0804455445544554
2026_Chinese_Grand_Prix_Qualifying,2026,Chinese Grand Prix,Qualifying,RUS,12,92.286,0.2220000000000084,68.21393197461177,55.00705218617772,17.066290550070523,17.912552891396334,9,10352.171975236337,12581.0,5.117066290550071,45,1.4364406779661016
2026_Chinese_Grand_Prix_Qualifying,2026,Chinese Grand Prix,Qualifying,RUS,13,132.756,40.69200000000001,28.17491695368056,8.333333333333332,38.2936507936508,11.11111111111111,6,9213.388817533982,11560.0,3.5029761904761907,43,0.4240317775571003
2026_Chinese_Grand_Prix_Qualifying,2026,Chinese Grand Prix,Qualifying,HAM,2,95.892,3.828000000000003,67.48434862976285,53.85674931129476,10.055096418732782,29.75206611570248,9,10192.534126096529,12182.0,5.151515151515151,41,1.16
2026_Chinese_Grand_Prix_Qualifying,2026,Chinese Grand Prix,Qualifying,HAM,3,118.798,26.73400000000001,45.75409124564454,27.37186477644493,29.55288985823337,31.079607415485277,13,8979.015922427108,11452.0,4.224645583424209,49,0.7521834061135371
2026_Chinese_Grand_Prix_Qualifying,2026,Chinese Grand Prix,Qualifying,HAM,5,93.522,1.4580000000000126,74.87379772314367,60.85164835164834,6.456043956043957,29.67032967032967,8,10632.729328139683,12571.0,5.674450549450549,42,0.8940852819807428
2026_Chinese_Grand_Prix_Qualifying,2026,Chinese Grand Prix,Qualifying,HAM,6,131.966,39.902000000000015,35.719292921613345,14.572864321608039,26.13065326633166,22.512562814070353,12,9021.776234937868,11557.0,3.8944723618090453,43,0.6922585509859155
2026_Chinese_Grand_Prix_Qualifying,2026,Chinese Grand Prix,Qualifying,HAM,8,92.834,0.7700000000000102,66.96032412535779,52.211126961483586,10.271041369472183,18.972895863052784,10,10563.120660678234,12236.0,5.196861626248217,48,1.2228571428571429
2026_Chinese_Grand_Prix_Qualifying,2026,Chinese Grand Prix,Qualifying,HAM,9,115.967,23.903000000000006,42.67324734209962,20.951302378255946,29.218573046432617,23.89580973952435,10,9135.79934242958,11724.0,4.501698754246886,48,0.8344671201814059
2026_Chinese_Grand_Prix_Qualifying,2026,Chinese Grand Prix,Qualifying,HAM,11,92.567,0.5030000000000001,68.61363941474336,53.682719546742206,10.339943342776204,20.113314447592067,10,10492.926248530051,12241.0,5.269121813031162,48,1.175886524822695
2026_Chinese_Grand_Prix_Qualifying,2026,Chinese Grand Prix,Qualifying,HAM,12,126.863,34.79900000000001,31.2086380445784,6.016597510373444,21.369294605809127,13.589211618257261,9,9141.164959233936,12045.0,4.024896265560166,42,0.6978193146417445
2026_Chinese_Grand_Prix_Qualifying,2026,Chinese Grand Prix,Qualifying,HAM,13,106.805,14.741000000000014,56.51494706439136,42.96205630354957,16.401468788249694,23.623011015911874,12,9682.943538409538,12243.0,4.80905752753978,43,0.8995098039215687
2026_Chinese_Grand_Prix_Qualifying,2026,Chinese Grand Prix,Qualifying,HAM,15,93.02,0.9560000000000031,67.44844824771465,51.19760479041916,10.029940119760479,19.16167664670659,9,10388.888049457668,12140.0,5.169161676646707,46,1.3208395802098951
2026_Chinese_Grand_Prix_Qualifying,2026,Chinese Grand Prix,Qualifying,HAM,16,116.241,24.177000000000007,39.97605981663426,12.471395881006865,28.489702517162474,21.51029748283753,12,9398.786873379711,11595.0,4.4038901601830664,52,0.979381443298969
2026_Chinese_Grand_Prix_Qualifying,2026,Chinese Grand Prix,Qualifying,HAM,18,92.415,0.3510000000000133,67.2802493131474,52.6241134751773,13.617021276595745,19.858156028368796,9,10566.04952087769,12208.0,5.24113475177305,47,1.1595916190909092
2026_Chinese_Grand_Prix_Qualifying,2026,Chinese Grand Prix,Qualifying,HAM,19,130.702,38.638000000000005,39.42688196823555,26.5,33.5,12.6,7,8816.703180192291,11568.0,3.987,42,0.5752227228828829
2026_Chinese_Grand_Prix_Qualifying,2026,Chinese Grand Prix,Qualifying,LEC,2,94.507,2.443000000000012,67.55799758131546,52.719665271966534,13.668061366806135,17.99163179916318,13,10459.248210386017,12026.0,5.075313807531381,53,1.1717877094972067
2026_Chinese_Grand_Prix_Qualifying,2026,Chinese Grand Prix,Qualifying,LEC,3,114.827,22.763000000000005,48.008248561505745,26.374859708193043,28.058361391694724,25.364758698092032,14,10278.336446679306,11990.0,3.8709315375982043,44,0.8696629213483146
2026_Chinese_Grand_Prix_Qualifying,2026,Chinese Grand Prix,Qualifying,LEC,4,104.077,12.013000000000005,57.377018574151535,40.949935815147626,22.464698331193837,26.44415917843389,15,10332.40668068155,12299.0,4.58408215661104,57,1.075835475578406
2026_Chinese_Grand_Prix_Qualifying,2026,Chinese Grand Prix,Qualifying,LEC,6,93.175,1.1110000000000042,68.39523732517931,52.84090909090909,11.647727272727272,17.47159090909091,12,10607.78495719121,12283.0,5.045454545454546,52,1.143669985775249
2026_Chinese_Grand_Prix_Qualifying,2026,Chinese Grand Prix,Qualifying,LEC,7,118.354,26.290000000000006,42.893251024647434,20.620842572062084,32.15077605321508,25.609756097560975,12,10050.198265197045,12187.0,3.843680709534368,56,1.044395116537181
2026_Chinese_Grand_Prix_Qualifying,2026,Chinese Grand Prix,Qualifying,LEC,9,92.902,0.8380000000000081,69.7390746264807,53.0758226037196,10.300429184549357,22.031473533619454,15,10556.249490859691,12031.0,5.051502145922747,51,1.326647564469914
2026_Chinese_Grand_Prix_Qualifying,2026,Chinese Grand Prix,Qualifying,LEC,10,112.202,20.138000000000005,52.5985240704255,33.91405342624855,29.152148664343784,27.06155632984901,14,10218.344244619673,12034.0,4.084785133565622,54,1.2813953488372094
2026_Chinese_Grand_Prix_Qualifying,2026,Chinese Grand Prix,Qualifying,LEC,12,92.486,0.42200000000001125,67.88847159820976,54.326241134751776,13.191489361702127,17.872340425531917,11,10665.47177805969,12332.0,5.083687943262412,54,1.125
2026_Chinese_Grand_Prix_Qualifying,2026,Chinese Grand Prix,Qualifying,LEC,13,122.599,30.53500000000001,40.128674247784346,20.0,31.61290322580645,22.903225806451612,11,10143.835926034402,12122.0,3.5193548387096776,46,0.9483315392895587
2026_Chinese_Grand_Prix_Qualifying,2026,Chinese Grand Prix,Qualifying,LEC,14,107.894,15.830000000000013,52.41547710769008,32.40291262135923,24.271844660194176,30.94660194174757,16,10220.707533345725,12163.0,4.252427184466019,56,1.0571891454029971
2026_Chinese_Grand_Prix_Qualifying,2026,Chinese Grand Prix,Qualifying,LEC,16,92.623,0.5590000000000117,70.60938044967803,56.470588235294116,9.705882352941178,17.058823529411764,13,10582.615681201634,12162.0,5.230882352941176,49,1.4241531664212077
2026_Chinese_Grand_Prix_Qualifying,2026,Chinese Grand Prix,Qualifying,LEC,17,116.257,24.193000000000012,49.42036512778783,30.63583815028902,29.47976878612717,28.901734104046245,14,10185.294943531339,12029.0,3.9121387283236992,48,1.0367814432098765
2026_Chinese_Grand_Prix_Qualifying,2026,Chinese Grand Prix,Qualifying,LEC,19,92.428,0.3640000000000043,69.59280449611437,54.23728813559322,8.615819209039548,17.937853107344633,14,10673.544345087883,12462.0,5.063559322033898,55,1.157001414427157
2026_Chinese_Grand_Prix_Qualifying,2026,Chinese Grand Prix,Qualifying,LEC,20,127.785,35.721000000000004,43.78581085126244,24.588477366255145,35.390946502057616,22.73662551440329,11,10005.24682688057,12048.0,3.424897119341564,42,0.8208032955715757
2026_Chinese_Grand_Prix_Qualifying,2026,Chinese Grand Prix,Qualifying,PIA,2,93.99,1.926000000000002,60.57290491035706,44.951590594744125,22.130013831258644,17.42738589211618,11,10723.308468065828,12553.0,5.257261410788382,50,1.1191135734072022
2026_Chinese_Grand_Prix_Qualifying,2026,Chinese Grand Prix,Qualifying,PIA,3,121.531,29.467000000000013,27.241133503037922,3.271537622682661,34.460196292257365,19.629225736095965,11,10553.205938578145,12326.0,3.806979280261723,45,0.5862445414847162
2026_Chinese_Grand_Prix_Qualifying,2026,Chinese Grand Prix,Qualifying,PIA,5,93.59,1.5260000000000105,61.70036252081825,45.53191489361702,22.5531914893617,25.106382978723403,11,10642.556697199581,12259.0,5.157446808510638,48,1.3153409090909092
2026_Chinese_Grand_Prix_Qualifying,2026,Chinese Grand Prix,Qualifying,PIA,6,124.552,32.488000000000014,27.467337496478333,5.371900826446281,29.545454545454547,21.074380165289256,12,10380.210445093368,12411.0,3.7789256198347108,45,0.6865520744570838
2026_Chinese_Grand_Prix_Qualifying,2026,Chinese Grand Prix,Qualifying,PIA,8,93.364,1.3000000000000114,61.83832513100106,48.0225988700565,23.022598870056495,17.937853107344633,9,10747.307144876087,12394.0,5.354519774011299,50,1.0834512022630836
2026_Chinese_Grand_Prix_Qualifying,2026,Chinese Grand Prix,Qualifying,PIA,9,118.249,26.185000000000002,26.964585031406173,0.779510022271715,32.62806236080178,15.367483296213807,7,10481.941510288107,12557.0,4.101336302895323,48,0.5930880713489409
2026_Chinese_Grand_Prix_Qualifying,2026,Chinese Grand Prix,Qualifying,PIA,11,93.13,1.0660000000000025,67.36560054612974,53.46534653465347,19.519094766619517,26.449787835926447,12,10788.980516644346,12373.0,5.312588401697313,47,1.3895184135977336
2026_Chinese_Grand_Prix_Qualifying,2026,Chinese Grand Prix,Qualifying,PIA,12,126.391,34.32700000000001,26.745305450840466,8.731808731808732,29.002079002079,13.409563409563411,9,10425.404771211157,12590.0,3.5883575883575882,52,1.0665972944849116
2026_Chinese_Grand_Prix_Qualifying,2026,Chinese Grand Prix,Qualifying,PIA,13,93.254,1.190000000000012,61.60082062380969,47.54558204768583,25.94670406732118,21.31837307152875,10,10752.828249533779,12443.0,5.312762973352034,50,1.1207865168539326
2026_Chinese_Grand_Prix_Qualifying,2026,Chinese Grand Prix,Qualifying,PIA,14,122.007,29.943000000000012,23.35412587362535,0.8658008658008658,33.22510822510822,15.367965367965366,8,10605.53088641173,12954.0,3.7716450216450217,44,0.48320693391115926
2026_Chinese_Grand_Prix_Qualifying,2026,Chinese Grand Prix,Qualifying,PIA,16,92.55,0.4860000000000042,62.18398674950342,46.86609686609687,23.646723646723647,18.945868945868945,9,10803.97101449692,12588.0,5.417378917378917,50,1.1469329529243937
2026_Chinese_Grand_Prix_Qualifying,2026,Chinese Grand Prix,Qualifying,PIA,17,116.801,24.73700000000001,28.132191085170533,0.8859357696566998,29.900332225913623,15.725359911406422,8,10480.241340147097,12247.0,4.150609080841639,49,0.6219512195121951
2026_Chinese_Grand_Prix_Qualifying,2026,Chinese Grand Prix,Qualifying,PIA,19,92.568,0.5040000000000049,74.47924763427358,61.15819209039548,15.3954802259887,29.943502824858758,10,10983.491459799714,12390.0,5.7824858757062145,41,1.2036775106082036
2026_Chinese_Grand_Prix_Qualifying,2026,Chinese Grand Prix,Qualifying,PIA,20,132.631,40.56700000000001,25.94915263052713,7.283464566929133,35.62992125984252,25.0,12,10070.570127287441,12392.0,3.466535433070866,44,0.8502463054187193
2026_Chinese_Grand_Prix_Qualifying,2026,Chinese Grand Prix,Qualifying,NOR,2,94.401,2.3370000000000033,60.62171961187648,48.35164835164835,23.48901098901099,22.664835164835164,11,10780.264250612023,12586.0,5.196428571428571,48,1.1678129298486932
2026_Chinese_Grand_Prix_Qualifying,2026,Chinese Grand Prix,Qualifying,NOR,3,114.046,21.982000000000014,36.330750968563464,9.269988412514484,32.4449594438007,21.320973348783316,11,10471.314106839129,12158.0,4.2676709154113555,48,0.8294663573085846
2026_Chinese_Grand_Prix_Qualifying,2026,Chinese Grand Prix,Qualifying,NOR,5,93.535,1.4710000000000036,63.13232545920516,51.35135135135135,20.34139402560455,36.69985775248933,16,10840.392454428975,12241.0,5.048364153627311,44,1.3917378917378918
2026_Chinese_Grand_Prix_Qualifying,2026,Chinese Grand Prix,Qualifying,NOR,6,118.89,26.826000000000008,38.71783155135391,18.19184123484013,33.29658213891952,25.689084895259096,13,10260.247360667454,12341.0,4.041896361631753,48,1.0827814569536425
2026_Chinese_Grand_Prix_Qualifying,2026,Chinese Grand Prix,Qualifying,NOR,8,93.271,1.2070000000000078,62.20171581204267,51.61290322580645,22.44039270687237,19.35483870967742,10,10772.609909934472,12514.0,5.248246844319776,47,1.1095505617977528
2026_Chinese_Grand_Prix_Qualifying,2026,Chinese Grand Prix,Qualifying,NOR,9,116.401,24.337000000000003,32.02091747563053,11.098527746319366,37.14609286523216,15.628539071347678,9,10219.799755366823,12068.0,4.206115515288788,52,0.7551020408163265
2026_Chinese_Grand_Prix_Qualifying,2026,Chinese Grand Prix,Qualifying,NOR,11,93.024,0.960000000000008,71.80890482519963,60.48158640226629,13.456090651558073,25.77903682719547,10,10866.135254398743,12581.0,5.373937677053824,45,1.2893617021276595
2026_Chinese_Grand_Prix_Qualifying,2026,Chinese Grand Prix,Qualifying,NOR,12,124.799,32.735000000000014,31.833708951344793,14.090431125131442,30.5993690851735,21.03049421661409,13,10317.99600551675,12168.0,3.6424815983175605,52,1.3863157894736842
2026_Chinese_Grand_Prix_Qualifying,2026,Chinese Grand Prix,Qualifying,NOR,13,92.91,0.8460000000000036,63.06046435047229,52.24719101123596,20.50561797752809,17.415730337078653,9,10817.49698932763,12653.0,5.276685393258427,44,1.0984528832630098
2026_Chinese_Grand_Prix_Qualifying,2026,Chinese Grand Prix,Qualifying,NOR,14,113.615,21.551000000000002,33.43632882159946,12.937062937062937,37.2960372960373,14.918414918414918,9,10388.415341482443,12206.0,4.172494172494172,48,0.7747957992998833
2026_Chinese_Grand_Prix_Qualifying,2026,Chinese Grand Prix,Qualifying,NOR,16,92.608,0.5440000000000111,63.76121222900561,52.899575671852894,22.206506364922205,16.407355021216407,11,10807.516843489399,12551.0,5.30975954738331,50,1.1558073654390935
2026_Chinese_Grand_Prix_Qualifying,2026,Chinese Grand Prix,Qualifying,NOR,17,113.305,21.241000000000014,36.51358813874438,17.599999999999998,37.028571428571425,16.685714285714287,8,10425.854820601135,12496.0,4.238857142857142,54,0.8145051489244851
2026_Chinese_Grand_Prix_Qualifying,2026,Chinese Grand Prix,Qualifying,NOR,19,92.631,0.5670000000000073,70.18316940939964,58.63052781740371,15.406562054208273,26.105563480741793,10,10924.771371086614,12550.0,5.349500713266762,43,1.427142857142857
2026_Chinese_Grand_Prix_Qualifying,2026,Chinese Grand Prix,Qualifying,NOR,20,122.239,30.17500000000001,36.457008483084444,20.53475935828877,36.25668449197861,23.422459893048128,15,10117.009260853842,12246.0,3.9240641711229944,56,1.1156316916488223
2026_Chinese_Grand_Prix_Qualifying,2026,Chinese Grand Prix,Qualifying,GAS,2,94.503,2.439000000000007,62.52373921696828,47.57952973720608,24.20470262793914,20.193637621023512,9,10559.419089009984,12341.0,4.7012448132780085,57,1.2686980609418284
2026_Chinese_Grand_Prix_Qualifying,2026,Chinese Grand Prix,Qualifying,GAS,3,117.628,25.564000000000007,47.72025019921298,29.490022172949004,28.159645232815965,24.390243902439025,11,9705.185550194155,11631.0,3.8946784922394677,53,1.125416204217536
2026_Chinese_Grand_Prix_Qualifying,2026,Chinese Grand Prix,Qualifying,GAS,5,93.904,1.8400000000000034,63.956366478858236,50.0,22.316384180790962,25.141242937853107,12,10680.189771235271,13008.0,4.607344632768362,58,1.2376237623762376
2026_Chinese_Grand_Prix_Qualifying,2026,Chinese Grand Prix,Qualifying,GAS,6,120.834,28.77000000000001,42.7270941150757,20.239390642002174,30.03264417845484,23.177366702937977,10,9594.66856684964,11667.0,3.647442872687704,50,0.8300653594771242
2026_Chinese_Grand_Prix_Qualifying,2026,Chinese Grand Prix,Qualifying,GAS,7,116.611,24.54700000000001,44.473852838104555,24.4668911335578,25.476992143658812,21.773288439955106,12,9872.456522692099,12180.0,3.55331088664422,50,0.9786516853932584
2026_Chinese_Grand_Prix_Qualifying,2026,Chinese Grand Prix,Qualifying,GAS,8,93.788,1.7240000000000038,65.07664591257016,51.05189340813464,22.44039270687237,22.159887798036465,10,10575.607926002509,12403.0,4.576437587657784,57,1.3230337078651686
2026_Chinese_Grand_Prix_Qualifying,2026,Chinese Grand Prix,Qualifying,GAS,9,123.973,31.909000000000006,43.789170548315724,20.686070686070686,28.274428274428274,21.413721413721415,9,9497.038644015254,11729.0,3.7079002079002077,43,0.854318418314256
2026_Chinese_Grand_Prix_Qualifying,2026,Chinese Grand Prix,Qualifying,GAS,11,93.28,1.2160000000000082,64.46518740009743,50.28169014084507,22.112676056338028,20.140845070422536,10,10708.569442841965,12482.0,4.746478873239437,59,1.2482369534555713
2026_Chinese_Grand_Prix_Qualifying,2026,Chinese Grand Prix,Qualifying,GAS,12,121.1,29.036,43.70149451881387,18.57451403887689,28.185745140388768,21.382289416846653,12,9682.629722007765,11923.0,3.8390928725701943,55,0.8994594594594595
2026_Chinese_Grand_Prix_Qualifying,2026,Chinese Grand Prix,Qualifying,GAS,14,93.003,0.9390000000000072,65.86986021706291,50.352609308885754,21.720733427362482,21.720733427362482,8,10752.513673642785,12747.0,4.76163610719323,54,1.4548022598870056
2026_Chinese_Grand_Prix_Qualifying,2026,Chinese Grand Prix,Qualifying,GAS,15,125.25,33.18600000000001,39.35630797747058,15.384615384615385,31.190727081138043,18.229715489989463,8,9418.435222810447,11952.0,3.6459430979978924,49,0.8847222225972808
2026_Chinese_Grand_Prix_Qualifying,2026,Chinese Grand Prix,Qualifying,GAS,17,94.052,1.9880000000000138,63.104589475075535,48.66008462623414,24.541607898448518,21.57968970380818,9,10563.861409729298,12428.0,4.784203102961918,54,1.3587570621468927
2026_Chinese_Grand_Prix_Qualifying,2026,Chinese Grand Prix,Qualifying,GAS,18,116.735,24.671000000000006,48.13204306023325,26.057906458797326,25.83518930957684,22.383073496659243,9,9792.91376250258,11801.0,3.8975501113585747,54,0.9820884429580081
2026_Chinese_Grand_Prix_Qualifying,2026,Chinese Grand Prix,Qualifying,GAS,20,92.873,0.8090000000000117,66.18580017246119,51.77304964539007,19.574468085106382,21.134751773049647,10,10676.42930795077,13033.0,4.808510638297872,55,1.4602678571428571
2026_Chinese_Grand_Prix_Qualifying,2026,Chinese Grand Prix,Qualifying,GAS,21,132.084,40.02000000000001,33.89981878673519,16.81503461918892,42.0375865479723,18.595450049455984,11,9193.977183245874,11819.0,3.4391691394658754,45,0.7702970297029703
2026_Chinese_Grand_Prix_Qualifying,2026,Chinese Grand Prix,Qualifying,VER,2,94.49,2.426000000000002,57.31495654544295,47.58620689655172,27.448275862068964,22.620689655172413,13,10409.383858979432,12548.0,4.977931034482759,45,1.0925414364640884
2026_Chinese_Grand_Prix_Qualifying,2026,Chinese Grand Prix,Qualifying,VER,3,134.212,42.147999999999996,27.935064062576668,14.850530376084862,35.87270973963356,13.500482160077146,10,9808.657448309395,12247.0,3.2381870781099327,51,0.8667953667953668
2026_Chinese_Grand_Prix_Qualifying,2026,Chinese Grand Prix,Qualifying,VER,4,94.454,2.3900000000000006,59.80445592481696,48.51063829787234,24.25531914893617,17.163120567375888,10,10481.816433313945,12203.0,5.100709219858156,54,1.1818181818181819
2026_Chinese_Grand_Prix_Qualifying,2026,Chinese Grand Prix,Qualifying,VER,5,111.277,19.213000000000008,47.27727969991138,36.99421965317919,35.95375722543353,22.3121387283237,15,10280.70722037164,12214.0,4.227745664739884,49,0.9465278476190476
2026_Chinese_Grand_Prix_Qualifying,2026,Chinese Grand Prix,Qualifying,VER,7,93.417,1.3530000000000086,60.64352445738071,49.64336661911555,23.537803138373754,22.82453637660485,11,10616.609773137343,12672.0,4.873038516405136,49,1.11
2026_Chinese_Grand_Prix_Qualifying,2026,Chinese Grand Prix,Qualifying,VER,8,123.322,31.25800000000001,33.81118397251911,19.122257053291534,37.82654127481714,16.823406478578892,10,9906.791129961757,11986.0,3.847439916405434,55,0.9225941422594143
2026_Chinese_Grand_Prix_Qualifying,2026,Chinese Grand Prix,Qualifying,VER,10,93.179,1.115000000000009,59.937712758995495,49.50911640953717,26.64796633941094,23.983169705469845,13,10565.62617343944,12344.0,4.980364656381487,48,1.1404494382022472
2026_Chinese_Grand_Prix_Qualifying,2026,Chinese Grand Prix,Qualifying,VER,11,114.13,22.066000000000003,44.40950164535624,33.641618497109825,33.179190751445084,20.69364161849711,11,10120.28320520825,12489.0,4.040462427745664,50,1.0381944444444444
2026_Chinese_Grand_Prix_Qualifying,2026,Chinese Grand Prix,Qualifying,VER,13,93.098,1.034000000000006,64.81085938041815,55.57122708039493,23.2722143864598,26.657263751763043,12,10683.816591277868,12776.0,5.07475317348378,44,1.3827683615819208
2026_Chinese_Grand_Prix_Qualifying,2026,Chinese Grand Prix,Qualifying,VER,14,121.98,29.91600000000001,42.94287179273902,30.636461704422867,34.84358144552319,21.68284789644013,12,9781.379745262018,12466.0,3.9223300970873787,55,1.0270180889848812
2026_Chinese_Grand_Prix_Qualifying,2026,Chinese Grand Prix,Qualifying,VER,16,93.334,1.2700000000000102,58.754644277391385,48.656294200848656,27.157001414427157,16.124469589816123,9,10644.357850274078,12608.0,5.089108910891089,50,1.1430594900849858
2026_Chinese_Grand_Prix_Qualifying,2026,Chinese Grand Prix,Qualifying,VER,17,108.941,16.87700000000001,51.61036669836024,41.05882352941176,30.352941176470587,15.058823529411763,12,10155.811005008896,12157.0,4.445882352941177,48,1.1919905771495878
2026_Chinese_Grand_Prix_Qualifying,2026,Chinese Grand Prix,Qualifying,VER,19,93.002,0.9380000000000024,66.56088347503044,56.32022471910112,20.365168539325843,27.808988764044944,14,10568.920436230363,12729.0,4.919943820224719,45,1.4486638537271448
2026_Chinese_Grand_Prix_Qualifying,2026,Chinese Grand Prix,Qualifying,VER,20,124.717,32.653000000000006,35.93528386817102,26.096033402922757,41.44050104384134,18.789144050104383,17,9458.539628378372,11708.0,3.799582463465553,47,1.1703239289446186
2026_Chinese_Grand_Prix_Qualifying,2026,Chinese Grand Prix,Qualifying,HAD,2,94.519,2.4550000000000125,63.07930770563856,47.3469387755102,22.312925170068027,25.71428571428571,15,10643.46242309603,12379.0,5.051700680272109,50,1.0762942779291553
2026_Chinese_Grand_Prix_Qualifying,2026,Chinese Grand Prix,Qualifying,HAD,3,125.814,33.75,33.20663564285026,14.891416752843847,27.30093071354705,22.233712512926576,11,9619.216199853066,12491.0,3.653567735263702,32,0.6853002070393375
2026_Chinese_Grand_Prix_Qualifying,2026,Chinese Grand Prix,Qualifying,HAD,4,94.396,2.332000000000008,64.91332056741761,51.12676056338028,21.12676056338028,22.816901408450704,12,10554.510375923697,12320.0,5.214084507042253,46,1.2087447108603666
2026_Chinese_Grand_Prix_Qualifying,2026,Chinese Grand Prix,Qualifying,HAD,5,117.136,25.072000000000003,46.597117540331716,27.88888888888889,26.555555555555554,28.000000000000004,14,9851.403789272987,12083.0,4.072222222222222,39,1.203559510567297
2026_Chinese_Grand_Prix_Qualifying,2026,Chinese Grand Prix,Qualifying,HAD,7,93.632,1.568000000000012,65.48126898006748,53.758865248226954,21.56028368794326,29.361702127659573,14,10572.510988862932,12089.0,5.0964539007092196,49,1.2741477272727273
2026_Chinese_Grand_Prix_Qualifying,2026,Chinese Grand Prix,Qualifying,HAD,8,127.074,35.010000000000005,27.710221177017793,6.598984771573605,28.527918781725887,18.274111675126903,13,9784.810020902605,12263.0,3.7593908629441626,39,0.7596359940872136
2026_Chinese_Grand_Prix_Qualifying,2026,Chinese Grand Prix,Qualifying,HAD,10,93.352,1.288000000000011,65.19526136302325,53.79213483146067,23.735955056179776,33.70786516853933,13,10573.957748630775,12134.0,5.127808988764045,49,1.4219409282700421
2026_Chinese_Grand_Prix_Qualifying,2026,Chinese Grand Prix,Qualifying,HAD,11,117.892,25.828000000000003,36.339529794606506,18.374164810690424,31.180400890868597,19.933184855233854,12,9854.333193428298,12174.0,4.095768374164811,46,1.089186176142698
2026_Chinese_Grand_Prix_Qualifying,2026,Chinese Grand Prix,Qualifying,HAD,13,93.497,1.433000000000007,65.26830851376647,51.198871650211565,23.836389280677007,30.6064880112835,14,10582.317755781354,12222.0,4.904090267983075,49,1.3827683615819208
2026_Chinese_Grand_Prix_Qualifying,2026,Chinese Grand Prix,Qualifying,HAD,14,115.226,23.162000000000006,42.977604866161656,25.198637911464246,28.830874006810443,22.02043132803632,13,10088.462564064925,12042.0,4.035187287173667,52,1.2159090909090908
2026_Chinese_Grand_Prix_Qualifying,2026,Chinese Grand Prix,Qualifying,HAD,16,93.354,1.2900000000000063,64.53178864475073,50.56497175141242,21.468926553672315,23.30508474576271,13,10656.89617323338,12282.0,4.943502824858757,48,1.2107496463932108
2026_Chinese_Grand_Prix_Qualifying,2026,Chinese Grand Prix,Qualifying,HAD,17,113.303,21.239000000000004,47.171720180022255,24.03628117913832,23.015873015873016,23.12925170068027,12,10188.586037350737,12268.0,4.162131519274377,50,0.9570894819523269
2026_Chinese_Grand_Prix_Qualifying,2026,Chinese Grand Prix,Qualifying,HAD,19,93.121,1.0570000000000022,62.137626515341154,50.77574047954866,24.400564174894217,16.643159379407617,10,10686.958271603482,12257.0,5.126939351198872,51,1.21045197740113
2026_Chinese_Grand_Prix_Qualifying,2026,Chinese Grand Prix,Qualifying,HAD,20,129.033,36.968999999999994,26.192840621420757,11.468812877263582,39.63782696177062,17.50503018108652,12,9545.646073450609,12328.0,3.614688128772636,38,0.5871097683786506
2026_Chinese_Grand_Prix_Qualifying,2026,Chinese Grand Prix,Qualifying,BEA,2,94.804,2.740000000000009,66.40086562798663,48.15321477428181,15.45827633378933,25.444596443228455,13,10689.129883153286,12296.0,4.912448700410397,51,1.289041095890411
2026_Chinese_Grand_Prix_Qualifying,2026,Chinese Grand Prix,Qualifying,BEA,3,110.796,18.732000000000014,54.20190173855595,33.84615384615385,22.840236686390533,31.952662721893493,12,10342.572378263398,12225.0,4.136094674556213,47,1.061611374407583
2026_Chinese_Grand_Prix_Qualifying,2026,Chinese Grand Prix,Qualifying,BEA,5,93.756,1.6920000000000073,68.39127332423266,51.46443514644351,14.365411436541143,20.502092050209207,10,10636.906806044528,12194.0,4.9860529986053,51,1.217877094972067
2026_Chinese_Grand_Prix_Qualifying,2026,Chinese Grand Prix,Qualifying,BEA,6,135.892,43.828,38.94562222527046,14.271938283510124,21.8900675024108,21.793635486981678,11,9370.43754989093,12292.0,3.3375120540019285,43,0.6882239382239382
2026_Chinese_Grand_Prix_Qualifying,2026,Chinese Grand Prix,Qualifying,BEA,7,93.687,1.6230000000000047,66.18415879865569,48.08510638297872,14.468085106382977,20.56737588652482,9,10585.050290719675,12407.0,4.927659574468085,51,1.2471590909090908
2026_Chinese_Grand_Prix_Qualifying,2026,Chinese Grand Prix,Qualifying,BEA,8,121.073,29.009,36.46472403758007,3.731343283582089,30.2771855010661,24.62686567164179,9,10041.865519947625,12095.0,3.781449893390192,44,0.807897545357524
2026_Chinese_Grand_Prix_Qualifying,2026,Chinese Grand Prix,Qualifying,BEA,10,93.197,1.1330000000000098,68.88499012198474,53.54107648725213,12.747875354107649,23.08781869688385,12,10689.499362952078,12263.0,4.9390934844192635,46,1.1134751773049645
2026_Chinese_Grand_Prix_Qualifying,2026,Chinese Grand Prix,Qualifying,BEA,11,119.193,27.129000000000005,41.32884547192184,8.102108768035517,20.754716981132077,19.08990011098779,13,10206.384400871957,12092.0,3.792452830188679,52,1.2355555555555555
2026_Chinese_Grand_Prix_Qualifying,2026,Chinese Grand Prix,Qualifying,BEA,13,105.574,13.510000000000005,56.179276286538155,39.17910447761194,21.144278606965177,24.502487562189053,10,10165.835968611837,12452.0,4.558457711442786,45,1.0386052303860522
2026_Chinese_Grand_Prix_Qualifying,2026,Chinese Grand Prix,Qualifying,BEA,15,93.956,1.8920000000000101,67.70935537937923,52.28951255539144,12.703101920236337,17.57754800590842,11,10613.829677202155,12152.0,5.017725258493353,46,1.2366863905325445
2026_Chinese_Grand_Prix_Qualifying,2026,Chinese Grand Prix,Qualifying,BEA,16,121.123,29.05900000000001,46.522210830722585,22.270742358078603,26.200873362445414,25.54585152838428,12,9975.446735838628,12085.0,3.6593886462882095,58,0.8098360655737705
2026_Chinese_Grand_Prix_Qualifying,2026,Chinese Grand Prix,Qualifying,BEA,18,93.292,1.2280000000000086,69.44018491361568,52.3876404494382,12.219101123595506,16.853932584269664,8,10581.247430846142,12097.0,5.169943820224719,47,1.2264416315049227
2026_Chinese_Grand_Prix_Qualifying,2026,Chinese Grand Prix,Qualifying,BEA,19,137.192,45.128000000000014,32.29010871607278,6.666666666666667,35.04761904761905,31.333333333333336,16,9060.288759642313,12020.0,3.322857142857143,41,0.8017159199237369
2026_Chinese_Grand_Prix_Qualifying,2026,Chinese Grand Prix,Qualifying,HUL,2,133.272,41.208,50.62016505729798,23.781676413255358,28.167641325536064,25.146198830409354,13,10077.344999826128,12537.0,3.307017543859649,46,1.2878048780487805
2026_Chinese_Grand_Prix_Qualifying,2026,Chinese Grand Prix,Qualifying,HUL,3,94.116,2.0520000000000067,67.71705316968986,53.782668500687755,20.495185694635488,21.458046767537827,12,10604.752242966431,12299.0,4.916093535075653,46,1.4889807162534436
2026_Chinese_Grand_Prix_Qualifying,2026,Chinese Grand Prix,Qualifying,HUL,4,130.677,38.613,35.51585314616442,5.757575757575758,30.606060606060602,14.84848484848485,12,9448.191500159215,12208.0,3.577777777777778,35,0.7290192113245703
2026_Chinese_Grand_Prix_Qualifying,2026,Chinese Grand Prix,Qualifying,HUL,5,94.158,2.0940000000000083,67.30523363671637,51.74825174825175,19.86013986013986,16.503496503496503,10,10658.891450881056,12533.0,4.802797202797203,50,1.3053221288515406
2026_Chinese_Grand_Prix_Qualifying,2026,Chinese Grand Prix,Qualifying,HUL,6,115.361,23.29700000000001,45.07051580445054,23.232323232323232,36.13916947250281,20.089786756453424,11,9879.15836944365,11936.0,4.065095398428732,53,1.049438202247191
2026_Chinese_Grand_Prix_Qualifying,2026,Chinese Grand Prix,Qualifying,HUL,8,93.368,1.304000000000002,67.91066122008088,52.883263009845294,20.112517580872012,16.033755274261605,11,10711.746387404755,12391.0,4.748241912798875,50,1.236619718309859
2026_Chinese_Grand_Prix_Qualifying,2026,Chinese Grand Prix,Qualifying,HUL,9,114.547,22.483000000000004,44.096209703014864,20.298165137614678,35.321100917431195,19.724770642201836,9,9848.934336392173,12052.0,4.13302752293578,46,1.1748564867967852
2026_Chinese_Grand_Prix_Qualifying,2026,Chinese Grand Prix,Qualifying,HUL,11,93.354,1.2900000000000063,72.97980492043831,59.44444444444444,16.52777777777778,24.583333333333332,12,10748.438255622304,12666.0,4.748611111111111,47,1.3073713490959666
2026_Chinese_Grand_Prix_Qualifying,2026,Chinese Grand Prix,Qualifying,HUL,12,121.602,29.53800000000001,44.854923823477264,19.130434782608695,29.891304347826086,20.869565217391305,13,9546.547435364313,11984.0,3.901086956521739,48,1.3569096844396082
2026_Chinese_Grand_Prix_Qualifying,2026,Chinese Grand Prix,Qualifying,COL,2,95.973,3.909000000000006,65.41124653178899,46.63072776280324,20.485175202156334,27.628032345013477,12,10470.255906931932,12186.0,4.804582210242588,55,1.2955465587044535
2026_Chinese_Grand_Prix_Qualifying,2026,Chinese Grand Prix,Qualifying,COL,3,111.54,19.476000000000013,54.42812860323061,35.046728971962615,23.948598130841123,24.766355140186917,13,10392.891304789902,12646.0,3.866822429906542,55,1.268615984405458
2026_Chinese_Grand_Prix_Qualifying,2026,Chinese Grand Prix,Qualifying,COL,4,139.384,47.31999999999999,48.09534014200915,27.582938388625593,20.9478672985782,20.568720379146917,14,9068.91701417644,12155.0,3.2255924170616113,51,1.0496521189120809
2026_Chinese_Grand_Prix_Qualifying,2026,Chinese Grand Prix,Qualifying,COL,5,94.388,2.3240000000000123,66.63080952320503,49.299719887955185,20.448179271708682,23.949579831932773,12,10649.079402255073,12055.0,4.8543417366946775,58,1.173913043478261
2026_Chinese_Grand_Prix_Qualifying,2026,Chinese Grand Prix,Qualifying,COL,6,111.194,19.13000000000001,56.994221268065175,37.52886836027714,23.787528868360276,24.480369515011546,12,10295.025539721244,12275.0,3.941108545034642,51,1.1190751445086706
2026_Chinese_Grand_Prix_Qualifying,2026,Chinese Grand Prix,Qualifying,COL,8,93.634,1.5700000000000074,67.71710909418414,52.22222222222223,22.5,37.916666666666664,14,10718.73975298644,12005.0,4.605555555555555,57,1.344923504867872
2026_Chinese_Grand_Prix_Qualifying,2026,Chinese Grand Prix,Qualifying,COL,9,117.17,25.10600000000001,43.013567639751834,19.447513812154696,31.04972375690608,22.099447513812155,14,10107.952670113566,12274.0,3.6011049723756905,58,1.1803097345132743
2026_Chinese_Grand_Prix_Qualifying,2026,Chinese Grand Prix,Qualifying,COL,11,93.616,1.5520000000000067,63.20731028671504,47.12482468443198,24.544179523141654,24.96493688639551,15,10570.439784964994,13214.0,4.786816269284713,55,1.2036516853932584
2026_Chinese_Grand_Prix_Qualifying,2026,Chinese Grand Prix,Qualifying,COL,12,115.501,23.437000000000012,46.88540606713765,21.92090395480226,27.570621468926554,21.92090395480226,13,10164.86897959355,11962.0,3.7152542372881356,48,1.1391402714932126
2026_Chinese_Grand_Prix_Qualifying,2026,Chinese Grand Prix,Qualifying,COL,14,93.357,1.2930000000000064,67.16988453256177,47.559274755927476,17.85216178521618,20.781032078103205,10,10650.54529128354,12248.0,4.783821478382148,55,1.3966480446927374
2026_Chinese_Grand_Prix_Qualifying,2026,Chinese Grand Prix,Qualifying,COL,15,115.348,23.284000000000006,44.29617615021011,20.436280137772673,29.965556831228472,18.025258323765787,11,10209.392379420016,12193.0,3.681974741676234,42,1.190795019770115
2026_Chinese_Grand_Prix_Qualifying,2026,Chinese Grand Prix,Qualifying,OCO,2,94.904,2.8400000000000034,65.33081114104763,47.74281805745554,16.00547195622435,21.3406292749658,15,10502.42805584476,12239.0,4.92749658002736,51,1.1863013698630136
2026_Chinese_Grand_Prix_Qualifying,2026,Chinese Grand Prix,Qualifying,OCO,3,114.005,21.941000000000003,47.705194688666396,23.36018411967779,26.352128883774455,23.705408515535098,12,9635.7040741059,11951.0,4.3107019562715765,48,1.018862007578085
2026_Chinese_Grand_Prix_Qualifying,2026,Chinese Grand Prix,Qualifying,OCO,5,94.068,2.004000000000005,104.0,100.0,0.0,100.0,1,8428.0,8428.0,2.0,0,0.0
2026_Chinese_Grand_Prix_Qualifying,2026,Chinese Grand Prix,Qualifying,OCO,6,130.55,38.48600000000002,104.0,100.0,0.0,100.0,1,8428.0,8428.0,2.0,0,0.0
2026_Chinese_Grand_Prix_Qualifying,2026,Chinese Grand Prix,Qualifying,OCO,7,93.974,1.9100000000000108,104.0,100.0,0.0,100.0,1,8428.0,8428.0,2.0,0,0.0
2026_Chinese_Grand_Prix_Qualifying,2026,Chinese Grand Prix,Qualifying,OCO,8,124.343,32.27900000000001,104.0,100.0,0.0,100.0,1,8428.0,8428.0,2.0,0,0.0
2026_Chinese_Grand_Prix_Qualifying,2026,Chinese Grand Prix,Qualifying,OCO,10,93.538,1.4740000000000038,65.09072507044583,47.6123595505618,15.308988764044946,20.50561797752809,11,10549.852311548411,12185.0,4.964887640449438,49,1.230661040787623
2026_Chinese_Grand_Prix_Qualifying,2026,Chinese Grand Prix,Qualifying,OCO,11,122.282,30.218000000000004,36.85701987247488,1.5135135135135136,26.378378378378383,20.324324324324326,17,9414.791361775326,11609.0,4.114594594594594,44,0.7781385281385281
2026_Chinese_Grand_Prix_Qualifying,2026,Chinese Grand Prix,Qualifying,OCO,13,97.148,5.084000000000003,63.78755204713615,43.81720430107527,13.844086021505376,22.311827956989248,11,10341.873196109278,11894.0,4.994623655913978,49,1.1843068657873486
2026_Chinese_Grand_Prix_Qualifying,2026,Chinese Grand Prix,Qualifying,OCO,14,128.063,35.998999999999995,34.133071331547846,1.131687242798354,29.218106995884774,16.872427983539097,12,9167.884285354574,11381.0,3.9228395061728394,44,0.8146858895159629
2026_Chinese_Grand_Prix_Qualifying,2026,Chinese Grand Prix,Qualifying,LAW,2,94.731,2.6670000000000016,70.52627511017127,54.54545454545454,20.081411126187245,28.08683853459973,13,10961.211591926894,12421.0,5.379918588873813,40,0.9823369565217391
2026_Chinese_Grand_Prix_Qualifying,2026,Chinese Grand Prix,Qualifying,LAW,3,116.952,24.888000000000005,50.61602297750551,27.57475083056478,28.903654485049834,22.148394241417495,12,10299.518733818448,12095.0,3.8826135105204873,43,0.9811529933481153
2026_Chinese_Grand_Prix_Qualifying,2026,Chinese Grand Prix,Qualifying,LAW,5,94.209,2.1450000000000102,63.69771186982986,47.3463687150838,23.18435754189944,21.508379888268156,11,10803.9016234368,12374.0,4.942737430167598,48,1.3748251748251747
2026_Chinese_Grand_Prix_Qualifying,2026,Chinese Grand Prix,Qualifying,LAW,6,112.876,20.812000000000012,51.67718142840213,25.437572928821474,27.07117852975496,15.635939323220537,12,10076.984004818607,11944.0,4.155192532088681,41,1.0327102803738317
2026_Chinese_Grand_Prix_Qualifying,2026,Chinese Grand Prix,Qualifying,LAW,7,111.381,19.317000000000007,52.67212360540671,27.325581395348834,28.953488372093023,16.97674418604651,10,10185.421746773472,12234.0,4.2011627906976745,50,0.9708963911525029
2026_Chinese_Grand_Prix_Qualifying,2026,Chinese Grand Prix,Qualifying,LAW,8,94.139,2.075000000000003,64.48380692019525,47.94326241134752,24.680851063829788,17.4468085106383,10,10761.874302757222,12203.0,4.919148936170213,46,1.2159090909090908
2026_Chinese_Grand_Prix_Qualifying,2026,Chinese Grand Prix,Qualifying,LAW,9,117.479,25.415000000000006,47.98993218529411,30.21978021978022,34.94505494505494,19.89010989010989,10,10290.809159185541,12086.0,3.831868131868132,54,0.9724972497249725
2026_Chinese_Grand_Prix_Qualifying,2026,Chinese Grand Prix,Qualifying,LAW,11,93.765,1.7010000000000076,65.98312871256637,48.59550561797753,23.03370786516854,25.702247191011235,12,10789.84835627041,12486.0,4.908707865168539,47,1.2475386779184248
2026_Chinese_Grand_Prix_Qualifying,2026,Chinese Grand Prix,Qualifying,LAW,12,114.48,22.41600000000001,51.931081441357655,31.006864988558352,31.006864988558352,26.08695652173913,12,10273.18636573757,12050.0,3.95766590389016,48,1.1191294387170676
2026_Chinese_Grand_Prix_Qualifying,2026,Chinese Grand Prix,Qualifying,LAW,14,96.237,4.173000000000002,65.46858228440215,45.799457994579946,22.76422764227642,25.474254742547426,12,10628.9494646272,12358.0,4.892953929539296,48,1.1291630679659554
2026_Chinese_Grand_Prix_Qualifying,2026,Chinese Grand Prix,Qualifying,LAW,15,129.557,37.492999999999995,35.60222455306454,14.37308868501529,41.284403669724774,16.411824668705403,16,9714.827684247792,11947.0,3.565749235474006,44,1.3813749433766234
2026_Chinese_Grand_Prix_Qualifying,2026,Chinese Grand Prix,Qualifying,LIN,2,114.185,22.12100000000001,60.39822777370809,40.816326530612244,17.233560090702948,28.798185941043087,14,9995.623641056582,12510.0,4.40702947845805,40,0.945516458569807
2026_Chinese_Grand_Prix_Qualifying,2026,Chinese Grand Prix,Qualifying,LIN,3,95.035,2.9710000000000036,66.05451909957998,47.748976807639835,14.733969986357435,27.148703956343795,14,10521.543894548842,12299.0,5.05593451568895,47,1.3581147558469946
2026_Chinese_Grand_Prix_Qualifying,2026,Chinese Grand Prix,Qualifying,LIN,4,120.01,27.946000000000012,49.54507536391244,21.60970231532525,20.727673649393605,17.971334068357223,12,10178.092535324082,11954.0,3.770672546857773,50,1.1245695350110376
2026_Chinese_Grand_Prix_Qualifying,2026,Chinese Grand Prix,Qualifying,LIN,5,95.961,3.8970000000000056,65.49444245260766,44.67213114754098,14.344262295081966,25.136612021857925,11,10403.993600555066,12409.0,5.006830601092896,49,1.1846785225718195
2026_Chinese_Grand_Prix_Qualifying,2026,Chinese Grand Prix,Qualifying,LIN,6,120.046,27.982000000000014,55.591814985131656,33.655913978494624,26.666666666666668,24.946236559139784,12,10304.963962647775,12486.0,3.760215053763441,55,1.0882669537136707
2026_Chinese_Grand_Prix_Qualifying,2026,Chinese Grand Prix,Qualifying,LIN,8,93.906,1.842000000000013,67.72275787404165,51.73370319001387,17.475728155339805,35.64493758668516,12,10709.62995889285,12433.0,4.778085991678225,48,1.2805555555555554
2026_Chinese_Grand_Prix_Qualifying,2026,Chinese Grand Prix,Qualifying,LIN,9,120.621,28.557000000000002,49.31859479906208,26.02591792656587,25.917926565874733,29.373650107991363,11,10163.665223053671,12419.0,3.4935205183585314,51,0.9500810810810811
2026_Chinese_Grand_Prix_Qualifying,2026,Chinese Grand Prix,Qualifying,LIN,11,93.784,1.720000000000013,67.77432917188837,48.11188811188811,13.286713286713287,24.335664335664337,10,10657.909943666413,12630.0,5.037762237762238,50,1.2282913165266107
2026_Chinese_Grand_Prix_Qualifying,2026,Chinese Grand Prix,Qualifying,LIN,12,115.688,23.62400000000001,50.01604613026684,27.314285714285713,29.25714285714286,21.257142857142856,9,10153.53040322119,12244.0,3.9954285714285716,49,1.037894159725057
2026_Chinese_Grand_Prix_Qualifying,2026,Chinese Grand Prix,Qualifying,LIN,14,98.588,6.524000000000001,62.57864916076709,42.5531914893617,15.02659574468085,21.01063829787234,9,10546.253355951078,12271.0,4.7938829787234045,49,1.602889479840213
2026_Chinese_Grand_Prix_Qualifying,2026,Chinese Grand Prix,Qualifying,LIN,15,126.293,34.22900000000001,45.05909475578137,16.632231404958677,24.89669421487603,16.83884297520661,11,9938.482019917074,12112.0,3.5733471074380163,48,0.8202998972492245
2026_Chinese_Grand_Prix_Qualifying,2026,Chinese Grand Prix,Qualifying,BOR,2,137.426,45.361999999999995,51.21337785273275,30.377358490566035,28.867924528301884,21.60377358490566,11,9635.803227717759,11878.0,3.1669811320754717,45,1.3240084910292729
2026_Chinese_Grand_Prix_Qualifying,2026,Chinese Grand Prix,Qualifying,BOR,3,94.349,2.285000000000011,65.4143050170909,49.31506849315068,20.410958904109588,19.589041095890412,10,10544.462940455374,12234.0,4.778082191780822,48,1.2839506172839505
2026_Chinese_Grand_Prix_Qualifying,2026,Chinese Grand Prix,Qualifying,BOR,4,131.917,39.85300000000001,40.448363298726235,18.724696356275302,26.31578947368421,21.356275303643724,15,9399.565821398204,12230.0,3.5091093117408905,34,1.0101317122593718
2026_Chinese_Grand_Prix_Qualifying,2026,Chinese Grand Prix,Qualifying,BOR,5,94.484,2.4200000000000017,66.75192777049904,50.204081632653065,18.231292517006803,19.727891156462583,11,10580.951794103505,12733.0,4.808163265306122,52,1.2602179836512262
2026_Chinese_Grand_Prix_Qualifying,2026,Chinese Grand Prix,Qualifying,BOR,6,123.416,31.352000000000004,40.89514732326374,10.40339702760085,29.40552016985138,22.929936305732486,14,9523.813894458312,11653.0,3.8694267515923566,44,1.0425079702444209
2026_Chinese_Grand_Prix_Qualifying,2026,Chinese Grand Prix,Qualifying,BOR,8,93.549,1.4850000000000136,70.99814038110365,52.42718446601942,17.05963938973648,28.71012482662968,14,10631.70669647385,12289.0,4.728155339805825,46,1.2708333333333333
2026_Chinese_Grand_Prix_Qualifying,2026,Chinese Grand Prix,Qualifying,BOR,9,126.409,34.34500000000001,42.65420077258789,18.19116135662898,30.01027749229188,26.92702980472765,13,9168.309290124658,11506.0,3.895169578622816,39,1.0658436213991769
2026_Chinese_Grand_Prix_Qualifying,2026,Chinese Grand Prix,Qualifying,BOR,11,93.965,1.9010000000000105,71.46816905851875,57.90209790209791,17.902097902097903,43.77622377622378,13,10592.801310699871,12895.0,4.510489510489511,45,1.2675070028011204
2026_Chinese_Grand_Prix_Qualifying,2026,Chinese Grand Prix,Qualifying,BOR,12,115.875,23.811000000000007,59.92638397607872,40.229885057471265,21.379310344827587,37.12643678160919,12,9857.45304175812,11578.0,4.125287356321839,37,1.3762945914844649
2026_Chinese_Grand_Prix_Qualifying,2026,Chinese Grand Prix,Qualifying,BOR,14,126.878,34.81400000000001,56.33489760884463,41.43302180685358,23.364485981308412,23.67601246105919,11,9288.413561225416,12274.0,3.7497403946002077,59,1.1081081081081081
2026_Chinese_Grand_Prix_Qualifying,2026,Chinese Grand Prix,Qualifying,SAI,2,114.19,22.126000000000005,60.6090739580294,39.38706015891033,22.587968217934165,36.43586833144155,13,10465.008845733777,12662.0,3.6004540295119183,47,1.3113636363636363
2026_Chinese_Grand_Prix_Qualifying,2026,Chinese Grand Prix,Qualifying,SAI,3,95.352,3.288000000000011,72.8758219460999,53.278688524590166,16.256830601092894,31.010928961748636,14,10669.391280606027,12079.0,5.2636612021857925,50,1.1778385772913817
2026_Chinese_Grand_Prix_Qualifying,2026,Chinese Grand Prix,Qualifying,SAI,4,116.538,24.474000000000004,49.066977492546094,21.882086167800455,29.138321995464857,26.984126984126984,11,10027.161966080406,11734.0,4.173469387755102,47,0.7705070032538781
2026_Chinese_Grand_Prix_Qualifying,2026,Chinese Grand Prix,Qualifying,SAI,5,147.817,55.753000000000014,44.28977165391436,25.287356321839084,32.62599469496021,29.53138815207781,16,8633.183496665977,12314.0,2.819628647214854,45,0.9930825930383481
2026_Chinese_Grand_Prix_Qualifying,2026,Chinese Grand Prix,Qualifying,SAI,6,96.698,4.634,65.82615013614489,50.80428954423593,19.839142091152816,23.19034852546917,13,10504.147536020948,12003.0,4.6997319034852545,58,1.1530201342281878
2026_Chinese_Grand_Prix_Qualifying,2026,Chinese Grand Prix,Qualifying,SAI,7,118.57,26.506,46.724826719853105,15.625,28.125,31.026785714285715,16,10181.015903124618,11808.0,3.5066964285714284,55,1.253494159146775
2026_Chinese_Grand_Prix_Qualifying,2026,Chinese Grand Prix,Qualifying,SAI,9,94.317,2.253,68.2724975957167,52.73492286115007,17.11079943899018,26.227208976157083,11,10683.508513799226,12333.0,4.8218793828892,57,1.2640449438202248
2026_Chinese_Grand_Prix_Qualifying,2026,Chinese Grand Prix,Qualifying,SAI,10,123.505,31.441000000000003,34.569137972548596,1.0460251046025104,34.10041841004184,24.89539748953975,12,10005.273101039798,12104.0,3.452928870292887,52,0.6952879581151833
2026_Chinese_Grand_Prix_Qualifying,2026,Chinese Grand Prix,Qualifying,ALB,2,113.906,21.842000000000013,56.57243088438988,35.0,22.272727272727273,28.18181818181818,12,9926.208817876348,12117.0,3.8806818181818183,53,1.3378839590443685
2026_Chinese_Grand_Prix_Qualifying,2026,Chinese Grand Prix,Qualifying,ALB,3,95.501,3.437000000000012,69.32320386896899,54.91803278688525,20.491803278688526,26.775956284153008,12,10552.14941381411,12331.0,5.243169398907104,45,0.9849521203830369
2026_Chinese_Grand_Prix_Qualifying,2026,Chinese Grand Prix,Qualifying,ALB,4,109.587,17.52300000000001,62.35113519358778,38.18615751789976,21.002386634844868,25.6563245823389,10,10477.879956018893,12144.0,4.178997613365155,45,1.1290322580645162
2026_Chinese_Grand_Prix_Qualifying,2026,Chinese Grand Prix,Qualifying,ALB,5,136.601,44.537000000000006,44.46786616193477,23.404255319148938,27.176015473887816,22.53384912959381,12,9279.07181448595,11992.0,3.081237911025145,52,1.0145208131655372
2026_Chinese_Grand_Prix_Qualifying,2026,Chinese Grand Prix,Qualifying,ALB,6,95.145,3.081000000000003,63.82873862220959,49.18918918918919,24.72972972972973,22.972972972972975,9,10642.851139478551,12946.0,4.72972972972973,52,1.1799729364005414
2026_Chinese_Grand_Prix_Qualifying,2026,Chinese Grand Prix,Qualifying,ALB,7,114.571,22.507000000000005,49.077716865780914,16.144018583042975,27.64227642276423,26.24854819976771,12,10167.793293446064,12009.0,4.015098722415796,50,1.1523255813953488
2026_Chinese_Grand_Prix_Qualifying,2026,Chinese Grand Prix,Qualifying,ALB,8,143.939,51.875,44.799611860854796,23.228699551569505,31.928251121076233,23.318385650224215,10,8963.359470039064,12759.0,2.945291479820628,48,0.8886894075403949
2026_Chinese_Grand_Prix_Qualifying,2026,Chinese Grand Prix,Qualifying,ALB,9,94.772,2.7080000000000126,67.74634903355779,52.48933143669986,19.34566145092461,21.052631578947366,10,10684.16315555828,12363.0,4.833570412517781,47,1.1951566951566952
2026_Chinese_Grand_Prix_Qualifying,2026,Chinese Grand Prix,Qualifying,ALB,10,120.841,28.777,39.39363111361424,6.2032085561497325,27.48663101604278,20.53475935828877,12,10626.325825780696,12575.0,3.2385026737967912,49,0.9411134903640257
2026_Chinese_Grand_Prix_Qualifying,2026,Chinese Grand Prix,Qualifying,ALO,2,96.338,4.274000000000001,68.68403130491679,57.9088471849866,19.839142091152816,33.78016085790885,14,10202.540523139805,11896.0,4.479892761394102,43,1.1476510067114094
2026_Chinese_Grand_Prix_Qualifying,2026,Chinese Grand Prix,Qualifying,ALO,3,117.571,25.507000000000005,55.083077228236334,39.16391639163916,28.272827282728276,35.973597359735976,15,9048.494269387029,11364.0,3.915291529152915,40,1.105726872246696
2026_Chinese_Grand_Prix_Qualifying,2026,Chinese Grand Prix,Qualifying,ALO,4,141.906,49.84200000000001,43.838627707229776,25.842696629213485,32.67790262172285,19.101123595505616,11,8397.338024629922,11576.0,3.1376404494382024,60,0.9615745079662605
2026_Chinese_Grand_Prix_Qualifying,2026,Chinese Grand Prix,Qualifying,ALO,5,95.446,3.382000000000005,64.10838737489301,50.81300813008131,22.76422764227642,22.899728997289973,16,10295.427877609596,11940.0,4.827913279132791,57,1.2062415196743554
2026_Chinese_Grand_Prix_Qualifying,2026,Chinese Grand Prix,Qualifying,ALO,6,118.604,26.540000000000006,42.618864904112236,28.492239467849224,40.79822616407982,17.516629711751662,10,9097.662521957946,11487.0,4.136363636363637,43,0.9922308546059934
2026_Chinese_Grand_Prix_Qualifying,2026,Chinese Grand Prix,Qualifying,ALO,8,95.203,3.13900000000001,63.5871844336052,50.413223140495866,23.27823691460055,18.59504132231405,13,10226.080100636642,11792.0,4.869146005509642,49,1.1627586206896552
2026_Chinese_Grand_Prix_Qualifying,2026,Chinese Grand Prix,Qualifying,ALO,9,118.64,26.576000000000008,33.80723287241545,11.31664853101197,45.15778019586507,11.860718171926006,6,9068.017256134925,11389.0,4.169749727965179,43,0.9782135076252724
2026_Chinese_Grand_Prix_Qualifying,2026,Chinese Grand Prix,Qualifying,BOT,2,96.968,4.904000000000011,63.399197686708064,44.966442953020135,22.01342281879195,21.476510067114095,12,10302.825222057832,12136.0,4.998657718120805,46,1.2755376344086022
2026_Chinese_Grand_Prix_Qualifying,2026,Chinese Grand Prix,Qualifying,BOT,3,115.084,23.02000000000001,48.654529584790154,31.751412429378533,34.463276836158194,25.423728813559322,13,9741.009935141798,11905.0,4.066666666666666,57,0.9660633484162896
2026_Chinese_Grand_Prix_Qualifying,2026,Chinese Grand Prix,Qualifying,BOT,5,95.928,3.8640000000000043,67.29633039579666,50.13623978201635,18.52861035422343,24.38692098092643,13,10351.059510672525,12118.0,4.967302452316076,48,1.3260572987721693
2026_Chinese_Grand_Prix_Qualifying,2026,Chinese Grand Prix,Qualifying,BOT,6,118.816,26.75200000000001,48.90979786532693,29.046563192904657,30.93126385809313,26.82926829268293,15,9845.14955052356,11853.0,3.720620842572062,37,1.0699223085460599
2026_Chinese_Grand_Prix_Qualifying,2026,Chinese Grand Prix,Qualifying,BOT,8,95.436,3.372000000000014,65.52838207387495,50.1358695652174,20.92391304347826,24.86413043478261,13,10387.959752932842,11911.0,4.836956521739131,41,1.2190476190476192
2026_Chinese_Grand_Prix_Qualifying,2026,Chinese Grand Prix,Qualifying,BOT,9,125.483,33.41900000000001,37.35836995898402,11.180124223602485,33.643892339544514,21.428571428571427,13,9582.776704838014,12133.0,3.8064182194616976,46,0.6756476683937824
2026_Chinese_Grand_Prix_Qualifying,2026,Chinese Grand Prix,Qualifying,STR,2,97.069,5.00500000000001,65.09348508073991,54.593874833555255,19.573901464713714,22.63648468708389,15,10023.073860684077,11756.0,4.62849533954727,49,1.244
2026_Chinese_Grand_Prix_Qualifying,2026,Chinese Grand Prix,Qualifying,STR,3,123.648,31.584000000000003,47.51097149476701,37.368421052631575,30.0,28.73684210526316,13,9549.723225209827,12161.0,3.363157894736842,44,0.9894625922023182
2026_Chinese_Grand_Prix_Qualifying,2026,Chinese Grand Prix,Qualifying,STR,4,140.364,48.30000000000001,49.37007005222588,32.89224952741021,23.440453686200378,19.565217391304348,15,9049.652960682133,12565.0,3.1540642722117203,53,0.859035004730369
2026_Chinese_Grand_Prix_Qualifying,2026,Chinese Grand Prix,Qualifying,STR,5,96.412,4.348000000000013,65.5382454950714,53.36021505376344,22.311827956989248,19.623655913978492,12,10361.166226574873,12131.0,4.735215053763441,55,1.0955585464333781
2026_Chinese_Grand_Prix_Qualifying,2026,Chinese Grand Prix,Qualifying,STR,6,120.023,27.959000000000003,49.431354876055714,38.0327868852459,33.33333333333333,25.245901639344265,11,9831.648183247795,12536.0,3.5289617486338796,44,1.0306345733041575
2026_Chinese_Grand_Prix_Qualifying,2026,Chinese Grand Prix,Qualifying,STR,8,95.995,3.9310000000000116,66.43735586096912,54.657534246575345,19.315068493150687,19.589041095890412,9,10365.630810192743,12455.0,4.675342465753425,50,1.045267489711934
2026_Chinese_Grand_Prix_Qualifying,2026,Chinese Grand Prix,Qualifying,STR,9,130.224,38.16,41.54934171536211,30.387288977159884,31.678252234359483,17.27904667328699,18,9756.2954182424,12526.0,3.16583912611718,52,1.2385685884691848
2026_Chinese_Grand_Prix_Qualifying,2026,Chinese Grand Prix,Qualifying,PER,2,97.524,5.460000000000008,61.56045614160435,43.69063772048847,19.131614654002714,19.26729986431479,11,10301.845618657931,12465.0,4.841248303934871,44,1.372282608695652
2026_Chinese_Grand_Prix_Qualifying,2026,Chinese Grand Prix,Qualifying,PER,3,114.254,22.190000000000012,50.40505869354488,33.524684270952925,24.110218140068888,23.421354764638348,13,10128.402578194266,12478.0,4.006888633754305,45,1.0275862068965518
2026_Chinese_Grand_Prix_Qualifying,2026,Chinese Grand Prix,Qualifying,PER,5,96.906,4.842000000000013,67.89069385024952,53.279785809906286,12.985274431057563,29.049531459170012,14,10470.530280186358,12441.0,4.615796519410977,46,1.2265415549597856
2026_Chinese_Grand_Prix_Qualifying,2026,Chinese Grand Prix,Qualifying,PER,6,124.362,32.298,46.03977782018237,28.229166666666668,25.208333333333332,26.041666666666668,10,9528.067938694314,12034.0,4.003125,42,0.8852971845672576
2026_Japanese_Grand_Prix_Qualifying,2026,Japanese Grand Prix,Qualifying,ANT,2,90.035,1.2569999999999908,70.44998048542985,55.83456425406204,13.146233382570163,14.47562776957164,10,10694.328469729366,12082.0,5.534711964549483,44,1.282544378698225
2026_Japanese_Grand_Prix_Qualifying,2026,Japanese Grand Prix,Qualifying,ANT,3,116.306,27.52799999999999,36.799528807457015,10.857142857142858,29.37142857142857,25.942857142857147,15,9820.263449099344,11918.0,4.216,49,1.2894736842105263
2026_Japanese_Grand_Prix_Qualifying,2026,Japanese Grand Prix,Qualifying,ANT,5,89.774,0.9959999999999951,69.82790384797791,56.45645645645646,12.462462462462462,16.966966966966968,11,10672.725230288665,12320.0,5.551051051051051,41,1.3338345864661654
2026_Japanese_Grand_Prix_Qualifying,2026,Japanese Grand Prix,Qualifying,ANT,6,107.772,18.994,49.55249971915062,25.334957369062117,23.26431181485993,26.9183922046285,10,9999.43962323078,11853.0,4.483556638246041,39,1.2346189034146342
2026_Japanese_Grand_Prix_Qualifying,2026,Japanese Grand Prix,Qualifying,ANT,8,89.048,0.269999999999996,74.50851396292568,60.90116279069767,11.337209302325581,30.523255813953487,13,10769.410321936544,12302.0,5.565406976744186,43,1.4541484716157205
2026_Japanese_Grand_Prix_Qualifying,2026,Japanese Grand Prix,Qualifying,ANT,9,112.223,23.444999999999993,40.42187482547109,14.779499404052443,27.771156138259833,29.67818831942789,13,9960.95488471313,11570.0,4.502979737783075,39,0.9212410501193318
2026_Japanese_Grand_Prix_Qualifying,2026,Japanese Grand Prix,Qualifying,ANT,11,88.778,0.0,79.34720126063891,65.5425219941349,6.158357771260997,41.49560117302053,10,11076.13699900776,12682.0,5.023460410557185,32,1.105726872246696
2026_Japanese_Grand_Prix_Qualifying,2026,Japanese Grand Prix,Qualifying,ANT,12,105.679,16.900999999999996,74.19596912940973,58.080808080808076,8.83838383838384,61.86868686868687,12,10423.67921139587,11854.0,4.44949494949495,26,1.1277286135693214
2026_Japanese_Grand_Prix_Qualifying,2026,Japanese Grand Prix,Qualifying,ANT,14,88.839,0.06099999999999284,79.05617083360413,66.86746987951807,9.036144578313253,33.433734939759034,13,10832.699320267693,12136.0,5.599397590361446,40,1.0935143288084463
2026_Japanese_Grand_Prix_Qualifying,2026,Japanese Grand Prix,Qualifying,ANT,15,116.462,27.683999999999997,34.69541739583069,5.4748603351955305,28.156424581005584,23.35195530726257,13,9816.649406726121,11719.0,4.233519553072625,49,1.0838926174496644
2026_Japanese_Grand_Prix_Qualifying,2026,Japanese Grand Prix,Qualifying,RUS,2,90.631,1.8529999999999944,68.96425899018831,55.44117647058824,18.676470588235293,12.794117647058822,11,10601.29629471293,12138.0,5.555882352941176,44,1.2901325478645067
2026_Japanese_Grand_Prix_Qualifying,2026,Japanese Grand Prix,Qualifying,RUS,3,120.217,31.438999999999993,38.22079299176145,16.189427312775333,30.286343612334804,21.255506607929515,10,9781.377130996229,11518.0,4.176211453744493,45,0.8721058434399118
2026_Japanese_Grand_Prix_Qualifying,2026,Japanese Grand Prix,Qualifying,RUS,5,89.967,1.188999999999993,77.1169155313452,65.57863501483679,13.353115727002967,24.33234421364985,10,10589.64588926131,12322.0,5.778931750741839,42,1.3551263001485885
2026_Japanese_Grand_Prix_Qualifying,2026,Japanese Grand Prix,Qualifying,RUS,6,119.68,30.902,39.9709953033214,24.23580786026201,34.1703056768559,22.925764192139738,12,9763.993500508026,11573.0,4.141921397379913,40,1.1619034602550091
2026_Japanese_Grand_Prix_Qualifying,2026,Japanese Grand Prix,Qualifying,RUS,8,90.117,1.3389999999999986,70.57475694630317,59.4311377245509,18.113772455089823,11.377245508982035,7,10582.652971311207,12124.0,5.637724550898204,42,1.2308845577211394
2026_Japanese_Grand_Prix_Qualifying,2026,Japanese Grand Prix,Qualifying,RUS,9,112.666,23.88799999999999,45.38023234726912,25.549132947976876,28.78612716763006,16.647398843930635,9,10099.045425231903,11687.0,4.3329479768786126,44,1.1551794
2026_Japanese_Grand_Prix_Qualifying,2026,Japanese Grand Prix,Qualifying,RUS,11,89.767,0.9889999999999901,73.94544714018512,63.52941176470588,15.147058823529411,16.76470588235294,8,10665.144387475637,12835.0,5.705882352941177,41,1.235640648011782
2026_Japanese_Grand_Prix_Qualifying,2026,Japanese Grand Prix,Qualifying,RUS,12,124.89,36.111999999999995,31.99076196242796,7.939914163090128,28.11158798283262,17.167381974248926,10,9743.05585337063,11588.0,3.9785407725321886,42,0.9409237379162191
2026_Japanese_Grand_Prix_Qualifying,2026,Japanese Grand Prix,Qualifying,RUS,13,121.576,32.79799999999999,43.344093865668924,17.590618336886994,19.936034115138593,16.098081023454156,11,9994.26526535987,11532.0,3.978678038379531,49,1.0128068303094984
2026_Japanese_Grand_Prix_Qualifying,2026,Japanese Grand Prix,Qualifying,RUS,14,89.686,0.9080000000000013,71.8311449246937,59.11047345767575,17.93400286944046,12.338593974175035,8,10581.644061810082,12483.0,5.664275466284074,43,1.1882183908045978
2026_Japanese_Grand_Prix_Qualifying,2026,Japanese Grand Prix,Qualifying,RUS,15,105.164,16.385999999999996,49.80550015585041,31.41025641025641,27.435897435897438,17.564102564102562,10,10050.875998671318,11576.0,4.773076923076923,42,0.9871630295250321
2026_Japanese_Grand_Prix_Qualifying,2026,Japanese Grand Prix,Qualifying,RUS,17,89.076,0.2979999999999876,73.91231242501057,62.48175182481752,15.036496350364963,14.744525547445257,9,10713.876879562373,12665.0,5.643795620437956,44,1.2236842105263157
2026_Japanese_Grand_Prix_Qualifying,2026,Japanese Grand Prix,Qualifying,RUS,18,108.956,20.177999999999997,45.67496810390529,27.66217870257038,26.92778457772338,15.66707466340269,8,10004.219439670005,11442.0,4.6413708690330475,46,0.9676981202614379
2026_Japanese_Grand_Prix_Qualifying,2026,Japanese Grand Prix,Qualifying,RUS,20,89.195,0.4169999999999874,74.4378254815116,61.86186186186187,17.117117117117118,19.21921921921922,9,10642.357145036769,12304.0,5.657657657657658,43,1.1774436090225564
2026_Japanese_Grand_Prix_Qualifying,2026,Japanese Grand Prix,Qualifying,RUS,21,127.357,38.57899999999999,31.88875238331543,11.782786885245903,31.25,15.368852459016393,8,9235.586000146475,11083.0,4.096311475409836,35,0.6430769230769231
2026_Japanese_Grand_Prix_Qualifying,2026,Japanese Grand Prix,Qualifying,PIA,2,90.438,1.6599999999999966,68.37083254677171,56.029411764705884,17.5,11.617647058823529,9,10891.843707231219,12430.0,6.025,42,1.2061855670103092
2026_Japanese_Grand_Prix_Qualifying,2026,Japanese Grand Prix,Qualifying,PIA,3,122.498,33.72,25.93661760839024,2.4282560706401766,28.697571743929362,9.271523178807946,5,10651.400848494119,12423.0,4.182119205298013,42,0.6298342541436464
2026_Japanese_Grand_Prix_Qualifying,2026,Japanese Grand Prix,Qualifying,PIA,4,90.324,1.5459999999999923,68.0408018625759,55.391432791728214,19.49778434268833,13.58936484490399,10,10876.656216837433,12426.0,6.035450516986706,42,1.168639053254438
2026_Japanese_Grand_Prix_Qualifying,2026,Japanese Grand Prix,Qualifying,PIA,5,117.95,29.171999999999997,24.88468265377152,1.342281879194631,33.22147651006711,13.422818791946309,7,10554.767029779303,11943.0,4.345637583892618,43,0.6573348264277715
2026_Japanese_Grand_Prix_Qualifying,2026,Japanese Grand Prix,Qualifying,PIA,7,90.2,1.421999999999997,68.49900269876933,55.895196506550214,18.049490538573508,22.416302765647742,14,10906.288362106096,12457.0,6.037845705967976,42,1.346938775510204
2026_Japanese_Grand_Prix_Qualifying,2026,Japanese Grand Prix,Qualifying,PIA,8,113.098,24.319999999999993,29.771375415519323,2.4504084014002334,27.18786464410735,12.485414235705951,8,10566.097255233144,11980.0,4.654609101516919,36,0.7990654205607477
2026_Japanese_Grand_Prix_Qualifying,2026,Japanese Grand Prix,Qualifying,PIA,10,89.451,0.6729999999999876,67.71712647354369,55.10791366906474,17.841726618705035,11.510791366906476,9,10959.081223098201,12503.0,6.028776978417266,42,1.175792507204611
2026_Japanese_Grand_Prix_Qualifying,2026,Japanese Grand Prix,Qualifying,PIA,11,115.399,26.620999999999995,27.9150209209497,1.9340159271899888,30.37542662116041,15.927189988623436,7,10794.513787934071,12366.0,4.386803185437998,44,0.8097949886104784
2026_Japanese_Grand_Prix_Qualifying,2026,Japanese Grand Prix,Qualifying,PIA,13,89.829,1.0509999999999877,70.91644967744655,57.57142857142858,17.142857142857142,22.714285714285715,11,10992.83608472609,12561.0,6.088571428571429,39,1.167381974248927
2026_Japanese_Grand_Prix_Qualifying,2026,Japanese Grand Prix,Qualifying,PIA,14,114.579,25.800999999999988,34.91130822943069,10.419026047565119,27.40656851642129,20.045300113250285,10,10516.719645599347,11968.0,4.630804077010192,40,0.843302558600583
2026_Japanese_Grand_Prix_Qualifying,2026,Japanese Grand Prix,Qualifying,PIA,16,89.132,0.3539999999999992,67.95785935960147,56.66178623718887,18.301610541727673,12.005856515373353,9,10958.83502902033,12695.0,6.086383601756955,42,1.156891495601173
2026_Japanese_Grand_Prix_Qualifying,2026,Japanese Grand Prix,Qualifying,PIA,17,112.345,23.566999999999993,28.657912895745948,1.4234875444839856,26.571767497034397,11.150652431791222,5,10917.309471910185,12022.0,4.534994068801898,38,0.7007125890736342
2026_Japanese_Grand_Prix_Qualifying,2026,Japanese Grand Prix,Qualifying,PIA,19,89.198,0.4199999999999875,70.11034667920325,57.67511177347243,16.24441132637854,15.648286140089418,11,10915.536518288,12643.0,6.017883755588674,39,1.291044776119403
2026_Japanese_Grand_Prix_Qualifying,2026,Japanese Grand Prix,Qualifying,PIA,20,118.545,29.766999999999996,30.384429686285696,11.810154525386315,30.573951434878587,14.67991169977925,10,10611.80548076389,12462.0,4.335540838852097,41,0.9314917127071823
2026_Japanese_Grand_Prix_Qualifying,2026,Japanese Grand Prix,Qualifying,LEC,2,90.078,1.2999999999999972,77.5882631638766,61.897590361445786,4.367469879518072,30.42168674698795,10,10930.482090794843,12271.0,5.602409638554217,35,1.0844645550527903
2026_Japanese_Grand_Prix_Qualifying,2026,Japanese Grand Prix,Qualifying,LEC,3,121.896,33.117999999999995,40.40907298492357,11.80327868852459,24.262295081967213,23.387978142076502,12,10340.742367502562,12299.0,3.957377049180328,39,1.178127278774617
2026_Japanese_Grand_Prix_Qualifying,2026,Japanese Grand Prix,Qualifying,LEC,4,111.805,23.027,49.14741569847035,23.764705882352942,28.352941176470587,16.823529411764707,11,10604.265039544813,12234.0,4.298823529411765,47,1.06147428409894
2026_Japanese_Grand_Prix_Qualifying,2026,Japanese Grand Prix,Qualifying,LEC,5,89.915,1.1370000000000005,74.65332179173359,58.933717579250725,6.195965417867435,11.239193083573488,9,10909.530987469332,12266.0,5.672910662824208,41,1.176046176046176
2026_Japanese_Grand_Prix_Qualifying,2026,Japanese Grand Prix,Qualifying,LEC,6,115.344,26.56599999999999,43.21961455579021,14.742857142857144,26.171428571428574,17.485714285714284,8,10469.10522786898,11821.0,4.162285714285714,36,0.9462242562929062
2026_Japanese_Grand_Prix_Qualifying,2026,Japanese Grand Prix,Qualifying,LEC,8,89.785,1.0069999999999908,73.59571584128257,58.19793205317577,11.669128508124077,12.55539143279173,8,10888.695532766586,12400.0,5.525849335302807,40,1.1627218934911243
2026_Japanese_Grand_Prix_Qualifying,2026,Japanese Grand Prix,Qualifying,LEC,9,111.384,22.605999999999995,50.99891539719359,30.069930069930066,25.874125874125873,16.55011655011655,10,10410.982616392792,12200.0,4.454545454545454,48,1.338389731621937
2026_Japanese_Grand_Prix_Qualifying,2026,Japanese Grand Prix,Qualifying,LEC,11,89.303,0.5249999999999915,75.26269871357268,58.45921450151057,8.157099697885197,12.537764350453173,7,10903.099894271378,12370.0,5.711480362537764,41,1.1497730711043872
2026_Japanese_Grand_Prix_Qualifying,2026,Japanese Grand Prix,Qualifying,LEC,12,117.955,29.176999999999992,43.239938491549516,22.355507088331517,31.406761177753545,25.190839694656486,11,10203.138959207185,12155.0,4.152671755725191,47,1.175764192139738
2026_Japanese_Grand_Prix_Qualifying,2026,Japanese Grand Prix,Qualifying,LEC,14,89.434,0.6559999999999917,74.95042685238181,59.471365638766514,4.552129221732746,10.279001468428781,8,10903.041312420997,12338.0,5.697503671071953,39,1.1205882352941177
2026_Japanese_Grand_Prix_Qualifying,2026,Japanese Grand Prix,Qualifying,LEC,15,108.378,19.599999999999994,48.15115048579058,25.336597307221542,29.253365973072214,15.911872705018359,8,10504.06878590322,12000.0,4.558139534883721,44,0.8933823529411765
2026_Japanese_Grand_Prix_Qualifying,2026,Japanese Grand Prix,Qualifying,LEC,17,89.405,0.6269999999999953,74.11799601583631,57.89473684210527,5.994152046783626,10.23391812865497,7,10926.088050193886,12311.0,5.719298245614035,37,1.2005856515373352
2026_Japanese_Grand_Prix_Qualifying,2026,Japanese Grand Prix,Qualifying,NOR,2,90.676,1.8979999999999961,66.61108227882467,53.28358208955224,20.44776119402985,11.492537313432836,7,10830.332107129578,12401.0,6.04776119402985,41,1.3393124065769806
2026_Japanese_Grand_Prix_Qualifying,2026,Japanese Grand Prix,Qualifying,NOR,3,120.425,31.64699999999999,26.619506180315415,3.121516164994426,32.441471571906355,10.813823857302118,9,10385.253217981697,12498.0,4.381270903010034,46,0.7890625
2026_Japanese_Grand_Prix_Qualifying,2026,Japanese Grand Prix,Qualifying,NOR,4,90.401,1.6229999999999905,66.55656337812268,53.04606240713225,17.97919762258544,10.846953937592868,8,10874.371986482583,12369.0,5.903417533432393,43,1.2961309523809523
2026_Japanese_Grand_Prix_Qualifying,2026,Japanese Grand Prix,Qualifying,NOR,5,114.852,26.073999999999998,30.147000184129723,4.696449026345934,31.958762886597935,9.621993127147768,4,10316.287723216928,11987.0,4.864833906071019,37,0.8646788990825688
2026_Japanese_Grand_Prix_Qualifying,2026,Japanese Grand Prix,Qualifying,NOR,7,90.534,1.7560000000000002,69.58832589811874,57.06051873198847,18.29971181556196,28.530259365994237,10,10847.743398146178,12529.0,5.80835734870317,39,1.2842712842712842
2026_Japanese_Grand_Prix_Qualifying,2026,Japanese Grand Prix,Qualifying,NOR,8,116.497,27.718999999999994,29.45765662817882,8.295454545454547,37.38636363636363,13.068181818181818,6,10284.644341848523,11879.0,4.6068181818181815,33,0.8521046643913538
2026_Japanese_Grand_Prix_Qualifying,2026,Japanese Grand Prix,Qualifying,NOR,10,89.795,1.016999999999996,68.02820813269332,54.19630156472262,18.349928876244665,11.379800853485063,7,10961.026570801932,12525.0,5.9630156472261735,39,1.2264957264957266
2026_Japanese_Grand_Prix_Qualifying,2026,Japanese Grand Prix,Qualifying,NOR,11,113.456,24.677999999999997,28.302793747224737,3.747072599531616,37.11943793911007,10.421545667447308,6,10342.402631748435,11745.0,4.663934426229508,42,0.8417350527549824
2026_Japanese_Grand_Prix_Qualifying,2026,Japanese Grand Prix,Qualifying,NOR,13,90.101,1.3229999999999933,69.68487920019301,57.54985754985755,17.37891737891738,15.527065527065528,8,10958.912273520757,12665.0,5.965811965811966,41,1.231098430813124
2026_Japanese_Grand_Prix_Qualifying,2026,Japanese Grand Prix,Qualifying,NOR,14,117.191,28.412999999999997,32.105455486007905,10.927152317880795,33.554083885209714,16.887417218543046,8,10487.25264747638,12369.0,4.502207505518764,44,1.138121546961326
2026_Japanese_Grand_Prix_Qualifying,2026,Japanese Grand Prix,Qualifying,NOR,16,89.409,0.6310000000000002,70.19741794020723,57.971014492753625,16.666666666666664,9.420289855072465,6,11012.172832438197,12487.0,6.0,41,1.2002902757619738
2026_Japanese_Grand_Prix_Qualifying,2026,Japanese Grand Prix,Qualifying,NOR,17,109.25,20.471999999999994,32.225164779739586,3.056234718826406,33.863080684596575,10.146699266503667,5,10602.015448868733,12292.0,4.808068459657702,45,0.9033047735618115
2026_Japanese_Grand_Prix_Qualifying,2026,Japanese Grand Prix,Qualifying,NOR,19,89.757,0.9789999999999992,69.47919473217036,57.377049180327866,18.0327868852459,10.283159463487332,7,10954.954910949476,12477.0,6.065573770491803,43,1.2880597014925372
2026_Japanese_Grand_Prix_Qualifying,2026,Japanese Grand Prix,Qualifying,NOR,20,118.844,30.06599999999999,24.196854327727713,1.4207650273224044,37.814207650273225,12.6775956284153,6,10358.935688225514,11888.0,4.390163934426229,39,0.6323851203501094
2026_Japanese_Grand_Prix_Qualifying,2026,Japanese Grand Prix,Qualifying,HAM,2,90.628,1.8499999999999943,70.83682183184446,50.74850299401198,13.17365269461078,15.419161676646706,11,10796.783394379103,12428.0,5.624251497005988,37,1.353823088455772
2026_Japanese_Grand_Prix_Qualifying,2026,Japanese Grand Prix,Qualifying,HAM,3,125.792,37.013999999999996,31.261221916326924,0.8465608465608466,21.48148148148148,10.687830687830688,9,9387.65021974074,11468.0,4.321693121693122,33,0.715042372881356
2026_Japanese_Grand_Prix_Qualifying,2026,Japanese Grand Prix,Qualifying,HAM,4,113.774,24.995999999999995,50.49611667391149,25.46728971962617,19.042056074766357,18.80841121495327,11,9815.822853664311,11694.0,4.651869158878505,41,1.1122807017543859
2026_Japanese_Grand_Prix_Qualifying,2026,Japanese Grand Prix,Qualifying,HAM,5,90.309,1.5309999999999917,74.25814704736656,56.99855699855701,13.275613275613276,12.842712842712842,8,10836.845837926261,12190.0,5.691197691197691,37,1.1358381502890174
2026_Japanese_Grand_Prix_Qualifying,2026,Japanese Grand Prix,Qualifying,HAM,6,112.338,23.559999999999988,40.32625433513259,4.428904428904429,17.832167832167833,15.734265734265735,11,9731.83273626338,11686.0,4.7540792540792545,34,0.8296382730455076
2026_Japanese_Grand_Prix_Qualifying,2026,Japanese Grand Prix,Qualifying,HAM,8,90.118,1.3399999999999892,73.68457173494666,55.637982195845694,11.72106824925816,10.83086053412463,8,10840.128416956002,12346.0,5.7195845697329375,34,1.3164933135215453
2026_Japanese_Grand_Prix_Qualifying,2026,Japanese Grand Prix,Qualifying,HAM,9,112.847,24.06899999999999,47.111452343682146,25.23041474654378,25.460829493087555,14.746543778801843,7,9488.767494754758,11898.0,4.78110599078341,43,0.8719723183391004
2026_Japanese_Grand_Prix_Qualifying,2026,Japanese Grand Prix,Qualifying,HAM,11,89.945,1.1669999999999874,74.25530981353002,57.63473053892215,12.125748502994012,9.880239520958083,10,10826.018811389682,12659.0,5.744011976047904,35,1.169415292353823
2026_Japanese_Grand_Prix_Qualifying,2026,Japanese Grand Prix,Qualifying,HAM,12,131.496,42.718,30.408284700055063,5.697445972495088,19.05697445972495,12.966601178781925,11,9404.81346599537,11945.0,4.097249508840864,33,0.8751229105211407
2026_Japanese_Grand_Prix_Qualifying,2026,Japanese Grand Prix,Qualifying,HAM,13,89.589,0.8109999999999928,74.8590279783219,57.01881331403763,10.998552821997105,11.577424023154848,9,10871.041157490687,12297.0,5.725036179450072,38,1.1956521739130435
2026_Japanese_Grand_Prix_Qualifying,2026,Japanese Grand Prix,Qualifying,HAM,14,108.018,19.239999999999995,44.3479694084377,13.895781637717123,22.456575682382134,13.151364764267989,7,9623.566899930143,11744.0,5.204714640198511,37,0.8658385093167702
2026_Japanese_Grand_Prix_Qualifying,2026,Japanese Grand Prix,Qualifying,HAM,16,89.567,0.7889999999999873,75.67589201841214,59.851851851851855,10.814814814814815,9.037037037037036,7,10852.38772327335,12370.0,5.736296296296296,36,1.1869436201780414
2026_Japanese_Grand_Prix_Qualifying,2026,Japanese Grand Prix,Qualifying,HAM,17,107.554,18.775999999999996,50.037128546043725,24.600246002460025,17.958179581795818,12.546125461254611,7,9549.357047654894,11942.0,5.286592865928659,36,0.9308682277832512
2026_Japanese_Grand_Prix_Qualifying,2026,Japanese Grand Prix,Qualifying,HAM,19,89.66,0.8819999999999908,75.18482329356553,58.173784977908696,12.076583210603829,11.7820324005891,9,10824.190796708746,12313.0,5.818851251840942,38,1.1297935103244838
2026_Japanese_Grand_Prix_Qualifying,2026,Japanese Grand Prix,Qualifying,HAM,20,127.915,39.137,35.242274473884606,14.506172839506174,28.497942386831276,9.5679012345679,7,9008.567803733853,10931.0,4.412551440329218,33,0.5087538619979403
2026_Japanese_Grand_Prix_Qualifying,2026,Japanese Grand Prix,Qualifying,GAS,2,90.765,1.9869999999999948,71.46560069746815,55.57228915662651,14.006024096385541,15.66265060240964,9,10596.444672284135,12078.0,5.558734939759036,43,1.453996983408748
2026_Japanese_Grand_Prix_Qualifying,2026,Japanese Grand Prix,Qualifying,GAS,3,122.647,33.869,37.5811456997262,5.723542116630669,25.917926565874733,18.466522678185747,11,9713.905513332364,11496.0,4.033477321814255,42,1.1091891891891892
2026_Japanese_Grand_Prix_Qualifying,2026,Japanese Grand Prix,Qualifying,GAS,5,90.584,1.8059999999999974,71.67901120934773,55.021834061135365,13.537117903930133,21.397379912663755,9,10594.379831335898,12010.0,5.304221251819505,42,1.3965014577259476
2026_Japanese_Grand_Prix_Qualifying,2026,Japanese Grand Prix,Qualifying,GAS,6,121.556,32.77799999999999,36.45103184893978,10.085836909871244,33.047210300429185,16.95278969957082,8,9581.368141836241,11472.0,3.9989270386266096,33,0.8292158968850698
2026_Japanese_Grand_Prix_Qualifying,2026,Japanese Grand Prix,Qualifying,GAS,8,90.122,1.343999999999994,75.59380104024802,58.68945868945868,12.678062678062679,24.786324786324787,9,10769.937213970645,12117.0,5.703703703703703,39,1.2410841654778888
2026_Japanese_Grand_Prix_Qualifying,2026,Japanese Grand Prix,Qualifying,GAS,9,120.549,31.771,39.74257700245142,10.757409440175632,29.418221734357846,21.185510428100987,10,9530.520065928531,11509.0,4.271130625686059,35,1.0087912087912088
2026_Japanese_Grand_Prix_Qualifying,2026,Japanese Grand Prix,Qualifying,GAS,11,89.874,1.0959999999999894,75.45770000485217,59.598853868194844,14.469914040114611,28.510028653295127,10,10777.486254178713,11966.0,5.5315186246418335,38,1.2711621233859398
2026_Japanese_Grand_Prix_Qualifying,2026,Japanese Grand Prix,Qualifying,GAS,12,122.368,33.58999999999999,43.11027383815894,17.40976645435244,26.963906581740975,30.148619957537154,11,9481.341449935964,11441.0,4.035031847133758,32,1.0201912858661
2026_Japanese_Grand_Prix_Qualifying,2026,Japanese Grand Prix,Qualifying,GAS,14,90.294,1.5159999999999911,70.5785676277586,53.7463976945245,17.002881844380404,22.046109510086456,10,10651.710664907163,12488.0,5.600864553314121,43,1.4357864357864358
2026_Japanese_Grand_Prix_Qualifying,2026,Japanese Grand Prix,Qualifying,GAS,15,115.744,26.965999999999994,44.1589587083876,15.109573241061131,25.144175317185695,22.491349480968857,10,9831.402483258658,11600.0,4.343713956170704,36,0.9919168591224018
2026_Japanese_Grand_Prix_Qualifying,2026,Japanese Grand Prix,Qualifying,GAS,17,89.691,0.9129999999999967,70.56345727943348,53.51906158357771,16.568914956011728,19.794721407624632,11,10709.12695147651,12009.0,5.529325513196481,42,1.395007342143906
2026_Japanese_Grand_Prix_Qualifying,2026,Japanese Grand Prix,Qualifying,GAS,18,126.348,37.56999999999999,33.85896775090421,4.796663190823774,31.0740354535975,18.769551616266945,12,9324.156260954902,11479.0,4.02711157455683,33,0.7943632567849687
2026_Japanese_Grand_Prix_Qualifying,2026,Japanese Grand Prix,Qualifying,HAD,2,90.662,1.8840000000000003,65.91469607389985,48.4304932735426,19.282511210762333,13.901345291479823,10,10910.689435806462,12608.0,5.665171898355755,40,1.501497005988024
2026_Japanese_Grand_Prix_Qualifying,2026,Japanese Grand Prix,Qualifying,HAD,3,112.79,24.012,44.8219978246455,25.381903642773207,26.674500587544063,18.213866039952997,12,10210.939783642545,12061.0,4.534665099882491,49,1.2976470588235294
2026_Japanese_Grand_Prix_Qualifying,2026,Japanese Grand Prix,Qualifying,HAD,5,90.822,2.043999999999997,69.43325112415592,53.529411764705884,15.735294117647058,19.264705882352942,9,10793.820823519198,12301.0,5.745588235294117,41,1.524300441826215
2026_Japanese_Grand_Prix_Qualifying,2026,Japanese Grand Prix,Qualifying,HAD,6,109.553,20.77499999999999,48.53364627597274,28.843861740166865,26.340882002383793,19.66626936829559,11,10367.592554385967,11999.0,4.581644815256258,45,1.2517899761336515
2026_Japanese_Grand_Prix_Qualifying,2026,Japanese Grand Prix,Qualifying,HAD,8,90.339,1.5609999999999928,67.01289869338066,49.85163204747774,17.50741839762611,12.01780415430267,10,10911.501780211931,12342.0,5.691394658753709,38,1.4264487369985142
2026_Japanese_Grand_Prix_Qualifying,2026,Japanese Grand Prix,Qualifying,HAD,9,113.488,24.709999999999994,43.95357160540752,21.97055492638732,27.06681766704417,14.609286523216308,12,10349.28372178928,12293.0,4.416761041902605,53,1.1077097505668934
2026_Japanese_Grand_Prix_Qualifying,2026,Japanese Grand Prix,Qualifying,HAD,11,90.104,1.3259999999999934,67.06566204546034,50.64748201438849,18.1294964028777,13.956834532374101,8,10902.114266380311,12201.0,5.692086330935251,39,1.393371757925072
2026_Japanese_Grand_Prix_Qualifying,2026,Japanese Grand Prix,Qualifying,HAD,12,115.17,26.391999999999996,41.78900362461729,20.268756998880182,30.011198208286675,15.453527435610305,10,10391.265715594305,12495.0,4.257558790593505,46,1.1649033058295963
2026_Japanese_Grand_Prix_Qualifying,2026,Japanese Grand Prix,Qualifying,HAD,14,89.978,1.1999999999999886,67.83576753423553,51.39911634756995,17.525773195876287,13.402061855670103,8,10941.946163264274,12404.0,5.733431516936672,39,1.3893805309734513
2026_Japanese_Grand_Prix_Qualifying,2026,Japanese Grand Prix,Qualifying,HAD,15,104.345,15.566999999999993,52.286948269022645,34.59119496855346,23.52201257861635,12.452830188679245,7,10448.199725696946,12236.0,4.869182389937107,38,1.1234256926952142
2026_Japanese_Grand_Prix_Qualifying,2026,Japanese Grand Prix,Qualifying,HAD,17,116.688,27.909999999999997,39.514361955514985,20.914285714285715,34.4,18.514285714285712,12,10195.476814729027,12439.0,4.2,56,1.234553775743707
2026_Japanese_Grand_Prix_Qualifying,2026,Japanese Grand Prix,Qualifying,BOR,2,90.752,1.9739999999999895,74.62616107839453,57.22801788375559,14.157973174366617,12.369597615499254,9,10676.050922858565,12485.0,5.466467958271237,43,1.4671641791044776
2026_Japanese_Grand_Prix_Qualifying,2026,Japanese Grand Prix,Qualifying,BOR,3,124.942,36.16399999999999,40.373193735069336,11.752136752136751,23.397435897435898,20.726495726495727,16,9533.646632379374,11840.0,4.141025641025641,38,1.5122994652406416
2026_Japanese_Grand_Prix_Qualifying,2026,Japanese Grand Prix,Qualifying,BOR,4,90.966,2.187999999999988,70.28592490528384,51.15606936416185,16.329479768786126,14.017341040462428,10,10721.950981127604,12287.0,5.351156069364162,41,1.5108538350217078
2026_Japanese_Grand_Prix_Qualifying,2026,Japanese Grand Prix,Qualifying,BOR,5,112.622,23.843999999999994,51.842474446062326,29.561200923787528,24.133949191685915,23.094688221709006,14,9730.625247846592,11842.0,4.496535796766744,41,1.638150289017341
2026_Japanese_Grand_Prix_Qualifying,2026,Japanese Grand Prix,Qualifying,BOR,7,90.359,1.5809999999999889,74.9269056464944,58.84892086330935,14.820143884892087,21.43884892086331,12,10708.486020506743,12640.0,5.4661870503597125,43,1.260806916426513
2026_Japanese_Grand_Prix_Qualifying,2026,Japanese Grand Prix,Qualifying,BOR,8,123.449,34.67099999999999,39.03710232304112,7.303974221267455,24.919441460794843,16.004296455424274,8,9557.913274083714,11768.0,4.208378088077336,26,0.9
2026_Japanese_Grand_Prix_Qualifying,2026,Japanese Grand Prix,Qualifying,BOR,10,90.093,1.3149999999999977,75.81948367429354,58.26086956521739,13.18840579710145,30.0,10,10653.357163681607,12232.0,5.182608695652174,40,1.4383164005805515
2026_Japanese_Grand_Prix_Qualifying,2026,Japanese Grand Prix,Qualifying,BOR,11,115.103,26.32499999999999,51.36214582763012,24.37070938215103,18.993135011441648,27.80320366132723,10,9445.32560463548,11442.0,4.371853546910756,29,1.3494845551431844
2026_Japanese_Grand_Prix_Qualifying,2026,Japanese Grand Prix,Qualifying,BOR,13,89.99,1.211999999999989,80.5982284871951,63.884892086330936,10.071942446043165,35.68345323741007,8,10706.182973892339,12357.0,5.512230215827338,36,1.2046109510086456
2026_Japanese_Grand_Prix_Qualifying,2026,Japanese Grand Prix,Qualifying,BOR,14,122.242,33.464,49.38719223682852,25.862068965517242,22.306034482758623,31.03448275862069,10,9559.673987719212,11799.0,4.427801724137931,28,1.2988133764832794
2026_Japanese_Grand_Prix_Qualifying,2026,Japanese Grand Prix,Qualifying,BOR,16,90.648,1.8699999999999903,71.55665392200753,53.29512893982808,15.759312320916905,12.320916905444127,8,10670.613425471913,12216.0,5.418338108882521,45,1.381635581061693
2026_Japanese_Grand_Prix_Qualifying,2026,Japanese Grand Prix,Qualifying,BOR,17,113.859,25.08099999999999,45.194118995615135,17.192982456140353,28.30409356725146,15.321637426900587,8,9957.41388938871,11942.0,4.382456140350877,31,1.0843091334894615
2026_Japanese_Grand_Prix_Qualifying,2026,Japanese Grand Prix,Qualifying,BOR,19,90.274,1.4959999999999951,74.130578497377,56.95461200585652,14.93411420204978,23.57247437774524,11,10758.982004260113,12218.0,5.500732064421669,42,1.4736070381231672
2026_Japanese_Grand_Prix_Qualifying,2026,Japanese Grand Prix,Qualifying,BOR,20,130.539,41.76099999999998,37.58484753898457,9.768378650553878,24.57200402819738,20.644511581067473,11,9352.02550273898,11444.0,3.8932527693857,32,1.1108870967741935
2026_Japanese_Grand_Prix_Qualifying,2026,Japanese Grand Prix,Qualifying,LIN,2,91.634,2.8559999999999945,71.52951421964158,52.34708392603129,14.509246088193455,15.078236130867708,8,10887.661605237616,12657.0,5.627311522048364,40,1.46011396011396
2026_Japanese_Grand_Prix_Qualifying,2026,Japanese Grand Prix,Qualifying,LIN,3,116.452,27.673999999999992,43.33716646970225,14.580941446613089,29.276693455797933,17.795637198622273,11,10352.244325459042,12180.0,4.270952927669345,43,1.047126436781609
2026_Japanese_Grand_Prix_Qualifying,2026,Japanese Grand Prix,Qualifying,LIN,4,124.221,35.443,45.64897870401074,19.762419006479483,26.88984881209503,18.03455723542117,9,10124.891531591113,12358.0,4.045356371490281,50,1.0962162162162161
2026_Japanese_Grand_Prix_Qualifying,2026,Japanese Grand Prix,Qualifying,LIN,5,91.0,2.221999999999994,70.05841650450785,49.852507374631266,17.25663716814159,16.371681415929203,10,10879.71317835718,12673.0,5.619469026548672,40,1.5096011816838995
2026_Japanese_Grand_Prix_Qualifying,2026,Japanese Grand Prix,Qualifying,LIN,6,110.123,21.345,55.37101835904114,32.85543608124254,22.819593787335723,19.71326164874552,11,10642.629995851534,12464.0,4.499402628434886,42,1.4342105263157894
2026_Japanese_Grand_Prix_Qualifying,2026,Japanese Grand Prix,Qualifying,LIN,8,90.781,2.003,71.19856802634256,52.44252873563219,16.522988505747126,15.948275862068966,10,10887.819622198298,12729.0,5.640804597701149,39,1.4589928057553956
2026_Japanese_Grand_Prix_Qualifying,2026,Japanese Grand Prix,Qualifying,LIN,9,115.691,26.912999999999997,46.989334532385485,21.257142857142856,28.34285714285714,15.085714285714285,8,10172.04543448707,12288.0,4.416,37,1.0863157894736843
2026_Japanese_Grand_Prix_Qualifying,2026,Japanese Grand Prix,Qualifying,LIN,11,90.694,1.9159999999999968,70.76637326705868,53.166421207658324,13.991163475699558,14.432989690721648,8,10873.757962617865,12557.0,5.680412371134021,41,1.4513274336283186
2026_Japanese_Grand_Prix_Qualifying,2026,Japanese Grand Prix,Qualifying,LIN,12,109.975,21.19699999999999,53.10845207323363,30.352941176470587,27.52941176470588,20.47058823529412,10,10302.138493655912,12467.0,4.590588235294118,37,1.0424028268551238
2026_Japanese_Grand_Prix_Qualifying,2026,Japanese Grand Prix,Qualifying,LIN,14,90.109,1.3309999999999889,74.1839127302068,56.99999999999999,15.285714285714286,30.571428571428573,11,10886.99358002969,12530.0,5.605714285714286,35,1.4034334763948497
2026_Japanese_Grand_Prix_Qualifying,2026,Japanese Grand Prix,Qualifying,LIN,15,114.558,25.78,50.86107215436431,23.765786452353616,25.947187141216993,32.37657864523536,11,10141.329009675008,12013.0,4.411021814006888,34,1.2459770114942528
2026_Japanese_Grand_Prix_Qualifying,2026,Japanese Grand Prix,Qualifying,LIN,17,91.537,2.7590000000000003,70.79307651049011,53.83522727272727,16.761363636363637,15.625,9,10848.03149061308,12704.0,5.578125,41,1.3826458036984353
2026_Japanese_Grand_Prix_Qualifying,2026,Japanese Grand Prix,Qualifying,LIN,18,106.227,17.448999999999998,56.95723922258623,36.61616161616162,23.106060606060606,18.181818181818183,9,10466.854548434525,12366.0,4.747474747474747,33,1.1400821916634531
2026_Japanese_Grand_Prix_Qualifying,2026,Japanese Grand Prix,Qualifying,LIN,20,90.319,1.5409999999999968,72.65314315950246,55.92972181551976,15.95900439238653,21.669106881405565,10,10939.821767951567,12811.0,5.686676427525622,44,1.532258064516129
2026_Japanese_Grand_Prix_Qualifying,2026,Japanese Grand Prix,Qualifying,LIN,21,122.799,34.021,41.259307164212444,20.17075773745998,37.67342582710779,22.305229455709714,13,9855.276703961265,12182.0,4.077908217716115,35,0.8514957264957265
2026_Japanese_Grand_Prix_Qualifying,2026,Japanese Grand Prix,Qualifying,VER,2,90.726,1.9479999999999933,71.57173785725634,58.92857142857143,13.690476190476192,25.595238095238095,10,10885.148136392241,12190.0,5.833333333333333,36,1.4918032786885247
2026_Japanese_Grand_Prix_Qualifying,2026,Japanese Grand Prix,Qualifying,VER,3,111.528,22.75,49.51425846777574,36.547619047619044,28.809523809523807,27.976190476190478,11,10267.414011652834,12109.0,4.651190476190476,39,1.1835518474374256
2026_Japanese_Grand_Prix_Qualifying,2026,Japanese Grand Prix,Qualifying,VER,5,90.519,1.7409999999999997,70.8936491688242,59.79381443298969,17.820324005891017,29.307805596465393,11,10860.106617106572,12677.0,5.65979381443299,41,1.5530973451327434
2026_Japanese_Grand_Prix_Qualifying,2026,Japanese Grand Prix,Qualifying,VER,6,108.449,19.670999999999992,52.85150053060878,40.67796610169492,21.791767554479417,22.88135593220339,14,10474.665143257245,12091.0,4.769975786924939,34,1.2072727272727273
2026_Japanese_Grand_Prix_Qualifying,2026,Japanese Grand Prix,Qualifying,VER,8,90.363,1.5849999999999937,68.01108965715032,57.79411764705882,17.058823529411764,11.176470588235295,7,10953.298223418746,12515.0,5.760294117647059,41,1.4521354933726067
2026_Japanese_Grand_Prix_Qualifying,2026,Japanese Grand Prix,Qualifying,VER,9,110.239,21.461,51.49526767350204,37.05882352941177,25.76470588235294,13.882352941176471,9,10339.490142697223,11946.0,4.641176470588236,48,1.380447585394582
2026_Japanese_Grand_Prix_Qualifying,2026,Japanese Grand Prix,Qualifying,VER,11,90.262,1.4839999999999947,70.80106434073585,59.65665236051502,16.02288984263233,13.161659513590845,12,10883.607773679467,12132.0,5.736766809728183,41,1.4269340974212035
2026_Japanese_Grand_Prix_Qualifying,2026,Japanese Grand Prix,Qualifying,VER,12,114.536,25.757999999999996,40.43600921514471,21.123595505617978,29.8876404494382,15.505617977528091,8,9968.397495926874,11871.0,4.748314606741573,41,1.1484814398200225
2026_Japanese_Grand_Prix_Qualifying,2026,Japanese Grand Prix,Qualifying,OCO,2,91.466,2.687999999999988,79.18600061291198,61.27167630057804,9.53757225433526,24.277456647398843,9,10761.992852992518,12059.0,5.800578034682081,36,1.211287988422576
2026_Japanese_Grand_Prix_Qualifying,2026,Japanese Grand Prix,Qualifying,OCO,3,120.726,31.947999999999993,47.87233657073354,16.186252771618626,16.851441241685144,26.164079822616408,14,9796.329436482061,11804.0,4.536585365853658,26,1.0628967792230855
2026_Japanese_Grand_Prix_Qualifying,2026,Japanese Grand Prix,Qualifying,OCO,4,120.288,31.50999999999999,54.56519271539545,29.15742793791574,15.853658536585366,27.827050997782703,13,9785.293763959045,11849.0,4.378048780487805,45,1.1069145415316315
2026_Japanese_Grand_Prix_Qualifying,2026,Japanese Grand Prix,Qualifying,OCO,5,91.196,2.417999999999992,74.72341054545161,58.94428152492669,8.944281524926687,28.592375366568916,13,10622.492219808888,12138.0,5.469208211143695,37,1.4052863436123348
2026_Japanese_Grand_Prix_Qualifying,2026,Japanese Grand Prix,Qualifying,OCO,6,110.464,21.685999999999993,46.85908029367362,10.963855421686747,22.289156626506024,19.638554216867472,15,10134.917937678689,11786.0,4.6734939759036145,35,1.2509047044632087
2026_Japanese_Grand_Prix_Qualifying,2026,Japanese Grand Prix,Qualifying,OCO,8,90.915,2.1370000000000005,74.97999253057306,59.970674486803524,10.117302052785924,17.595307917888565,13,10722.51670685603,12093.0,5.655425219941349,40,1.4508076358296622
2026_Japanese_Grand_Prix_Qualifying,2026,Japanese Grand Prix,Qualifying,OCO,9,119.851,31.072999999999993,42.68752239961761,3.707742639040349,18.3206106870229,21.264994547437297,19,9974.812971487621,11690.0,4.312977099236641,41,1.3327510917030567
2026_Japanese_Grand_Prix_Qualifying,2026,Japanese Grand Prix,Qualifying,OCO,11,90.466,1.6879999999999882,103.74498782857144,100.0,0.0,93.89204545454545,1,11227.077007384145,11761.0,7.980113636363637,2,0.005689900426742532
2026_Japanese_Grand_Prix_Qualifying,2026,Japanese Grand Prix,Qualifying,OCO,12,115.519,26.741,104.0,100.0,0.0,100.0,1,11229.0,11229.0,8.0,0,0.0
2026_Japanese_Grand_Prix_Qualifying,2026,Japanese Grand Prix,Qualifying,OCO,14,90.309,1.5309999999999917,85.06382694192241,69.0,4.142857142857142,30.428571428571427,15,10815.247826087925,12272.0,5.988571428571428,34,1.2660944206008584
2026_Japanese_Grand_Prix_Qualifying,2026,Japanese Grand Prix,Qualifying,OCO,15,120.234,31.45599999999999,38.882778583267324,3.6717062634989204,23.974082073434126,15.766738660907128,13,9695.835921579344,11592.0,4.4049676025917925,32,1.1189189189189188
2026_Japanese_Grand_Prix_Qualifying,2026,Japanese Grand Prix,Qualifying,HUL,2,90.843,2.0649999999999977,72.39582657440926,54.23476968796434,14.561664190193166,15.304606240713225,10,10749.33313707707,12471.0,5.340267459138187,43,1.5833333333333333
2026_Japanese_Grand_Prix_Qualifying,2026,Japanese Grand Prix,Qualifying,HUL,3,120.871,32.09299999999999,37.48910558598318,2.771618625277162,29.379157427937912,11.862527716186252,8,9738.836804238459,11798.0,4.213968957871397,36,1.0199778024417314
2026_Japanese_Grand_Prix_Qualifying,2026,Japanese Grand Prix,Qualifying,HUL,4,90.542,1.7639999999999958,74.70878779161956,55.76642335766423,13.284671532846716,12.408759124087592,10,10730.561235509616,13064.0,5.386861313868613,41,1.5730994152046784
2026_Japanese_Grand_Prix_Qualifying,2026,Japanese Grand Prix,Qualifying,HUL,5,110.347,21.56899999999999,53.06261290391865,23.677884615384613,28.245192307692307,16.346153846153847,9,10074.633746201052,12151.0,4.594951923076923,35,1.03971119133574
2026_Japanese_Grand_Prix_Qualifying,2026,Japanese Grand Prix,Qualifying,HUL,7,90.358,1.5799999999999983,79.2043621590262,62.17765042979943,10.315186246418339,37.67908309455588,13,10721.2232652021,12370.0,5.124641833810888,37,1.423242467718795
2026_Japanese_Grand_Prix_Qualifying,2026,Japanese Grand Prix,Qualifying,HUL,8,116.882,28.104,51.87620759688686,27.34463276836158,29.37853107344633,36.15819209039548,11,9432.611806914898,11658.0,4.250847457627119,30,1.2352941176470589
2026_Japanese_Grand_Prix_Qualifying,2026,Japanese Grand Prix,Qualifying,HUL,10,90.412,1.6340000000000003,73.3876382278999,54.66472303206997,14.431486880466474,26.82215743440233,10,10818.44891121935,12325.0,5.206997084548105,41,1.8773722627737226
2026_Japanese_Grand_Prix_Qualifying,2026,Japanese Grand Prix,Qualifying,HUL,11,105.58,16.801999999999992,55.178052640523894,27.67527675276753,29.274292742927425,25.21525215252153,10,9985.661287964595,12069.0,4.7958179581795815,37,1.349771287825475
2026_Japanese_Grand_Prix_Qualifying,2026,Japanese Grand Prix,Qualifying,HUL,13,90.387,1.6089999999999947,75.55542696543934,56.33001422475107,13.513513513513514,24.751066856330013,8,10712.989070888812,12176.0,5.273115220483642,41,1.4387464387464388
2026_Japanese_Grand_Prix_Qualifying,2026,Japanese Grand Prix,Qualifying,HUL,14,109.294,20.51599999999999,51.280725738379694,30.677764565992867,29.845422116527942,26.159334126040427,8,10040.2146215301,11882.0,4.479191438763377,34,1.075
2026_Japanese_Grand_Prix_Qualifying,2026,Japanese Grand Prix,Qualifying,LAW,2,91.785,3.006999999999991,71.18896582745244,52.98295454545454,16.335227272727273,12.926136363636365,8,10924.124532360574,12662.0,5.556818181818182,37,1.3570412517780939
2026_Japanese_Grand_Prix_Qualifying,2026,Japanese Grand Prix,Qualifying,LAW,3,119.924,31.146,46.28641857642952,17.770419426048566,25.82781456953642,15.45253863134658,9,10339.464318103435,12510.0,4.118101545253863,39,1.104143642872928
2026_Japanese_Grand_Prix_Qualifying,2026,Japanese Grand Prix,Qualifying,LAW,4,122.71,33.93199999999999,43.58470395871462,12.555066079295155,27.422907488986787,14.647577092511014,11,10389.720930887801,12391.0,3.950440528634361,53,1.3911245900771776
2026_Japanese_Grand_Prix_Qualifying,2026,Japanese Grand Prix,Qualifying,LAW,5,91.048,2.269999999999996,70.30888285221523,51.240875912408754,17.956204379562042,12.992700729927007,8,11052.112124691785,12441.0,5.5518248175182485,42,1.3640350877192982
2026_Japanese_Grand_Prix_Qualifying,2026,Japanese Grand Prix,Qualifying,LAW,6,118.745,29.967,47.88632234377942,21.245828698553947,25.583982202447164,19.688542825361512,13,10452.207910305688,12182.0,4.080088987764182,43,1.3752783964365256
2026_Japanese_Grand_Prix_Qualifying,2026,Japanese Grand Prix,Qualifying,LAW,8,90.657,1.8789999999999907,72.11136910188019,53.188405797101446,15.942028985507244,14.202898550724639,9,11072.424247909032,12713.0,5.568115942028985,40,1.367198838896952
2026_Japanese_Grand_Prix_Qualifying,2026,Japanese Grand Prix,Qualifying,LAW,9,114.454,25.675999999999988,50.116505876245476,30.813287514318443,30.126002290950744,17.64032073310424,10,10396.223128843461,12170.0,4.279495990836197,39,1.3394495412844036
2026_Japanese_Grand_Prix_Qualifying,2026,Japanese Grand Prix,Qualifying,LAW,11,91.004,2.225999999999999,72.54516842012943,51.94244604316547,15.107913669064748,25.755395683453237,10,10937.96925710936,12626.0,5.564028776978417,37,1.5518731988472623
2026_Japanese_Grand_Prix_Qualifying,2026,Japanese Grand Prix,Qualifying,LAW,12,107.939,19.160999999999987,56.87244432351657,36.89320388349515,26.941747572815533,19.174757281553397,9,10446.571850485308,12012.0,4.656553398058253,43,1.4532199270959902
2026_Japanese_Grand_Prix_Qualifying,2026,Japanese Grand Prix,Qualifying,LAW,14,90.495,1.7169999999999987,76.60041118122035,60.3988603988604,13.105413105413104,18.091168091168093,8,11028.012273378785,12663.0,5.7749287749287745,35,1.1426533523537803
2026_Japanese_Grand_Prix_Qualifying,2026,Japanese Grand Prix,Qualifying,LAW,15,114.804,26.025999999999996,51.55093445864907,33.29466357308585,27.262180974477957,23.201856148491878,9,10352.392376532409,12164.0,4.508120649651972,42,1.3612078977932636
2026_Japanese_Grand_Prix_Qualifying,2026,Japanese Grand Prix,Qualifying,COL,2,91.458,2.6799999999999926,70.2520621182714,52.309985096870335,16.39344262295082,15.499254843517138,9,10465.095088812945,11897.0,5.55886736214605,40,1.5238805970149254
2026_Japanese_Grand_Prix_Qualifying,2026,Japanese Grand Prix,Qualifying,COL,3,113.216,24.437999999999988,49.82665645917123,26.941176470588236,22.470588235294116,16.705882352941178,12,10116.660086776828,11829.0,4.461176470588235,41,1.365135453474676
2026_Japanese_Grand_Prix_Qualifying,2026,Japanese Grand Prix,Qualifying,COL,5,90.931,2.1529999999999916,72.03435626832866,53.333333333333336,15.65217391304348,24.637681159420293,13,10576.751584661544,12074.28432059332,5.536231884057971,40,1.4499274310595065
2026_Japanese_Grand_Prix_Qualifying,2026,Japanese Grand Prix,Qualifying,COL,6,114.878,26.099999999999994,43.72485766269877,16.93181818181818,23.18181818181818,13.295454545454547,11,10126.5980707233,12343.0,4.171590909090909,37,1.0091012514220705
2026_Japanese_Grand_Prix_Qualifying,2026,Japanese Grand Prix,Qualifying,COL,8,90.877,2.0989999999999895,72.2821654656041,51.98300283286119,14.44759206798867,20.254957507082153,11,10565.614790116137,12113.0,5.594900849858357,43,1.4141843971631205
2026_Japanese_Grand_Prix_Qualifying,2026,Japanese Grand Prix,Qualifying,COL,9,107.09,18.311999999999998,57.33294345143188,35.148514851485146,17.2029702970297,21.65841584158416,11,10060.01934036567,11506.0,4.737623762376238,41,1.2255266418835191
2026_Japanese_Grand_Prix_Qualifying,2026,Japanese Grand Prix,Qualifying,COL,11,90.627,1.8489999999999895,84.51854654977292,66.71428571428571,6.714285714285714,39.57142857142858,10,10748.442875182838,12149.0,5.8185714285714285,37,0.9756795422031473
2026_Japanese_Grand_Prix_Qualifying,2026,Japanese Grand Prix,Qualifying,COL,12,110.782,22.00399999999999,54.246567450376254,30.89622641509434,21.580188679245282,33.490566037735846,14,10211.637975511505,11748.0,4.412735849056604,41,1.4415584415584415
2026_Japanese_Grand_Prix_Qualifying,2026,Japanese Grand Prix,Qualifying,SAI,2,91.855,3.076999999999998,68.85405492152478,51.146131805157594,17.908309455587393,15.04297994269341,9,10444.054135157361,11725.0,5.626074498567335,40,1.4461979913916787
2026_Japanese_Grand_Prix_Qualifying,2026,Japanese Grand Prix,Qualifying,SAI,3,110.289,21.510999999999996,48.59540573264007,24.546553808948005,25.513905683192263,18.863361547763,10,10140.599007599716,11781.0,4.401451027811366,44,1.1864406779661016
2026_Japanese_Grand_Prix_Qualifying,2026,Japanese Grand Prix,Qualifying,SAI,4,148.017,59.23899999999999,42.40572406545428,22.78481012658228,31.28390596745027,24.412296564195298,14,9032.204777166355,12157.0,3.2278481012658227,40,0.9085972850678733
2026_Japanese_Grand_Prix_Qualifying,2026,Japanese Grand Prix,Qualifying,SAI,5,91.676,2.897999999999996,67.78962885841943,51.900584795321635,20.760233918128655,16.812865497076025,9,10464.241011164011,12069.0,5.559941520467836,41,1.6193265007320645
2026_Japanese_Grand_Prix_Qualifying,2026,Japanese Grand Prix,Qualifying,SAI,6,114.424,25.646,48.809907218247055,24.225028702640643,24.110218140068888,17.68082663605052,12,9975.895580096823,11674.0,4.337543053960965,42,1.0295765356563824
2026_Japanese_Grand_Prix_Qualifying,2026,Japanese Grand Prix,Qualifying,SAI,8,90.927,2.149000000000001,72.66389657923845,56.01719197707736,16.189111747851005,27.650429799426934,14,10454.533683162537,11778.0,5.663323782234957,43,1.4921090387374463
2026_Japanese_Grand_Prix_Qualifying,2026,Japanese Grand Prix,Qualifying,SAI,9,117.782,29.00399999999999,36.90529849408851,5.493273542600897,31.053811659192824,14.461883408071749,8,9951.530964617812,11527.0,4.167040358744394,41,0.8050879161990272
2026_Japanese_Grand_Prix_Qualifying,2026,Japanese Grand Prix,Qualifying,SAI,11,91.408,2.6299999999999955,75.00365015536674,59.201141226818834,14.122681883024251,32.23965763195435,10,10362.529331150665,11676.0,5.860199714693295,33,1.2342857142857142
2026_Japanese_Grand_Prix_Qualifying,2026,Japanese Grand Prix,Qualifying,SAI,12,108.433,19.655,58.4822138640591,30.656934306569344,18.856447688564476,29.927007299270077,8,10170.09364049893,11622.0,4.82360097323601,30,0.8959500550548112
2026_Japanese_Grand_Prix_Qualifying,2026,Japanese Grand Prix,Qualifying,SAI,14,91.033,2.2549999999999955,74.27001304024091,59.03954802259888,14.83050847457627,31.63841807909605,13,10597.469888221152,12009.0,5.515536723163842,38,1.6152758132956153
2026_Japanese_Grand_Prix_Qualifying,2026,Japanese Grand Prix,Qualifying,SAI,15,121.633,32.85499999999999,42.8298518656759,16.55773420479303,26.361655773420477,28.431372549019606,9,9913.738580957417,11684.0,3.994553376906318,32,0.8215679146976856
2026_Japanese_Grand_Prix_Qualifying,2026,Japanese Grand Prix,Qualifying,ALB,2,91.776,2.9979999999999905,69.27652565488147,49.2063492063492,17.316017316017316,16.305916305916305,11,10573.878071030353,11902.0,5.489177489177489,39,1.384393063583815
2026_Japanese_Grand_Prix_Qualifying,2026,Japanese Grand Prix,Qualifying,ALB,3,108.46,19.681999999999988,44.19676028657823,9.257003654080389,27.040194884287455,22.655298416565163,12,10393.39568272533,11991.0,4.366626065773447,52,1.3634146341463416
2026_Japanese_Grand_Prix_Qualifying,2026,Japanese Grand Prix,Qualifying,ALB,4,147.199,58.42100000000001,40.578659974065204,19.18819188191882,33.39483394833948,31.365313653136536,16,8953.933298721546,11660.0,3.3514760147601477,42,1.07202216066482
2026_Japanese_Grand_Prix_Qualifying,2026,Japanese Grand Prix,Qualifying,ALB,5,91.51,2.7319999999999993,69.49727009683811,50.36075036075036,15.584415584415584,15.584415584415584,9,10569.505498581246,12379.0,5.507936507936508,42,1.4248554913294798
2026_Japanese_Grand_Prix_Qualifying,2026,Japanese Grand Prix,Qualifying,ALB,6,109.15,20.372,49.14523937753327,13.38962605548854,20.386007237635706,20.02412545235223,11,10548.71196913162,11967.0,4.329312424607961,43,0.9218900827404479
2026_Japanese_Grand_Prix_Qualifying,2026,Japanese Grand Prix,Qualifying,ALB,8,91.088,2.309999999999988,75.36123526401761,57.65895953757225,13.005780346820808,31.79190751445087,12,10680.228928325343,12136.0,5.621387283236994,41,1.460202604920405
2026_Japanese_Grand_Prix_Qualifying,2026,Japanese Grand Prix,Qualifying,ALB,9,121.366,32.587999999999994,38.32672487294923,8.432432432432432,24.756756756756758,22.91891891891892,14,10442.731606183843,11988.0,3.6248648648648647,32,0.9329004329004329
2026_Japanese_Grand_Prix_Qualifying,2026,Japanese Grand Prix,Qualifying,BEA,2,92.016,3.2379999999999995,75.89049212537348,58.04597701149425,9.626436781609195,24.137931034482758,10,10691.041119070538,12209.0,5.679597701149425,37,1.330935251798561
2026_Japanese_Grand_Prix_Qualifying,2026,Japanese Grand Prix,Qualifying,BEA,3,125.17,36.391999999999996,42.18637822287798,18.38469713071201,22.210414452709884,21.785334750265676,10,9892.949901326025,12070.0,3.957492029755579,40,0.8361702127659575
2026_Japanese_Grand_Prix_Qualifying,2026,Japanese Grand Prix,Qualifying,BEA,4,125.275,36.497,50.552495171161375,26.282051282051285,18.269230769230766,17.200854700854702,11,10191.530060312643,12137.0,3.8643162393162394,47,0.9187165775401069
2026_Japanese_Grand_Prix_Qualifying,2026,Japanese Grand Prix,Qualifying,BEA,5,91.421,2.6430000000000007,74.80933578550912,56.64233576642336,10.510948905109489,13.43065693430657,10,10745.41265135681,11979.0,5.646715328467153,39,1.391812865497076
2026_Japanese_Grand_Prix_Qualifying,2026,Japanese Grand Prix,Qualifying,BEA,6,110.777,21.998999999999995,52.719429608551536,25.598086124401913,19.85645933014354,20.933014354066987,11,10321.750145952574,11922.0,4.4952153110047846,43,1.0090818363273453
2026_Japanese_Grand_Prix_Qualifying,2026,Japanese Grand Prix,Qualifying,BEA,8,91.09,2.3119999999999976,77.54987476613633,57.61973875181422,8.127721335268506,15.674891146589259,12,10796.898343162235,12028.0,5.596516690856314,41,1.379360465116279
2026_Japanese_Grand_Prix_Qualifying,2026,Japanese Grand Prix,Qualifying,BEA,9,124.88,36.10199999999999,39.32438591575567,8.025343189017951,23.970432946145724,19.852164730728617,16,10061.02265030224,12046.0,4.019007391763464,42,0.872093023255814
2026_Japanese_Grand_Prix_Qualifying,2026,Japanese Grand Prix,Qualifying,PER,2,92.788,4.009999999999991,77.27519708653936,65.9058487874465,9.557774607703282,30.385164051355208,10,10640.635356916853,12297.0,5.724679029957204,36,1.34
2026_Japanese_Grand_Prix_Qualifying,2026,Japanese Grand Prix,Qualifying,PER,3,110.838,22.059999999999988,58.059636432616145,42.805755395683455,20.14388489208633,29.61630695443645,10,10309.399849575899,12414.0,4.7745803357314145,28,0.9123649459783914
2026_Japanese_Grand_Prix_Qualifying,2026,Japanese Grand Prix,Qualifying,PER,5,92.206,3.4279999999999973,71.89639684836983,57.9172610556348,11.554921540656206,13.40941512125535,11,10585.612263119412,12028.0,5.669044222539229,41,1.7185714285714286
2026_Japanese_Grand_Prix_Qualifying,2026,Japanese Grand Prix,Qualifying,PER,6,122.333,33.55499999999999,43.5586320339719,27.831715210355988,27.508090614886733,23.085221143473568,12,9872.956451589316,12383.0,4.166127292340884,32,1.0788336933045357
2026_Japanese_Grand_Prix_Qualifying,2026,Japanese Grand Prix,Qualifying,BOT,2,93.028,4.25,90.77787293058694,80.99290780141844,3.829787234042553,79.29078014184398,12,10482.27868966431,11766.0,5.842553191489362,17,0.7982954545454546
2026_Japanese_Grand_Prix_Qualifying,2026,Japanese Grand Prix,Qualifying,BOT,3,117.839,29.060999999999993,80.62289727837899,70.78142695356739,13.363533408833522,82.78595696489242,13,9852.37930178183,11858.0,3.7440543601359004,19,1.753968253968254
2026_Japanese_Grand_Prix_Qualifying,2026,Japanese Grand Prix,Qualifying,BOT,5,92.598,3.819999999999993,73.55996985229251,56.11510791366906,13.66906474820144,17.41007194244604,11,10596.436570764483,12142.0,5.597122302158273,35,1.5864553314121037
2026_Japanese_Grand_Prix_Qualifying,2026,Japanese Grand Prix,Qualifying,BOT,6,105.593,16.814999999999998,56.633967135732235,40.49079754601227,26.012269938650306,18.282208588957054,10,10012.122870617442,11910.0,5.0404907975460125,33,1.3894348894348894
2026_Japanese_Grand_Prix_Qualifying,2026,Japanese Grand Prix,Qualifying,BOT,8,92.33,3.5519999999999925,71.34703761788846,52.22381635581061,16.49928263988522,18.938307030129124,14,10551.008710038128,12348.0,5.5710186513629845,39,1.5
2026_Japanese_Grand_Prix_Qualifying,2026,Japanese Grand Prix,Qualifying,BOT,9,114.42,25.641999999999996,46.97813538405599,30.080367393800227,30.309988518943744,16.073478760045926,13,9664.840150113216,11853.0,4.7336394948335245,36,1.1471264367816092
2026_Japanese_Grand_Prix_Qualifying,2026,Japanese Grand Prix,Qualifying,ALO,2,93.846,5.067999999999998,70.35870700281639,56.03932584269663,19.52247191011236,18.679775280898877,11,10349.9178876293,12148.0,5.373595505617978,50,1.3544303797468353
2026_Japanese_Grand_Prix_Qualifying,2026,Japanese Grand Prix,Qualifying,ALO,3,106.995,18.217,55.74690324514163,39.25,29.5,20.0,9,9517.149053724032,11446.0,4.86875,34,1.2065081351689613
2026_Japanese_Grand_Prix_Qualifying,2026,Japanese Grand Prix,Qualifying,ALO,5,93.392,4.61399999999999,71.74085618952166,57.95454545454546,18.892045454545457,13.068181818181818,9,10355.157218345212,11789.0,5.3125,48,1.4082503556187767
2026_Japanese_Grand_Prix_Qualifying,2026,Japanese Grand Prix,Qualifying,ALO,6,111.784,23.006,51.25301098658628,38.578088578088575,34.032634032634036,12.121212121212121,8,9447.576905182295,11652.0,4.6002331002331,34,1.1435239206534422
2026_Japanese_Grand_Prix_Qualifying,2026,Japanese Grand Prix,Qualifying,ALO,8,92.646,3.867999999999995,72.85028365742454,58.47457627118644,17.09039548022599,13.841807909604519,12,10390.673054148516,11917.0,5.426553672316384,48,1.4568599717114568
2026_Japanese_Grand_Prix_Qualifying,2026,Japanese Grand Prix,Qualifying,ALO,9,119.031,30.253,33.85507932277656,11.38121546961326,44.41988950276243,13.812154696132598,5,8760.348885434103,11232.0,4.683977900552486,37,1.2876106194690264
2026_Japanese_Grand_Prix_Qualifying,2026,Japanese Grand Prix,Qualifying,STR,2,94.408,5.6299999999999955,74.75533078299163,61.00278551532033,12.952646239554316,25.766016713091922,10,10241.48473701345,11715.0,5.247910863509749,38,1.616457461645746
2026_Japanese_Grand_Prix_Qualifying,2026,Japanese Grand Prix,Qualifying,STR,3,110.368,21.58999999999999,57.13202074006159,43.288996372430475,24.546553808948005,25.39298669891173,10,9833.102662945506,11601.0,4.465538089480049,39,1.5292978208232444
2026_Japanese_Grand_Prix_Qualifying,2026,Japanese Grand Prix,Qualifying,STR,5,92.92,4.141999999999996,73.57407543845174,61.73541963015647,13.229018492176387,18.349928876244665,13,10460.393734862864,12103.0,5.344238975817923,40,1.7008547008547008
2026_Japanese_Grand_Prix_Qualifying,2026,Japanese Grand Prix,Qualifying,STR,6,114.517,25.73899999999999,48.6816617711734,32.99319727891156,28.68480725623583,11.337868480725625,8,9795.882308487657,11609.0,4.188208616780045,42,1.2645999146424518
2026_Japanese_Grand_Prix_Qualifying,2026,Japanese Grand Prix,Qualifying,STR,8,93.333,4.554999999999993,73.19225024332356,59.88779803646563,10.37868162692847,15.848527349228611,13,10307.540390270113,11871.0,5.363253856942497,41,1.6502808988764044
2026_Japanese_Grand_Prix_Qualifying,2026,Japanese Grand Prix,Qualifying,STR,9,115.153,26.375,44.05682563819691,30.47945205479452,35.15981735159817,13.013698630136986,6,9850.04768951804,11458.0,4.19634703196347,37,1.1828571428571428
2026_Miami_Grand_Prix_Qualifying,2026,Miami Grand Prix,Qualifying,ANT,2,89.158,1.3599999999999994,63.367427957025726,49.19941775836973,19.213973799126638,19.65065502183406,9,10466.135792262026,12212.0,4.9825327510917035,42,1.186588921282799
2026_Miami_Grand_Prix_Qualifying,2026,Miami Grand Prix,Qualifying,ANT,3,124.672,36.873999999999995,27.424486913859898,8.96328293736501,36.285097192224626,26.997840172786177,14,9301.223678187329,11602.0,3.601511879049676,51,0.7448648648648649
2026_Miami_Grand_Prix_Qualifying,2026,Miami Grand Prix,Qualifying,ANT,5,88.653,0.855000000000004,64.52388774957458,50.96296296296296,18.666666666666668,17.77777777777778,8,10386.596045661972,12200.0,5.115555555555556,36,1.218100890207715
2026_Miami_Grand_Prix_Qualifying,2026,Miami Grand Prix,Qualifying,ANT,6,117.406,29.608000000000004,33.401557802214086,12.37458193979933,33.667781493868446,28.205128205128204,12,9680.387999572882,11702.0,3.7636566332218506,48,0.7700892857142857
2026_Miami_Grand_Prix_Qualifying,2026,Miami Grand Prix,Qualifying,ANT,8,88.352,0.554000000000002,63.89354402704891,50.0,18.787878787878785,17.575757575757574,8,10415.388840809215,12208.0,5.098484848484849,38,1.2336874051593323
2026_Miami_Grand_Prix_Qualifying,2026,Miami Grand Prix,Qualifying,ANT,9,109.868,22.069999999999993,36.82281341726001,13.959085439229844,31.40794223826715,24.30806257521059,11,9463.721555638413,11658.0,4.125150421179302,40,0.7228915662650602
2026_Miami_Grand_Prix_Qualifying,2026,Miami Grand Prix,Qualifying,ANT,11,88.289,0.49099999999999966,65.64044669802948,51.10782865583457,17.429837518463813,16.248153618906944,9,10440.653597673821,12131.0,5.159527326440177,37,1.2189349112426036
2026_Miami_Grand_Prix_Qualifying,2026,Miami Grand Prix,Qualifying,ANT,12,155.972,68.174,25.44735066692883,13.305084745762713,49.91525423728814,28.559322033898304,22,7545.813270531015,11691.0,2.8067796610169493,53,0.628498727735369
2026_Miami_Grand_Prix_Qualifying,2026,Miami Grand Prix,Qualifying,ANT,14,87.798,0.0,66.18240343225301,52.26209048361935,16.848673946957877,17.628705148205928,8,10477.557748818697,12439.0,5.266770670826833,36,1.2546875
2026_Miami_Grand_Prix_Qualifying,2026,Miami Grand Prix,Qualifying,ANT,15,108.971,21.173000000000002,41.00550620761914,27.52179327521793,31.257783312577832,25.03113325031133,11,9712.647131950478,11710.0,4.093399750933997,47,0.7593516209476309
2026_Miami_Grand_Prix_Qualifying,2026,Miami Grand Prix,Qualifying,VER,2,89.099,1.301000000000002,63.96226641896538,52.167414050822124,21.674140508221225,14.798206278026907,8,10626.791290796265,12423.0,5.312406576980568,41,1.3053892215568863
2026_Miami_Grand_Prix_Qualifying,2026,Miami Grand Prix,Qualifying,VER,3,108.451,20.65299999999999,45.92208004268587,35.03649635036496,31.873479318734795,19.708029197080293,9,10037.062852752908,12661.0,4.249391727493918,46,1.007308160779537
2026_Miami_Grand_Prix_Qualifying,2026,Miami Grand Prix,Qualifying,VER,5,88.931,1.1329999999999956,64.10423339431149,54.47976878612717,21.67630057803468,16.473988439306357,9,10747.313632319878,12565.0,5.286127167630058,43,1.162083936324168
2026_Miami_Grand_Prix_Qualifying,2026,Miami Grand Prix,Qualifying,VER,6,112.631,24.833,40.756309616451404,29.634002361275087,35.30106257378985,22.55017709563164,13,9898.67178017301,12191.0,4.10271546635183,47,1.008274231678487
2026_Miami_Grand_Prix_Qualifying,2026,Miami Grand Prix,Qualifying,VER,8,88.116,0.31799999999999784,66.0354960616013,57.27272727272727,21.363636363636363,14.84848484848485,10,10751.012544450134,12558.0,5.296969696969697,42,1.2139605462822458
2026_Miami_Grand_Prix_Qualifying,2026,Miami Grand Prix,Qualifying,VER,9,107.818,20.019999999999996,43.98098986744571,34.268292682926834,31.829268292682926,19.146341463414636,9,9950.40456880104,12252.0,4.303658536585366,41,0.8974358974358975
2026_Miami_Grand_Prix_Qualifying,2026,Miami Grand Prix,Qualifying,VER,11,88.181,0.38299999999999557,65.20157137073379,54.77996965098634,21.547799696509866,16.5402124430956,8,10729.650323396863,12424.0,5.294385432473445,42,1.3024316109422491
2026_Miami_Grand_Prix_Qualifying,2026,Miami Grand Prix,Qualifying,VER,12,108.0,20.201999999999998,47.407656085249265,38.11944091486658,29.733163913595934,17.15374841168996,8,9882.703158153772,12431.0,4.430749682337992,37,0.9923664122137404
2026_Miami_Grand_Prix_Qualifying,2026,Miami Grand Prix,Qualifying,VER,14,87.964,0.16599999999999682,66.95837197163326,57.6271186440678,19.568567026194145,15.562403697996919,8,10772.06112274411,12638.0,5.325115562403698,40,1.308641975308642
2026_Miami_Grand_Prix_Qualifying,2026,Miami Grand Prix,Qualifying,LEC,2,89.436,1.6380000000000052,69.1410776574785,55.052790346908,16.7420814479638,16.89291101055807,8,10585.768141516517,12351.0,5.203619909502263,41,1.1918429003021147
2026_Miami_Grand_Prix_Qualifying,2026,Miami Grand Prix,Qualifying,LEC,3,116.394,28.596000000000004,40.68156335331826,15.246636771300448,32.847533632286996,19.955156950672645,9,9968.740866156242,12136.0,3.868834080717489,40,0.8496071829405163
2026_Miami_Grand_Prix_Qualifying,2026,Miami Grand Prix,Qualifying,LEC,5,97.594,9.795999999999992,60.306303904918174,39.5945945945946,22.432432432432435,15.27027027027027,10,10160.809660359055,12097.0,4.870270270270271,37,1.0554803788903924
2026_Miami_Grand_Prix_Qualifying,2026,Miami Grand Prix,Qualifying,LEC,6,128.157,40.35900000000001,30.3775905978699,2.368692070030896,38.72296601441813,14.418125643666324,7,9633.253947733034,11936.0,3.5231719876416068,35,0.6321778375257732
2026_Miami_Grand_Prix_Qualifying,2026,Miami Grand Prix,Qualifying,LEC,7,125.72,37.922,40.13929991933523,18.219895287958117,32.87958115183246,21.98952879581152,11,9904.486796204,12296.0,3.397905759162304,44,0.8729428696016772
2026_Miami_Grand_Prix_Qualifying,2026,Miami Grand Prix,Qualifying,LEC,8,88.938,1.1400000000000006,70.34835425198625,56.69642857142857,14.732142857142858,16.815476190476193,9,10638.445066198967,12197.0,5.239583333333333,41,1.1445603576751118
2026_Miami_Grand_Prix_Qualifying,2026,Miami Grand Prix,Qualifying,LEC,9,125.19,37.391999999999996,35.35848716481772,7.869884575026233,36.6211962224554,19.517313746065057,10,9985.913280109247,11821.0,3.5015739769150054,32,0.6817226890756303
2026_Miami_Grand_Prix_Qualifying,2026,Miami Grand Prix,Qualifying,LEC,11,88.542,0.7439999999999998,70.26707971965824,57.647058823529406,15.88235294117647,15.735294117647058,8,10686.757944536987,12381.0,5.270588235294118,39,1.1089837997054492
2026_Miami_Grand_Prix_Qualifying,2026,Miami Grand Prix,Qualifying,LEC,12,117.87,30.072000000000003,41.47348881650089,18.31626848691695,31.74061433447099,19.453924914675767,10,10002.149017995689,12026.0,3.7918088737201363,42,0.8211845102505695
2026_Miami_Grand_Prix_Qualifying,2026,Miami Grand Prix,Qualifying,LEC,14,88.315,0.5169999999999959,70.04015719084484,56.86274509803921,16.7420814479638,16.138763197586727,7,10667.358671253853,12170.0,5.2277526395173455,40,1.163141993957704
2026_Miami_Grand_Prix_Qualifying,2026,Miami Grand Prix,Qualifying,LEC,15,126.99,39.19199999999999,30.737287831926245,4.329896907216495,33.91752577319588,17.11340206185567,9,9930.49625316248,12035.0,3.4453608247422682,34,0.6934984520123839
2026_Miami_Grand_Prix_Qualifying,2026,Miami Grand Prix,Qualifying,LEC,17,88.143,0.34499999999999886,71.46369528645,57.86259541984733,14.80916030534351,15.419847328244273,7,10663.886118807888,12264.0,5.378625954198474,41,1.107033639143731
2026_Miami_Grand_Prix_Qualifying,2026,Miami Grand Prix,Qualifying,LEC,18,119.088,31.289999999999992,35.03801545848726,12.256586483390606,37.11340206185567,19.243986254295535,8,9981.993881288994,11990.0,3.741122565864834,40,0.8222477064220184
2026_Miami_Grand_Prix_Qualifying,2026,Miami Grand Prix,Qualifying,LEC,20,88.203,0.40500000000000114,71.0663282352287,57.93413173652695,14.820359281437126,17.514970059880238,9,10662.856112574713,12168.0,5.303892215568863,40,1.1109445277361318
2026_Miami_Grand_Prix_Qualifying,2026,Miami Grand Prix,Qualifying,NOR,2,89.183,1.3850000000000051,61.39302268279454,48.406676783004556,19.423368740515933,13.960546282245827,6,10957.701745598999,12826.0,5.385432473444613,43,1.2644376899696048
2026_Miami_Grand_Prix_Qualifying,2026,Miami Grand Prix,Qualifying,NOR,3,149.268,61.47,16.600661977372365,0.5263157894736842,52.28070175438596,14.12280701754386,8,8368.179805251835,12002.0,3.1333333333333333,47,0.33977172958735735
2026_Miami_Grand_Prix_Qualifying,2026,Miami Grand Prix,Qualifying,NOR,5,89.809,2.0109999999999957,62.556489297036016,49.05933429811867,20.260492040520983,15.629522431259044,6,10844.062893455945,12383.0,5.406657018813314,41,1.1681159420289855
2026_Miami_Grand_Prix_Qualifying,2026,Miami Grand Prix,Qualifying,NOR,6,145.625,57.827,17.018581385323714,0.9972801450589301,35.35811423390752,14.052583862194016,11,9702.210903023646,12627.0,2.951949229374433,45,0.5598911070780399
2026_Miami_Grand_Prix_Qualifying,2026,Miami Grand Prix,Qualifying,NOR,8,100.95,13.152000000000001,50.82012310669806,29.790026246719158,26.246719160104988,19.160104986876643,9,10460.491999289996,12348.0,4.725721784776903,46,0.9250985545335085
2026_Miami_Grand_Prix_Qualifying,2026,Miami Grand Prix,Qualifying,NOR,10,89.04,1.2420000000000044,64.03146921001178,52.20588235294118,20.441176470588236,15.735294117647058,7,10864.25057485272,12795.0,5.526470588235294,40,1.1782032400589102
2026_Miami_Grand_Prix_Qualifying,2026,Miami Grand Prix,Qualifying,NOR,11,124.485,36.687,29.84101827232462,16.824395373291274,30.07360672975815,12.723449001051526,5,10258.32691105769,12021.0,3.650893796004206,42,0.5263157894736842
2026_Miami_Grand_Prix_Qualifying,2026,Miami Grand Prix,Qualifying,NOR,12,127.721,39.923,28.427698138818833,8.299180327868852,28.790983606557376,11.065573770491802,10,10168.625891642876,12445.0,3.5993852459016393,45,0.8984615384615384
2026_Miami_Grand_Prix_Qualifying,2026,Miami Grand Prix,Qualifying,NOR,13,88.92,1.1219999999999999,63.10183971680139,51.041666666666664,20.089285714285715,14.583333333333334,6,10935.693188151541,12537.0,5.382440476190476,40,1.2309985096870342
2026_Miami_Grand_Prix_Qualifying,2026,Miami Grand Prix,Qualifying,NOR,14,117.237,29.438999999999993,23.19521506302107,0.778642936596218,41.045606229143495,13.793103448275861,8,10098.247181249602,11883.0,4.024471635150167,48,0.5657015590200446
2026_Miami_Grand_Prix_Qualifying,2026,Miami Grand Prix,Qualifying,NOR,16,88.183,0.3850000000000051,64.09237339755693,50.764525993883794,19.418960244648318,15.443425076452598,7,11024.511051854224,12528.0,5.457186544342508,37,1.215926493108729
2026_Miami_Grand_Prix_Qualifying,2026,Miami Grand Prix,Qualifying,NOR,17,118.039,30.241,23.04571522024556,1.0344827586206897,38.50574712643678,11.149425287356323,6,10009.75267911439,12015.0,4.036781609195402,46,0.5293440736478712
2026_Miami_Grand_Prix_Qualifying,2026,Miami Grand Prix,Qualifying,NOR,19,88.527,0.7289999999999992,63.92081986683698,52.967359050445104,20.02967359050445,15.133531157270031,6,10934.015981241375,12510.0,5.4955489614243325,39,1.1292719167904903
2026_Miami_Grand_Prix_Qualifying,2026,Miami Grand Prix,Qualifying,RUS,2,90.076,2.2779999999999916,64.27801291167421,51.59883720930233,20.49418604651163,18.8953488372093,9,10505.484756036623,12632.0,5.194767441860465,40,1.1295487627365357
2026_Miami_Grand_Prix_Qualifying,2026,Miami Grand Prix,Qualifying,RUS,3,121.583,33.785,35.9646539997849,22.026431718061673,37.11453744493392,22.687224669603523,10,9531.091957713781,11755.0,3.579295154185022,44,0.6504961411245865
2026_Miami_Grand_Prix_Qualifying,2026,Miami Grand Prix,Qualifying,RUS,5,89.492,1.6940000000000026,65.32678121349356,52.26277372262774,19.416058394160586,19.27007299270073,9,10434.891836120256,12408.0,5.189781021897811,43,1.1739766081871346
2026_Miami_Grand_Prix_Qualifying,2026,Miami Grand Prix,Qualifying,RUS,6,146.439,58.64099999999999,28.3244447619965,18.337850045167116,54.56187895212285,21.22854561878952,13,7515.557871532408,11821.0,3.125564588979223,48,0.4918625678119349
2026_Miami_Grand_Prix_Qualifying,2026,Miami Grand Prix,Qualifying,RUS,8,88.477,0.679000000000002,64.66698839753674,53.39366515837104,20.66365007541478,18.702865761689292,8,10424.426086736503,12356.0,5.20211161387632,37,1.2326283987915407
2026_Miami_Grand_Prix_Qualifying,2026,Miami Grand Prix,Qualifying,RUS,9,114.422,26.623999999999995,36.66518470327525,22.606689734717417,38.17762399077278,25.144175317185695,11,9568.16360639917,11780.0,3.8489042675893885,51,0.6212471131639723
2026_Miami_Grand_Prix_Qualifying,2026,Miami Grand Prix,Qualifying,RUS,11,88.822,1.024000000000001,63.93481880345772,51.62241887905604,21.828908554572273,18.87905604719764,9,10440.390134359652,12728.0,5.1976401179941005,38,1.2333825701624814
2026_Miami_Grand_Prix_Qualifying,2026,Miami Grand Prix,Qualifying,RUS,12,114.494,26.695999999999998,35.370484052306445,21.08294930875576,34.67741935483871,21.774193548387096,11,9609.371903458687,11846.0,3.834101382488479,45,0.6620530565167243
2026_Miami_Grand_Prix_Qualifying,2026,Miami Grand Prix,Qualifying,RUS,14,88.197,0.3990000000000009,63.77133124410868,51.6380655226209,22.308892355694226,18.564742589703588,8,10495.64128169033,12424.0,5.146645865834634,40,1.2625
2026_Miami_Grand_Prix_Qualifying,2026,Miami Grand Prix,Qualifying,RUS,15,106.727,18.929000000000002,44.0089706469601,33.20659062103929,36.37515842839037,19.011406844106464,11,9716.43101303415,11982.0,4.226869455006337,45,0.7791878172588832
2026_Miami_Grand_Prix_Qualifying,2026,Miami Grand Prix,Qualifying,RUS,17,88.367,0.5690000000000026,66.0256556903645,54.229607250755286,21.148036253776432,18.882175226586103,7,10537.001750770967,12627.0,5.197885196374623,38,1.1921331316187596
2026_Miami_Grand_Prix_Qualifying,2026,Miami Grand Prix,Qualifying,HAM,2,89.51,1.7120000000000033,67.2831741720271,49.848942598187314,13.897280966767372,20.241691842900302,9,10578.798934553291,12333.0,5.158610271903323,39,1.167927382753404
2026_Miami_Grand_Prix_Qualifying,2026,Miami Grand Prix,Qualifying,HAM,3,119.607,31.808999999999997,33.77931313334558,10.292524377031418,34.56121343445287,13.651137594799568,9,9359.52850802847,12255.0,4.165763813651138,31,0.693058568329718
2026_Miami_Grand_Prix_Qualifying,2026,Miami Grand Prix,Qualifying,HAM,5,89.483,1.6850000000000023,69.43534587272359,54.74777448071217,13.204747774480714,16.913946587537094,7,10572.346014199982,12614.0,5.299703264094956,36,1.1426448736998513
2026_Miami_Grand_Prix_Qualifying,2026,Miami Grand Prix,Qualifying,HAM,6,123.605,35.807,32.22779370560243,9.735449735449736,26.455026455026452,16.93121693121693,7,8988.468250224116,11790.0,4.068783068783069,32,0.5063559322033898
2026_Miami_Grand_Prix_Qualifying,2026,Miami Grand Prix,Qualifying,HAM,7,141.565,53.766999999999996,31.450257278317476,12.359550561797752,25.187265917602996,19.9438202247191,12,8617.182926366506,12525.0,3.491573033707865,34,0.7057169634489222
2026_Miami_Grand_Prix_Qualifying,2026,Miami Grand Prix,Qualifying,HAM,8,90.6,2.8019999999999925,67.64597767168532,51.02040816326531,16.909620991253643,15.160349854227405,8,10554.252661413782,12456.0,5.186588921282799,41,1.181021897810219
2026_Miami_Grand_Prix_Qualifying,2026,Miami Grand Prix,Qualifying,HAM,9,121.013,33.215,31.067944974547636,0.9890109890109889,25.604395604395602,15.054945054945055,8,8971.999763483951,11702.0,4.2725274725274724,37,0.5962596259625963
2026_Miami_Grand_Prix_Qualifying,2026,Miami Grand Prix,Qualifying,HAM,11,88.477,0.679000000000002,70.40669465045772,55.81737849779087,14.285714285714285,15.758468335787922,7,10729.743218317872,12667.0,5.27540500736377,40,1.1725663716814159
2026_Miami_Grand_Prix_Qualifying,2026,Miami Grand Prix,Qualifying,HAM,12,146.67,58.871999999999986,25.321616666413178,7.129963898916968,49.54873646209386,15.974729241877256,14,7416.950159945686,11795.0,3.411552346570397,39,0.5889792231255646
2026_Miami_Grand_Prix_Qualifying,2026,Miami Grand Prix,Qualifying,HAM,14,88.83,1.0319999999999965,68.95120500952052,54.041916167664674,12.574850299401197,16.317365269461078,7,10673.713861957176,12412.0,5.288922155688622,38,1.1874062968515742
2026_Miami_Grand_Prix_Qualifying,2026,Miami Grand Prix,Qualifying,HAM,15,122.164,34.366,27.78985007863567,0.42598509052183176,37.167199148029816,12.566560170394037,7,8780.352582232867,11376.0,4.306709265175719,39,0.5863539445628998
2026_Miami_Grand_Prix_Qualifying,2026,Miami Grand Prix,Qualifying,HAM,17,88.376,0.578000000000003,69.65843508546887,55.403348554033485,13.698630136986301,18.41704718417047,7,10667.997772882276,12343.0,5.342465753424658,42,1.236280487804878
2026_Miami_Grand_Prix_Qualifying,2026,Miami Grand Prix,Qualifying,HAM,18,120.559,32.760999999999996,30.879522192566004,10.430839002267573,39.002267573696145,12.811791383219957,7,9112.790377403517,11814.0,4.1519274376417235,37,0.6288308740068105
2026_Miami_Grand_Prix_Qualifying,2026,Miami Grand Prix,Qualifying,HAM,20,88.319,0.5210000000000008,70.76778172566004,56.547619047619044,13.690476190476192,16.517857142857142,7,10684.939717564757,12598.0,5.306547619047619,40,1.180327868852459
2026_Miami_Grand_Prix_Qualifying,2026,Miami Grand Prix,Qualifying,PIA,2,90.04,2.2420000000000044,62.3400774258577,49.06743185078909,21.09038737446198,14.49067431850789,7,10821.564021096921,12288.0,5.341463414634147,39,1.1752873563218391
2026_Miami_Grand_Prix_Qualifying,2026,Miami Grand Prix,Qualifying,PIA,5,90.066,2.2680000000000007,63.420567593568485,49.710144927536234,19.565217391304348,13.478260869565217,8,10818.177966770438,12617.0,5.371014492753623,42,1.1596516690856313
2026_Miami_Grand_Prix_Qualifying,2026,Miami Grand Prix,Qualifying,PIA,6,133.107,45.309,24.574937469834314,8.613861386138613,25.940594059405942,13.663366336633665,7,10013.244535942664,12105.0,3.405940594059406,46,0.624380574826561
2026_Miami_Grand_Prix_Qualifying,2026,Miami Grand Prix,Qualifying,PIA,7,89.92,2.122,62.86504212077303,50.442477876106196,20.058997050147493,16.371681415929203,7,10847.890583245508,12533.0,5.349557522123894,40,1.1772525849335302
2026_Miami_Grand_Prix_Qualifying,2026,Miami Grand Prix,Qualifying,PIA,10,88.902,1.1039999999999992,62.19002434275773,49.17541229385307,21.13943028485757,14.24287856071964,7,10914.58095864288,12521.0,5.37031484257871,39,1.2072072072072073
2026_Miami_Grand_Prix_Qualifying,2026,Miami Grand Prix,Qualifying,PIA,13,88.332,0.5339999999999918,62.07043106705839,49.249249249249246,20.72072072072072,15.765765765765765,6,10887.802613306427,12446.0,5.357357357357357,39,1.1428571428571428
2026_Miami_Grand_Prix_Qualifying,2026,Miami Grand Prix,Qualifying,PIA,15,134.884,47.085999999999984,43.103565245243686,31.917098445595855,12.538860103626941,8.290155440414509,5,9408.232385262274,11963.0,3.4797927461139895,39,0.6939834024896265
2026_Miami_Grand_Prix_Qualifying,2026,Miami Grand Prix,Qualifying,PIA,16,88.687,0.8889999999999958,62.918976992057836,50.076103500761036,20.700152207001523,16.28614916286149,7,10943.523983312492,12401.0,5.398782343987824,38,1.2408536585365855
2026_Miami_Grand_Prix_Qualifying,2026,Miami Grand Prix,Qualifying,PIA,18,143.625,55.827,36.21559819657564,25.18248175182482,27.463503649635037,7.846715328467154,8,8884.779763910386,12120.0,3.227189781021898,36,0.5707762557077626
2026_Miami_Grand_Prix_Qualifying,2026,Miami Grand Prix,Qualifying,PIA,19,88.5,0.7019999999999982,64.7075174307896,50.0,19.311377245508982,13.77245508982036,6,10982.974022277827,12560.0,5.455089820359281,41,1.1664167916041979
2026_Miami_Grand_Prix_Qualifying,2026,Miami Grand Prix,Qualifying,COL,2,97.067,9.268999999999991,56.065514896235804,36.96551724137931,21.379310344827587,16.413793103448278,10,10133.27023406738,12025.0,4.604137931034483,40,1.1878453038674033
2026_Miami_Grand_Prix_Qualifying,2026,Miami Grand Prix,Qualifying,COL,4,89.917,2.1189999999999998,63.5433405500947,45.79710144927536,20.724637681159418,19.275362318840582,8,10326.397792850872,12276.0,5.114492753623188,44,1.0957910014513788
2026_Miami_Grand_Prix_Qualifying,2026,Miami Grand Prix,Qualifying,COL,5,130.089,42.291,36.2222743367393,19.611848825331972,27.068437180796735,14.402451481103167,7,9140.086688118508,11836.0,3.397344228804903,35,0.6339468302658486
2026_Miami_Grand_Prix_Qualifying,2026,Miami Grand Prix,Qualifying,COL,6,136.95,49.15199999999999,39.227952290440285,20.537428023032632,25.335892514395393,16.122840690978887,16,9288.920925747127,12147.0,3.031669865642994,44,0.9212295869356388
2026_Miami_Grand_Prix_Qualifying,2026,Miami Grand Prix,Qualifying,COL,7,89.584,1.7860000000000014,65.65649647225175,48.250728862973766,19.096209912536445,16.909620991253643,8,10372.746800259914,11904.0,5.129737609329446,40,1.1664233576642336
2026_Miami_Grand_Prix_Qualifying,2026,Miami Grand Prix,Qualifying,COL,8,116.988,29.189999999999998,42.38810901998722,22.76330690826727,26.840317100792753,15.968289920724802,7,9497.887982758266,11652.0,3.853907134767837,36,0.7868480725623582
2026_Miami_Grand_Prix_Qualifying,2026,Miami Grand Prix,Qualifying,COL,10,88.975,1.1769999999999925,65.513245860919,48.059701492537314,19.701492537313435,17.46268656716418,8,10399.068975596267,12105.0,5.174626865671642,40,1.1614349775784754
2026_Miami_Grand_Prix_Qualifying,2026,Miami Grand Prix,Qualifying,COL,11,119.516,31.718000000000004,38.72805572844466,18.555555555555557,30.666666666666664,16.11111111111111,10,9560.85454586305,11708.0,3.6911111111111112,41,0.731924360400445
2026_Miami_Grand_Prix_Qualifying,2026,Miami Grand Prix,Qualifying,COL,13,89.123,1.3250000000000028,65.95299108460132,49.101796407185624,18.263473053892216,15.568862275449103,7,10443.959557610644,12238.0,5.145209580838324,43,1.188455772113943
2026_Miami_Grand_Prix_Qualifying,2026,Miami Grand Prix,Qualifying,COL,14,123.328,35.53,41.78831680778151,19.936034115138593,28.891257995735607,20.68230277185501,15,9797.206498804273,12194.0,3.4690831556503197,54,1.2415154749199573
2026_Miami_Grand_Prix_Qualifying,2026,Miami Grand Prix,Qualifying,COL,16,88.762,0.9639999999999986,65.19485596700517,48.1651376146789,20.18348623853211,18.04281345565749,7,10415.841029496893,12143.0,5.204892966360856,40,1.199081163859112
2026_Miami_Grand_Prix_Qualifying,2026,Miami Grand Prix,Qualifying,COL,17,112.069,24.271,47.64523652140549,31.95625759416768,25.51640340218712,16.767922235722963,10,9721.719012836957,11665.0,3.9963547995139734,38,0.8583692761778366
2026_Miami_Grand_Prix_Qualifying,2026,Miami Grand Prix,Qualifying,GAS,2,103.256,15.457999999999998,50.93568769062059,37.51617076326003,28.33117723156533,16.81759379042691,8,9534.727933033802,11937.0,4.509702457956015,38,1.0038860103626943
2026_Miami_Grand_Prix_Qualifying,2026,Miami Grand Prix,Qualifying,GAS,4,90.092,2.293999999999997,65.43163396485662,49.56521739130435,18.84057971014493,16.81159420289855,8,10506.552221458025,12308.0,4.957971014492753,42,1.2539912917271407
2026_Miami_Grand_Prix_Qualifying,2026,Miami Grand Prix,Qualifying,GAS,5,125.59,37.792,37.37279771071569,22.139830508474574,26.059322033898308,12.817796610169491,6,9168.730498916912,11700.0,3.606991525423729,33,0.5438191188001817
2026_Miami_Grand_Prix_Qualifying,2026,Miami Grand Prix,Qualifying,GAS,6,132.59,44.792,40.30545991583128,22.013820335636723,24.975320829220138,11.747285291214215,6,9224.097821242003,12096.0,3.274432379072063,36,0.6493859396950875
2026_Miami_Grand_Prix_Qualifying,2026,Miami Grand Prix,Qualifying,GAS,7,89.914,2.1159999999999997,65.23097841656944,50.58479532163743,18.567251461988306,16.666666666666664,8,10437.483880548849,11879.0,5.133040935672515,43,1.2606149341142021
2026_Miami_Grand_Prix_Qualifying,2026,Miami Grand Prix,Qualifying,GAS,8,126.842,39.044,39.50975605894606,25.85669781931464,28.868120456905505,15.160955347871235,9,9223.527377371744,11730.0,3.560747663551402,39,0.6330561330561331
2026_Miami_Grand_Prix_Qualifying,2026,Miami Grand Prix,Qualifying,GAS,10,89.161,1.3629999999999995,66.61643124416631,50.670640834575266,17.138599105812222,16.691505216095383,9,10470.43662597506,12064.0,5.131147540983607,43,1.2647097844112771
2026_Miami_Grand_Prix_Qualifying,2026,Miami Grand Prix,Qualifying,GAS,11,126.417,38.619,34.06133228001541,13.361169102296449,28.81002087682672,14.718162839248434,7,9186.079548773168,11522.0,3.62839248434238,36,0.6269592476489029
2026_Miami_Grand_Prix_Qualifying,2026,Miami Grand Prix,Qualifying,GAS,13,89.07,1.2719999999999914,65.60006117752454,51.041666666666664,20.238095238095237,18.75,9,10495.252312625285,12072.0,5.066964285714286,42,1.2369597615499255
2026_Miami_Grand_Prix_Qualifying,2026,Miami Grand Prix,Qualifying,GAS,14,129.452,41.653999999999996,35.043181373935724,16.98880976602238,32.3499491353001,17.59918616480163,9,9321.86591127772,11649.0,3.412004069175992,48,0.7953156822810591
2026_Miami_Grand_Prix_Qualifying,2026,Miami Grand Prix,Qualifying,GAS,16,88.988,1.1899999999999977,66.46011677041827,51.6030534351145,18.62595419847328,16.793893129770993,9,10495.947499152335,12875.0,5.140458015267176,44,1.2324159021406729
2026_Miami_Grand_Prix_Qualifying,2026,Miami Grand Prix,Qualifying,GAS,17,123.008,35.209999999999994,32.00065948321634,4.751381215469613,28.066298342541433,15.58011049723757,8,9174.605905704926,11311.0,3.8011049723756907,35,0.700784707079646
2026_Miami_Grand_Prix_Qualifying,2026,Miami Grand Prix,Qualifying,GAS,19,88.81,1.0120000000000005,66.24030852069363,50.3725782414307,19.225037257824145,17.58569299552906,9,10516.420121227364,12837.0,5.199701937406855,40,1.153731343283582
2026_Miami_Grand_Prix_Qualifying,2026,Miami Grand Prix,Qualifying,HUL,2,91.503,3.7049999999999983,66.63085377703102,46.695402298850574,17.24137931034483,16.810344827586206,10,10629.284580489511,12458.0,4.922413793103448,42,1.410071942446043
2026_Miami_Grand_Prix_Qualifying,2026,Miami Grand Prix,Qualifying,HUL,3,140.248,52.44999999999999,39.7753130799543,24.27093132643462,44.68485418626529,22.671683913452494,15,7984.054233662078,12008.0,3.1213546566321733,43,0.9341847131198995
2026_Miami_Grand_Prix_Qualifying,2026,Miami Grand Prix,Qualifying,HUL,5,89.645,1.8469999999999942,67.74234678765536,50.58139534883721,16.13372093023256,17.441860465116278,10,10750.95899866353,12297.0,4.941860465116279,40,1.4614264919941775
2026_Miami_Grand_Prix_Qualifying,2026,Miami Grand Prix,Qualifying,HUL,6,115.162,27.364000000000004,42.03124137593831,22.388059701492537,34.443168771526985,18.369690011481058,8,10095.427372070886,12317.0,3.854190585533869,36,0.9990935219226751
2026_Miami_Grand_Prix_Qualifying,2026,Miami Grand Prix,Qualifying,HUL,8,104.841,17.042999999999992,55.16895753592307,29.75,22.875,18.0,10,10224.29948803827,12500.0,4.255,41,1.1251564455569463
2026_Miami_Grand_Prix_Qualifying,2026,Miami Grand Prix,Qualifying,HUL,10,89.915,2.1170000000000044,67.82810833598639,49.92826398852224,19.225251076040173,17.647058823529413,11,10811.356921345281,12732.0,4.857962697274032,43,1.3864942528735633
2026_Miami_Grand_Prix_Qualifying,2026,Miami Grand Prix,Qualifying,HUL,11,116.234,28.435999999999993,46.66383781505152,24.31192660550459,26.605504587155966,17.31651376146789,7,10079.899254403235,12063.0,3.772935779816514,38,1.103329506314581
2026_Miami_Grand_Prix_Qualifying,2026,Miami Grand Prix,Qualifying,HUL,13,89.439,1.6409999999999911,68.77167488236175,52.437223042836045,17.872968980797637,16.54357459379616,10,10807.155221512121,12598.0,4.937961595273264,42,1.3772189349112427
2026_Miami_Grand_Prix_Qualifying,2026,Miami Grand Prix,Qualifying,HUL,14,123.45,35.652,34.405221203368065,0.8456659619450317,32.98097251585624,12.367864693446089,6,9895.848504144658,11632.0,3.568710359408034,33,0.6660389611928812
2026_Miami_Grand_Prix_Qualifying,2026,Miami Grand Prix,Qualifying,LAW,2,96.044,8.245999999999995,61.04720967081439,41.50684931506849,21.506849315068493,20.684931506849317,10,10747.588539590575,12674.0,4.7465753424657535,41,1.2757201646090535
2026_Miami_Grand_Prix_Qualifying,2026,Miami Grand Prix,Qualifying,LAW,4,89.909,2.111000000000004,68.38142237542037,50.1497005988024,17.365269461077844,15.119760479041917,8,10940.082401370453,12577.0,5.086826347305389,41,1.31784107946027
2026_Miami_Grand_Prix_Qualifying,2026,Miami Grand Prix,Qualifying,LAW,5,114.981,27.182999999999993,41.60229708778088,15.349887133182843,31.82844243792325,16.252821670428894,7,9980.528068496886,11856.0,3.984198645598194,44,1.0033898305084745
2026_Miami_Grand_Prix_Qualifying,2026,Miami Grand Prix,Qualifying,LAW,7,89.595,1.796999999999997,67.11064213787112,51.10782865583457,20.38404726735598,15.214180206794683,9,10944.268404879966,12335.0,5.138847858197932,39,1.297337278106509
2026_Miami_Grand_Prix_Qualifying,2026,Miami Grand Prix,Qualifying,LAW,8,116.101,28.302999999999997,39.9245265972185,17.078651685393258,35.95505617977528,13.595505617977526,6,9938.984873851989,12192.0,3.9337078651685395,44,0.8222722159730034
2026_Miami_Grand_Prix_Qualifying,2026,Miami Grand Prix,Qualifying,LAW,10,89.583,1.7849999999999966,66.32764577407806,50.81481481481481,21.48148148148148,16.14814814814815,9,10915.451772500452,12304.0,5.103703703703704,41,1.271513353115727
2026_Miami_Grand_Prix_Qualifying,2026,Miami Grand Prix,Qualifying,LAW,13,89.499,1.7009999999999934,67.6261835395941,51.25925925925926,19.25925925925926,16.88888888888889,9,10922.014984152722,12594.0,5.1466666666666665,40,1.2566765578635015
2026_Miami_Grand_Prix_Qualifying,2026,Miami Grand Prix,Qualifying,LAW,14,128.02,40.22200000000001,33.27606858417478,11.782786885245903,33.91393442622951,11.475409836065573,8,9565.577200296078,11743.0,3.548155737704918,40,0.8635897435897436
2026_Miami_Grand_Prix_Qualifying,2026,Miami Grand Prix,Qualifying,BEA,2,90.203,2.405000000000001,65.65205768181494,46.80232558139535,16.13372093023256,18.75,9,10681.035289233136,12352.0,5.0479651162790695,42,1.2518195050946144
2026_Miami_Grand_Prix_Qualifying,2026,Miami Grand Prix,Qualifying,BEA,3,115.504,27.706000000000003,43.08184672709732,12.295081967213115,21.89695550351288,20.725995316159253,10,9904.680332029242,11964.0,3.9473067915690865,41,0.7467760844079718
2026_Miami_Grand_Prix_Qualifying,2026,Miami Grand Prix,Qualifying,BEA,5,89.34,1.5420000000000016,67.02538972945776,50.43604651162791,18.313953488372093,17.00581395348837,8,10765.78748167533,12207.0,5.193313953488372,41,1.1994177583697234
2026_Miami_Grand_Prix_Qualifying,2026,Miami Grand Prix,Qualifying,BEA,6,117.187,29.388999999999996,45.64092764327924,23.589164785553045,23.589164785553045,24.040632054176072,11,9881.263523883425,12041.0,3.8769751693002257,48,0.7706214689265537
2026_Miami_Grand_Prix_Qualifying,2026,Miami Grand Prix,Qualifying,BEA,8,90.022,2.2240000000000038,65.44021253092284,47.368421052631575,15.497076023391813,16.812865497076025,12,10711.229280748987,12302.0,5.068713450292398,43,1.1771595900439238
2026_Miami_Grand_Prix_Qualifying,2026,Miami Grand Prix,Qualifying,BEA,9,119.814,32.01599999999999,37.27499280784191,4.097452934662237,25.13842746400886,22.369878183831673,10,9729.570185502462,12186.0,3.84828349944629,41,0.6962305986696231
2026_Miami_Grand_Prix_Qualifying,2026,Miami Grand Prix,Qualifying,BEA,11,89.567,1.7689999999999912,67.004162435636,48.74446085672083,18.61152141802068,17.872968980797637,10,10709.757866810023,12086.0,5.140324963072378,42,1.2011834319526626
2026_Miami_Grand_Prix_Qualifying,2026,Miami Grand Prix,Qualifying,BEA,12,122.916,35.117999999999995,38.49532063908195,11.815252416756177,29.430719656283564,22.986036519871107,9,9781.399276289581,11877.0,3.745435016111708,43,0.7
2026_Miami_Grand_Prix_Qualifying,2026,Miami Grand Prix,Qualifying,SAI,2,92.426,4.628,65.602196803263,48.99425287356322,18.96551724137931,21.408045977011493,11,10242.220602972371,11893.0,5.037356321839081,44,1.256115107913669
2026_Miami_Grand_Prix_Qualifying,2026,Miami Grand Prix,Qualifying,SAI,3,117.924,30.126000000000005,41.52205802293105,22.04724409448819,28.45894263217098,25.871766029246345,10,9948.424102694105,11984.0,3.5669291338582676,43,0.8153153153153153
2026_Miami_Grand_Prix_Qualifying,2026,Miami Grand Prix,Qualifying,SAI,4,146.324,58.52600000000001,37.36398523402041,22.789425706472198,30.0820419325433,20.054694621695536,9,8523.043272042394,11943.0,2.9298085688240656,36,0.6624087591240876
2026_Miami_Grand_Prix_Qualifying,2026,Miami Grand Prix,Qualifying,SAI,5,90.21,2.411999999999992,66.53192865728765,51.008645533141205,20.028818443804035,20.31700288184438,12,10352.100794465694,12429.0,5.047550432276657,40,1.3621933621933622
2026_Miami_Grand_Prix_Qualifying,2026,Miami Grand Prix,Qualifying,SAI,6,115.738,27.939999999999998,45.6558250679953,26.30979498861048,26.765375854214124,25.626423690205012,8,9859.735769330975,11930.0,3.646924829157175,46,0.7879133409350056
2026_Miami_Grand_Prix_Qualifying,2026,Miami Grand Prix,Qualifying,SAI,8,89.54,1.7420000000000044,66.19146114001843,50.074515648286145,18.479880774962744,20.268256333830102,11,10546.41123626074,12062.0,4.970193740685544,40,1.3134328358208955
2026_Miami_Grand_Prix_Qualifying,2026,Miami Grand Prix,Qualifying,SAI,9,116.705,28.906999999999996,41.561072359782315,21.822272215973005,28.90888638920135,23.059617547806525,7,10027.754834657295,11984.0,3.670416197975253,45,0.6126126126126126
2026_Miami_Grand_Prix_Qualifying,2026,Miami Grand Prix,Qualifying,SAI,11,90.224,2.426000000000002,65.14588943654317,48.92086330935252,18.41726618705036,20.287769784172664,10,10431.999543931153,12071.0,5.043165467625899,38,1.2536023054755043
2026_Miami_Grand_Prix_Qualifying,2026,Miami Grand Prix,Qualifying,SAI,12,118.056,30.257999999999996,40.41313213223703,21.896162528216703,30.361173814898418,23.47629796839729,7,9683.049693405377,11595.0,3.737020316027088,44,0.7887005649717514
2026_Miami_Grand_Prix_Qualifying,2026,Miami Grand Prix,Qualifying,SAI,14,89.568,1.769999999999996,66.0051391272297,50.297619047619044,19.345238095238095,19.345238095238095,9,10406.486461777233,12162.0,5.119047619047619,43,1.2801788375558867
2026_Miami_Grand_Prix_Qualifying,2026,Miami Grand Prix,Qualifying,SAI,15,120.206,32.408,38.16206836653198,13.143483023001096,31.653888280394305,25.629791894852133,10,9722.202103188112,11796.0,3.515881708652793,47,0.625
2026_Miami_Grand_Prix_Qualifying,2026,Miami Grand Prix,Qualifying,OCO,2,90.783,2.9849999999999994,64.28898542541418,44.52554744525548,17.080291970802918,19.124087591240876,13,10623.66856444006,12058.0,5.0102189781021895,46,1.2777777777777777
2026_Miami_Grand_Prix_Qualifying,2026,Miami Grand Prix,Qualifying,OCO,3,113.371,25.572999999999993,49.63467218261593,31.952662721893493,25.207100591715975,25.562130177514792,15,9510.078465950284,11818.0,4.223668639053255,48,0.8981042654028436
2026_Miami_Grand_Prix_Qualifying,2026,Miami Grand Prix,Qualifying,OCO,5,90.293,2.4950000000000045,68.08406734385096,49.06204906204906,16.161616161616163,15.728715728715729,9,10597.834285955256,12103.0,5.1558441558441555,41,1.1979768786127167
2026_Miami_Grand_Prix_Qualifying,2026,Miami Grand Prix,Qualifying,OCO,8,89.838,2.039999999999992,65.8624723737029,48.6646884272997,18.397626112759642,17.804154302670625,12,10654.152674343595,12093.0,5.068249258160237,44,1.2719167904903417
2026_Miami_Grand_Prix_Qualifying,2026,Miami Grand Prix,Qualifying,OCO,9,120.809,33.010999999999996,38.64024559502173,1.9543973941368076,24.864277958740498,14.332247557003258,7,9544.320948014447,11499.0,3.9272529858849077,34,0.7902173913043479
2026_Miami_Grand_Prix_Qualifying,2026,Miami Grand Prix,Qualifying,OCO,11,89.911,2.1129999999999995,66.84161367768614,50.0,17.732558139534884,18.023255813953487,12,10643.982052457925,11949.0,5.1351744186046515,42,1.190684133915575
2026_Miami_Grand_Prix_Qualifying,2026,Miami Grand Prix,Qualifying,OCO,12,122.969,35.17099999999999,36.920696943209684,1.3057671381936888,23.83025027203482,16.866158868335145,8,9429.438387287537,11500.0,3.894450489662677,36,0.8265885978213507
2026_Miami_Grand_Prix_Qualifying,2026,Miami Grand Prix,Qualifying,OCO,14,89.772,1.9740000000000038,66.92165595102256,49.04831625183016,17.569546120058565,19.1800878477306,13,10656.582107330756,12439.0,5.149341142020498,40,1.2140762463343109
2026_Miami_Grand_Prix_Qualifying,2026,Miami Grand Prix,Qualifying,OCO,15,124.091,36.29299999999999,38.02376779302261,1.9128586609989375,22.741764080765144,16.790648246546226,7,9457.90199637299,11717.0,3.8682252922422955,38,0.7361702127659574
2026_Miami_Grand_Prix_Qualifying,2026,Miami Grand Prix,Qualifying,ALB,2,102.439,14.640999999999991,59.487431348873905,43.44473007712082,24.55012853470437,19.794344473007712,12,9848.543386025734,12240.0,4.5347043701799485,41,1.1261261261261262
2026_Miami_Grand_Prix_Qualifying,2026,Miami Grand Prix,Qualifying,ALB,3,106.414,18.616,49.39772162896651,26.625,26.875,22.625,11,9817.96060398941,11735.0,4.24875,46,0.9699624530663329
2026_Miami_Grand_Prix_Qualifying,2026,Miami Grand Prix,Qualifying,ALB,4,132.423,44.625,43.13822744280158,27.045908183632733,30.439121756487026,20.85828343313373,10,9066.514939247532,11681.0,3.2365269461077846,36,0.7132867132867133
2026_Miami_Grand_Prix_Qualifying,2026,Miami Grand Prix,Qualifying,ALB,5,90.143,2.344999999999999,65.92299486756481,49.63503649635037,20.29197080291971,17.080291970802918,9,10428.644628419983,11968.0,5.110948905109489,39,1.293859649122807
2026_Miami_Grand_Prix_Qualifying,2026,Miami Grand Prix,Qualifying,ALB,6,110.992,23.194000000000003,44.5789001410281,14.352941176470587,23.764705882352942,18.705882352941178,10,9838.66815917692,11644.0,3.976470588235294,42,0.8433451118963486
2026_Miami_Grand_Prix_Qualifying,2026,Miami Grand Prix,Qualifying,ALB,8,89.72,1.921999999999997,64.96136223732849,48.099415204678365,20.029239766081872,20.614035087719298,9,10502.949368820997,12202.0,5.081871345029239,40,1.2210834553440704
2026_Miami_Grand_Prix_Qualifying,2026,Miami Grand Prix,Qualifying,ALB,9,116.189,28.39099999999999,38.72865378566147,5.518018018018018,25.900900900900904,18.58108108108108,9,9994.93762172162,11797.0,3.5765765765765765,47,0.6798196166854565
2026_Miami_Grand_Prix_Qualifying,2026,Miami Grand Prix,Qualifying,ALB,11,90.129,2.331000000000003,64.617460203122,46.839080459770116,21.839080459770116,19.68390804597701,8,10475.920046916983,12080.0,5.0761494252873565,39,1.1496402877697842
2026_Miami_Grand_Prix_Qualifying,2026,Miami Grand Prix,Qualifying,ALB,12,115.166,27.367999999999995,37.376436576154234,1.8691588785046727,28.27102803738318,20.443925233644862,12,9837.557621610466,11593.0,3.7792056074766354,42,0.8350877192982457
2026_Miami_Grand_Prix_Qualifying,2026,Miami Grand Prix,Qualifying,ALB,14,89.946,2.147999999999996,65.39074910220391,48.23529411764706,19.852941176470587,17.794117647058822,10,10503.70609425131,12008.0,5.041176470588235,40,1.369661266568483
2026_Miami_Grand_Prix_Qualifying,2026,Miami Grand Prix,Qualifying,LIN,2,91.276,3.4779999999999944,64.95991921964213,49.13294797687861,20.520231213872833,22.832369942196532,11,10760.798962244911,12430.0,5.073699421965318,40,1.2185238784370478
2026_Miami_Grand_Prix_Qualifying,2026,Miami Grand Prix,Qualifying,LIN,3,108.079,20.28099999999999,50.376852172867885,31.453634085213032,29.07268170426065,25.68922305764411,12,10163.588069203348,12161.0,4.2218045112781954,42,1.0865746549560853
2026_Miami_Grand_Prix_Qualifying,2026,Miami Grand Prix,Qualifying,LIN,4,135.522,47.72399999999999,40.54520774292141,17.353787152444873,28.859060402684566,20.325982742090122,11,9115.981759583723,11969.0,3.4036433365292424,38,0.8023032629558541
2026_Miami_Grand_Prix_Qualifying,2026,Miami Grand Prix,Qualifying,LIN,5,90.341,2.542999999999992,66.62689890239345,49.32935916542474,19.374068554396423,18.181818181818183,9,10804.068294978042,12624.0,5.162444113263786,40,1.2059701492537314
2026_Miami_Grand_Prix_Qualifying,2026,Miami Grand Prix,Qualifying,LIN,6,147.065,59.266999999999996,35.40684276963153,21.472937000887313,50.66548358473825,31.67701863354037,15,7872.640730282789,12207.0,3.111801242236025,39,0.7575488454706927
2026_Miami_Grand_Prix_Qualifying,2026,Miami Grand Prix,Qualifying,LIN,8,90.133,2.3349999999999937,67.13887747624815,51.98821796759942,20.3240058910162,19.293078055964656,10,10800.854023815707,12357.0,5.126656848306333,43,1.2035398230088497
2026_Miami_Grand_Prix_Qualifying,2026,Miami Grand Prix,Qualifying,LIN,9,123.308,35.510000000000005,40.55527575417466,20.10810810810811,30.054054054054053,16.64864864864865,8,9665.91714279836,12247.0,3.678918918918919,41,0.6818181818181818
2026_Miami_Grand_Prix_Qualifying,2026,Miami Grand Prix,Qualifying,ALO,2,91.661,3.8629999999999995,64.36037559359337,48.99713467048711,22.922636103151863,18.624641833810887,13,10315.718396043821,12455.0,4.862464183381089,46,1.3428981348637017
2026_Miami_Grand_Prix_Qualifying,2026,Miami Grand Prix,Qualifying,ALO,3,114.768,26.97,40.23423463544822,24.70449172576832,39.479905437352244,17.02127659574468,9,8551.648701714084,11621.0,4.58983451536643,40,0.978698224852071
2026_Miami_Grand_Prix_Qualifying,2026,Miami Grand Prix,Qualifying,ALO,5,91.098,3.299999999999997,65.6330928056667,50.64377682403433,22.031473533619454,18.31187410586552,11,10317.419715323322,12415.0,4.962804005722461,47,1.348137535816619
2026_Miami_Grand_Prix_Qualifying,2026,Miami Grand Prix,Qualifying,ALO,6,112.461,24.662999999999997,42.41928561230375,25.55685814771395,39.507620164126614,12.075029308323563,7,8787.883849072068,11560.0,4.542790152403282,37,0.8544600938967136
2026_Miami_Grand_Prix_Qualifying,2026,Miami Grand Prix,Qualifying,ALO,8,98.137,10.338999999999999,63.18010585789681,47.16981132075472,22.506738544474395,20.619946091644206,11,10017.441460982927,12545.0,4.561994609164421,48,1.2968353563292845
2026_Miami_Grand_Prix_Qualifying,2026,Miami Grand Prix,Qualifying,STR,2,92.308,4.510000000000005,67.4143461101784,56.02836879432624,17.872340425531917,18.29787234042553,12,10263.96177010596,12098.0,4.902127659574468,40,1.3963068181818181
2026_Miami_Grand_Prix_Qualifying,2026,Miami Grand Prix,Qualifying,STR,3,111.932,24.134,49.41713339303043,38.04347826086957,29.347826086956523,21.497584541062803,8,9685.069832994172,11536.0,3.9094202898550723,41,1.1463119709794438
2026_Miami_Grand_Prix_Qualifying,2026,Miami Grand Prix,Qualifying,STR,5,91.164,3.3659999999999997,67.81673417326766,57.04022988505747,18.96551724137931,19.396551724137932,11,10304.497696974075,12238.0,4.933908045977011,41,1.3496402877697842
2026_Miami_Grand_Prix_Qualifying,2026,Miami Grand Prix,Qualifying,STR,6,117.054,29.256,41.094399955876575,28.187919463087248,32.5503355704698,22.14765100671141,9,9503.485336098012,11668.0,3.7002237136465324,46,0.7241881298992162
2026_Miami_Grand_Prix_Qualifying,2026,Miami Grand Prix,Qualifying,STR,8,91.389,3.590999999999994,64.9240029765884,53.86861313868613,22.335766423357665,20.875912408759124,13,10329.61990536853,12152.0,4.848175182481752,43,1.347953216374269
2026_Miami_Grand_Prix_Qualifying,2026,Miami Grand Prix,Qualifying,BOT,2,92.698,4.8999999999999915,65.05956878827958,48.64864864864865,20.19914651493599,16.642958748221908,9,10002.468858680133,12479.0,5.3499288762446655,33,1.3447293447293447
2026_Miami_Grand_Prix_Qualifying,2026,Miami Grand Prix,Qualifying,BOT,5,92.36,4.561999999999998,64.79051784516261,48.31460674157304,17.5561797752809,17.415730337078653,11,10133.898088310649,12015.0,5.207865168539326,41,1.3080168776371308
2026_Miami_Grand_Prix_Qualifying,2026,Miami Grand Prix,Qualifying,BOT,6,112.401,24.602999999999994,47.99095558261772,32.585596221959854,31.05076741440378,18.772136953955133,9,9472.711245423116,12281.0,4.325855962219599,38,0.9775413711583925
2026_Miami_Grand_Prix_Qualifying,2026,Miami Grand Prix,Qualifying,BOT,8,91.629,3.831000000000003,65.26592615008778,49.28366762177651,19.91404011461318,18.76790830945559,9,10266.390029553731,12081.0,5.199140401146132,36,1.4031563845050214
2026_Miami_Grand_Prix_Qualifying,2026,Miami Grand Prix,Qualifying,BOT,9,127.65,39.852000000000004,30.792803887633436,1.9874476987447698,32.53138075313807,12.02928870292887,7,9313.15210454918,11811.0,3.7698744769874475,36,0.5643979057591623
2026_Miami_Grand_Prix_Qualifying,2026,Miami Grand Prix,Qualifying,PER,2,92.103,4.304999999999993,63.29266887787254,50.64377682403433,19.027181688125893,17.59656652360515,9,10227.16983761296,12475.0,5.09728183118741,38,1.3810888252148996
2026_Miami_Grand_Prix_Qualifying,2026,Miami Grand Prix,Qualifying,PER,3,116.236,28.438000000000002,43.78115456552474,28.7369640787949,30.011587485515644,23.986095017381228,11,9481.788799500266,12319.0,4.113557358053303,45,1.0278422273781902
2026_Miami_Grand_Prix_Qualifying,2026,Miami Grand Prix,Qualifying,PER,5,98.224,10.426000000000002,63.84203671355967,51.31578947368421,18.289473684210527,18.815789473684212,9,10224.322596450218,12169.0,4.771052631578947,39,1.1989459815546772
2026_Miami_Grand_Prix_Qualifying,2026,Miami Grand Prix,Qualifying,PER,6,114.384,26.586,42.61948434152907,28.02325581395349,29.88372093023256,21.046511627906977,11,9200.696019167373,12207.0,4.351162790697674,40,0.9557625145518044
2026_Miami_Grand_Prix_Qualifying,2026,Miami Grand Prix,Qualifying,PER,8,91.967,4.168999999999997,62.55017618588919,48.917748917748916,19.19191919191919,21.78932178932179,9,10304.073601537488,12407.0,5.073593073593074,40,1.2919075144508672
2026_Miami_Grand_Prix_Qualifying,2026,Miami Grand Prix,Qualifying,PER,9,131.008,43.21000000000001,27.669017671809836,8.527918781725887,33.09644670050761,17.15736040609137,7,8888.964866521115,12132.0,3.746192893401015,37,0.5737435328898743
2026_Miami_Grand_Prix_Qualifying,2026,Miami Grand Prix,Qualifying,BOR,2,93.737,5.938999999999993,73.75445531775459,58.61581920903954,15.677966101694915,13.559322033898304,7,10616.309923455792,12635.0,4.7923728813559325,38,1.1414427157001414
2026_Miami_Grand_Prix_Qualifying,2026,Miami Grand Prix,Qualifying,HAD,2,89.978,2.1799999999999926,61.96316409638023,47.85185185185185,19.703703703703702,15.851851851851853,9,10650.057453595775,12396.0,5.241481481481482,44,1.172106824925816
2026_Miami_Grand_Prix_Qualifying,2026,Miami Grand Prix,Qualifying,HAD,3,114.024,26.226,30.029817564998787,4.750869061413673,33.603707995365006,15.643105446118192,6,9841.888545851041,12262.0,4.005793742757821,43,0.6682134570765661
2026_Miami_Grand_Prix_Qualifying,2026,Miami Grand Prix,Qualifying,HAD,5,89.863,2.0649999999999977,62.40134308893955,49.92743105950653,20.899854862119014,15.529753265602322,8,10642.296105445548,12582.0,5.243831640058056,43,1.1366279069767442
2026_Miami_Grand_Prix_Qualifying,2026,Miami Grand Prix,Qualifying,HAD,6,121.785,33.986999999999995,24.795484495205695,1.3157894736842104,21.49122807017544,11.513157894736842,6,10020.528387277407,11989.0,3.700657894736842,29,0.6256860592755215
2026_Miami_Grand_Prix_Qualifying,2026,Miami Grand Prix,Qualifying,HAD,7,121.135,33.337,31.60907212541378,10.656620021528525,27.448869752421963,14.747039827771799,8,9789.113003790215,12174.0,3.764262648008611,37,0.6045258620689655
2026_Miami_Grand_Prix_Qualifying,2026,Miami Grand Prix,Qualifying,HAD,8,89.324,1.5259999999999962,63.207311037473765,49.556213017751475,18.49112426035503,14.940828402366865,8,10737.335763303901,12338.0,5.258875739644971,44,1.2044444444444444
2026_Miami_Grand_Prix_Qualifying,2026,Miami Grand Prix,Qualifying,HAD,9,108.441,20.643,36.62815498996782,14.837153196622438,31.6043425814234,15.560916767189385,7,10082.273294617484,12416.0,4.2448733413751505,46,0.75
2026_Miami_Grand_Prix_Qualifying,2026,Miami Grand Prix,Qualifying,HAD,11,88.941,1.1430000000000007,63.128912962054066,50.0,19.186046511627907,15.843023255813954,9,10742.10434786757,12512.0,5.290697674418604,43,1.148471615720524
2026_Miami_Grand_Prix_Qualifying,2026,Miami Grand Prix,Qualifying,HAD,14,89.259,1.4609999999999985,62.78641468484103,50.0,20.180722891566266,15.512048192771086,9,10759.21461423175,12591.0,5.230421686746988,43,1.1553544494720964
2026_Miami_Grand_Prix_Qualifying,2026,Miami Grand Prix,Qualifying,HAD,15,116.909,29.111000000000004,30.358868989136568,11.659192825112108,32.28699551569507,17.937219730941703,8,9850.704426385066,12031.0,3.846412556053812,42,0.7115600448933782
2026_Miami_Grand_Prix_Qualifying,2026,Miami Grand Prix,Qualifying,HAD,17,88.789,0.9909999999999997,63.85069431792951,50.98934550989346,19.025875190258752,15.981735159817351,8,10827.873521097583,12627.0,5.287671232876712,41,1.1585365853658536
2026_Miami_Grand_Prix_Qualifying,2026,Miami Grand Prix,Qualifying,HAD,18,112.369,24.570999999999998,34.186209172156055,12.077294685990339,30.193236714975846,15.096618357487923,7,9928.146617569739,12012.0,4.107487922705314,38,0.6735187424425635
2026_Miami_Grand_Prix_Qualifying,2026,Miami Grand Prix,Qualifying,HAD,20,89.302,1.5040000000000049,63.25147784847249,50.30030030030031,20.12012012012012,17.71771771771772,8,10781.32675095192,12694.0,5.231231231231231,41,1.231578947368421
2026_Canadian_Grand_Prix_Qualifying,2026,Canadian Grand Prix,Qualifying,RUS,1,105.912,33.334,49.20450359833472,34.078947368421055,22.763157894736842,18.157894736842106,13,9782.297068125581,12661.0,3.388157894736842,43,1.4967061923583662
2026_Canadian_Grand_Prix_Qualifying,2026,Canadian Grand Prix,Qualifying,RUS,2,93.31,20.732,55.40943206004979,40.313390313390315,20.22792022792023,18.945868945868945,9,10209.545168316712,12836.0,3.6894586894586894,42,1.2296718972895864
2026_Canadian_Grand_Prix_Qualifying,2026,Canadian Grand Prix,Qualifying,RUS,3,74.438,1.8599999999999994,65.34142535921468,53.214285714285715,22.321428571428573,22.678571428571427,7,10609.861127006858,13027.0,4.878571428571429,45,1.2361359570661896
2026_Canadian_Grand_Prix_Qualifying,2026,Canadian Grand Prix,Qualifying,RUS,4,89.339,16.760999999999996,57.95270045404879,45.20348837209303,24.709302325581394,19.62209302325581,7,10238.667338095805,12132.0,3.9098837209302326,42,1.0655021834061136
2026_Canadian_Grand_Prix_Qualifying,2026,Canadian Grand Prix,Qualifying,RUS,5,73.953,1.375,69.25370923525865,58.63309352517986,18.525179856115106,19.424460431654676,7,10574.922705213312,12929.0,5.032374100719425,44,1.2414414414414414
2026_Canadian_Grand_Prix_Qualifying,2026,Canadian Grand Prix,Qualifying,RUS,7,108.186,35.608000000000004,46.1782472468528,35.427135678391956,31.281407035175878,13.190954773869345,8,8905.51196223164,13069.0,3.2751256281407035,42,1.0440251572327044
2026_Canadian_Grand_Prix_Qualifying,2026,Canadian Grand Prix,Qualifying,RUS,8,88.607,16.028999999999996,55.999381896912034,40.874811463046754,24.283559577677224,19.607843137254903,9,10341.425978555686,12637.0,3.939668174962293,45,1.2915407854984895
2026_Canadian_Grand_Prix_Qualifying,2026,Canadian Grand Prix,Qualifying,RUS,9,73.611,1.0330000000000013,68.60342593879582,57.99648506151143,20.035149384885763,20.38664323374341,7,10568.681112289349,12676.0,5.073813708260105,47,1.1514084507042253
2026_Canadian_Grand_Prix_Qualifying,2026,Canadian Grand Prix,Qualifying,RUS,11,86.688,14.11,58.8764588069392,44.12213740458015,21.984732824427482,19.84732824427481,7,10167.878991037507,12615.0,4.152671755725191,51,1.157492354740061
2026_Canadian_Grand_Prix_Qualifying,2026,Canadian Grand Prix,Qualifying,RUS,12,85.769,13.191000000000003,64.89376806103719,51.31375579598145,19.783616692426584,17.928902627511594,7,10367.127389940528,12638.0,4.166924265842349,44,1.0758513931888545
2026_Canadian_Grand_Prix_Qualifying,2026,Canadian Grand Prix,Qualifying,RUS,13,90.454,17.87599999999999,57.447953909347675,45.67723342939482,22.478386167146976,16.138328530259365,6,10132.286929806898,12051.0,3.854466858789625,39,0.9523809523809523
2026_Canadian_Grand_Prix_Qualifying,2026,Canadian Grand Prix,Qualifying,RUS,14,73.079,0.5009999999999906,70.17874801296954,59.77653631284916,20.11173184357542,20.670391061452513,7,10703.205091915412,13044.0,5.037243947858473,43,1.242537313432836
2026_Canadian_Grand_Prix_Qualifying,2026,Canadian Grand Prix,Qualifying,RUS,16,87.589,15.010999999999996,60.7717368125022,48.698315467075034,22.052067381317,17.304747320061256,6,10091.94072560851,13313.0,4.10260336906585,42,1.2085889570552146
2026_Canadian_Grand_Prix_Qualifying,2026,Canadian Grand Prix,Qualifying,RUS,17,97.739,25.161,55.28502036292972,44.986072423398326,20.334261838440113,15.87743732590529,8,9739.370411016542,12750.0,3.530640668523677,43,1.0878661087866108
2026_Canadian_Grand_Prix_Qualifying,2026,Canadian Grand Prix,Qualifying,RUS,19,82.226,9.647999999999996,66.44753224781667,55.10534846029174,18.80064829821718,17.990275526742302,6,10400.471158964816,13203.0,4.435980551053484,43,1.2637784086580088
2026_Canadian_Grand_Prix_Qualifying,2026,Canadian Grand Prix,Qualifying,RUS,20,83.53,10.951999999999998,67.57561607507941,56.56401944894651,19.124797406807133,17.666126418152352,6,10453.479256774703,12502.0,4.238249594813614,44,1.0503246753246753
2026_Canadian_Grand_Prix_Qualifying,2026,Canadian Grand Prix,Qualifying,RUS,21,72.993,0.41499999999999204,70.15331174122016,59.14972273567468,19.408502772643253,19.77818853974122,9,10735.459137596708,13336.0,5.0499075785582255,41,1.2703703703703704
2026_Canadian_Grand_Prix_Qualifying,2026,Canadian Grand Prix,Qualifying,RUS,22,96.557,23.979,54.45083370369016,39.97289972899729,23.170731707317074,19.78319783197832,7,10079.557628900933,12183.0,3.5203252032520327,44,1.1044776119402986
2026_Canadian_Grand_Prix_Qualifying,2026,Canadian Grand Prix,Qualifying,RUS,23,72.578,0.0,69.7473766693329,58.333333333333336,19.858156028368796,19.680851063829788,6,10717.70364581918,12524.0,4.99645390070922,45,1.1492007104795736
2026_Canadian_Grand_Prix_Qualifying,2026,Canadian Grand Prix,Qualifying,ANT,1,104.913,32.334999999999994,47.984273440351444,27.770177838577293,21.3406292749658,19.151846785225718,8,9637.07119836673,12425.0,3.6785225718194257,50,1.1945205479452055
2026_Canadian_Grand_Prix_Qualifying,2026,Canadian Grand Prix,Qualifying,ANT,2,94.575,21.997,51.06159753936289,29.902642559109875,23.9221140472879,23.36578581363004,10,10238.264192838751,11962.0,3.6022253129346313,52,1.2381615598885793
2026_Canadian_Grand_Prix_Qualifying,2026,Canadian Grand Prix,Qualifying,ANT,3,74.228,1.6499999999999915,68.51978609321243,59.27927927927929,18.73873873873874,19.81981981981982,7,10678.778285108407,12638.0,4.951351351351351,44,1.1895306859205776
2026_Canadian_Grand_Prix_Qualifying,2026,Canadian Grand Prix,Qualifying,ANT,4,98.057,25.479,42.6990102771319,18.289473684210527,28.157894736842103,25.13157894736842,10,10036.518191901383,11956.0,3.4973684210526317,54,1.1080368906455862
2026_Canadian_Grand_Prix_Qualifying,2026,Canadian Grand Prix,Qualifying,ANT,5,73.38,0.8019999999999925,67.91422293339203,57.27272727272727,19.454545454545453,21.09090909090909,6,10756.308461118726,12284.0,4.958181818181818,45,1.1967213114754098
2026_Canadian_Grand_Prix_Qualifying,2026,Canadian Grand Prix,Qualifying,ANT,7,103.99,31.411999999999992,45.55814642555028,28.55263157894737,18.421052631578945,15.921052631578947,8,9079.550035009586,12204.0,3.5355263157894736,53,1.013175230566535
2026_Canadian_Grand_Prix_Qualifying,2026,Canadian Grand Prix,Qualifying,ANT,8,88.165,15.587000000000003,58.570725908862016,42.081447963800905,24.132730015082956,21.116138763197586,8,10254.184706415239,12167.0,3.990950226244344,43,1.0861027190332326
2026_Canadian_Grand_Prix_Qualifying,2026,Canadian Grand Prix,Qualifying,ANT,9,73.076,0.49799999999999045,67.3185452082635,56.261022927689595,19.753086419753085,19.929453262786595,7,10750.199494574674,12678.0,4.865961199294532,49,1.1289752650176679
2026_Canadian_Grand_Prix_Qualifying,2026,Canadian Grand Prix,Qualifying,ANT,11,89.285,16.706999999999994,49.832681544290836,26.047904191616766,20.35928143712575,18.113772455089823,8,10080.16007753121,12170.0,3.8622754491017965,53,1.2188370080102806
2026_Canadian_Grand_Prix_Qualifying,2026,Canadian Grand Prix,Qualifying,ANT,12,84.881,12.302999999999997,59.415554839098284,41.49765990639626,21.528861154446176,19.18876755070203,7,10410.716505463446,11850.0,4.157566302652106,45,0.9953125
2026_Canadian_Grand_Prix_Qualifying,2026,Canadian Grand Prix,Qualifying,ANT,13,73.214,0.6359999999999957,69.34176296568462,57.84832451499118,16.402116402116402,18.69488536155203,7,10692.688067255962,12189.0,5.031746031746032,47,1.2473498233215548
2026_Canadian_Grand_Prix_Qualifying,2026,Canadian Grand Prix,Qualifying,ANT,14,108.016,35.438,36.027266027063504,14.709517923362176,29.913473423980225,24.598269468479607,10,9846.04656271391,12116.0,2.957972805933251,51,0.9158415841584159
2026_Canadian_Grand_Prix_Qualifying,2026,Canadian Grand Prix,Qualifying,ANT,15,73.18,0.6020000000000039,69.8888790935937,58.514492753623195,18.65942028985507,18.65942028985507,7,10754.669622020594,12596.0,4.992753623188406,48,1.1796733212341197
2026_Canadian_Grand_Prix_Qualifying,2026,Canadian Grand Prix,Qualifying,ANT,17,90.985,18.406999999999996,55.73235805243059,38.64306784660767,19.321533923303836,15.486725663716813,6,9734.807638216116,12139.0,3.966076696165192,47,1.0428360413589366
2026_Canadian_Grand_Prix_Qualifying,2026,Canadian Grand Prix,Qualifying,ANT,18,97.017,24.438999999999993,39.22398475781763,15.438108484005564,24.200278164116828,20.445062586926284,7,10059.333526024373,12159.0,3.5465924895688454,45,0.9401114206128134
2026_Canadian_Grand_Prix_Qualifying,2026,Canadian Grand Prix,Qualifying,ANT,19,73.088,0.5099999999999909,69.49219533358715,59.597806215722116,17.36745886654479,19.74405850091408,6,10743.75401033895,12226.0,4.956124314442413,47,1.1978021978021978
2026_Canadian_Grand_Prix_Qualifying,2026,Canadian Grand Prix,Qualifying,ANT,21,93.209,20.631,50.705573540671836,31.44927536231884,20.434782608695652,14.782608695652174,6,9669.476473312832,12063.0,3.801449275362319,48,1.039187227866473
2026_Canadian_Grand_Prix_Qualifying,2026,Canadian Grand Prix,Qualifying,ANT,22,88.194,15.616,52.01571332793766,32.526475037821484,25.113464447806354,21.331316187594553,7,10210.723733070434,12009.0,4.022692889561271,43,0.9681818181818181
2026_Canadian_Grand_Prix_Qualifying,2026,Canadian Grand Prix,Qualifying,ANT,23,72.646,0.06799999999999784,69.81093609847234,59.001782531194294,16.755793226381464,19.429590017825312,8,10737.536943627947,12412.0,5.017825311942959,45,1.144642857142857
2026_Canadian_Grand_Prix_Qualifying,2026,Canadian Grand Prix,Qualifying,ANT,24,108.315,35.736999999999995,29.324100776068224,8.805790108564535,38.35946924004825,25.45235223160434,9,9355.660084728279,12024.0,3.086851628468034,43,0.6727053140096618
2026_Canadian_Grand_Prix_Qualifying,2026,Canadian Grand Prix,Qualifying,NOR,1,101.383,28.804999999999993,40.68018361542386,20.372836218375497,25.03328894806924,15.179760319573901,7,10456.330565117323,12421.0,3.692410119840213,47,1.012
2026_Canadian_Grand_Prix_Qualifying,2026,Canadian Grand Prix,Qualifying,NOR,2,88.577,15.998999999999995,50.09302687609815,31.98198198198198,20.87087087087087,16.516516516516518,7,10747.897595661552,12547.0,4.3093093093093096,48,1.0556390977443608
2026_Canadian_Grand_Prix_Qualifying,2026,Canadian Grand Prix,Qualifying,NOR,3,74.213,1.634999999999991,65.95947104079414,55.97147950089126,21.390374331550802,19.25133689839572,7,10886.026426767827,12353.0,5.450980392156863,48,1.1732142857142858
2026_Canadian_Grand_Prix_Qualifying,2026,Canadian Grand Prix,Qualifying,NOR,5,86.987,14.408999999999992,55.389963939785396,39.96960486322189,21.732522796352583,16.717325227963524,6,10824.779679270745,12433.0,4.311550151975684,48,1.0776255707762556
2026_Canadian_Grand_Prix_Qualifying,2026,Canadian Grand Prix,Qualifying,NOR,6,90.96,18.38199999999999,45.70995045149679,25.735294117647058,28.52941176470588,19.264705882352942,6,10462.628021332212,12933.0,4.161764705882353,45,0.9896907216494846
2026_Canadian_Grand_Prix_Qualifying,2026,Canadian Grand Prix,Qualifying,NOR,7,73.531,0.953000000000003,67.57125965388177,57.37122557726465,21.49200710479574,18.650088809946713,8,10917.55655625626,12605.0,5.458259325044405,48,1.2277580071174377
2026_Canadian_Grand_Prix_Qualifying,2026,Canadian Grand Prix,Qualifying,NOR,8,96.202,23.623999999999995,28.59293628082427,2.661064425770308,30.532212885154063,14.985994397759104,8,10766.460628028613,12791.0,3.7338935574229692,52,0.82328190743338
2026_Canadian_Grand_Prix_Qualifying,2026,Canadian Grand Prix,Qualifying,NOR,9,73.503,0.9249999999999972,66.1314456030312,55.04587155963303,21.100917431192663,18.53211009174312,7,10915.845476619523,12692.0,5.317431192660551,50,1.2591911764705883
2026_Canadian_Grand_Prix_Qualifying,2026,Canadian Grand Prix,Qualifying,NOR,12,88.388,15.810000000000002,49.75342363962681,30.4552590266876,23.390894819466247,17.582417582417584,7,10562.094974862262,12851.0,4.249607535321821,53,1.1525157232704402
2026_Canadian_Grand_Prix_Qualifying,2026,Canadian Grand Prix,Qualifying,NOR,13,73.235,0.6569999999999965,66.48576987614192,56.57657657657658,21.62162162162162,19.81981981981982,7,10930.80505788588,12614.0,5.527927927927928,49,1.2472924187725631
2026_Canadian_Grand_Prix_Qualifying,2026,Canadian Grand Prix,Qualifying,NOR,14,95.856,23.27799999999999,30.256725746234636,6.284153005464481,31.693989071038253,16.120218579234972,8,10696.659077052782,12545.0,3.7745901639344264,50,0.8727770177838577
2026_Canadian_Grand_Prix_Qualifying,2026,Canadian Grand Prix,Qualifying,NOR,15,73.144,0.5660000000000025,68.26488192140532,57.4585635359116,19.521178637200737,17.67955801104972,7,10904.859663675665,12331.0,5.517495395948434,49,1.2546125461254614
2026_Canadian_Grand_Prix_Qualifying,2026,Canadian Grand Prix,Qualifying,NOR,17,93.531,20.953000000000003,54.19844284524328,39.01408450704225,24.507042253521128,19.014084507042252,8,10263.30279697135,12537.0,4.069014084507042,54,1.0916784203102963
2026_Canadian_Grand_Prix_Qualifying,2026,Canadian Grand Prix,Qualifying,NOR,18,93.668,21.090000000000003,45.224612924133766,26.638772663877262,23.70990237099024,14.644351464435147,7,10435.833467639517,12546.0,4.019525801952581,46,1.0782122905027933
2026_Canadian_Grand_Prix_Qualifying,2026,Canadian Grand Prix,Qualifying,NOR,19,73.049,0.47100000000000364,68.12876412171657,58.011049723756905,20.073664825046038,17.863720073664823,7,10936.553669641607,12561.0,5.537753222836096,50,1.2749077490774907
2026_Canadian_Grand_Prix_Qualifying,2026,Canadian Grand Prix,Qualifying,NOR,21,96.108,23.53,53.95124434392254,43.191196698762035,20.77028885832187,12.104539202200826,5,10206.871336727938,12506.0,3.874828060522696,45,1.022038567493113
2026_Canadian_Grand_Prix_Qualifying,2026,Canadian Grand Prix,Qualifying,NOR,22,90.012,17.433999999999997,54.39527498603628,40.81325301204819,22.13855421686747,16.867469879518072,7,10378.064990351997,12469.0,4.335843373493976,46,1.0935143288084463
2026_Canadian_Grand_Prix_Qualifying,2026,Canadian Grand Prix,Qualifying,NOR,23,72.729,0.15099999999999625,68.19176038180333,57.35567970204841,21.042830540037244,18.24953445065177,7,10934.293987589574,12542.0,5.562383612662942,47,1.2705223880597014
2026_Canadian_Grand_Prix_Qualifying,2026,Canadian Grand Prix,Qualifying,NOR,25,91.818,19.239999999999995,57.32856120844979,44.5095168374817,24.15812591508053,15.080527086383603,6,10230.50967605305,12536.0,4.101024890190336,53,1.2096774193548387
2026_Canadian_Grand_Prix_Qualifying,2026,Canadian Grand Prix,Qualifying,NOR,26,90.666,18.087999999999994,54.02385194831158,40.4099560761347,21.815519765739385,15.226939970717424,7,10351.477375595417,12320.0,4.228404099560762,45,1.0747800586510263
2026_Canadian_Grand_Prix_Qualifying,2026,Canadian Grand Prix,Qualifying,NOR,27,72.734,0.1559999999999917,70.05026487217742,60.31195840554593,19.064124783362217,16.291161178509533,7,11008.343292768699,12750.0,5.481802426343155,50,1.1996527777777777
2026_Canadian_Grand_Prix_Qualifying,2026,Canadian Grand Prix,Qualifying,NOR,28,108.973,36.394999999999996,24.59412041586004,4.738760631834751,39.732685297691376,20.413122721749698,7,9871.070459929835,12513.0,3.286755771567436,43,0.5742092457420924
2026_Canadian_Grand_Prix_Qualifying,2026,Canadian Grand Prix,Qualifying,PIA,1,106.72,34.141999999999996,42.40675614789637,24.646983311938385,28.241335044929393,16.30295250320924,7,9943.742664805779,12497.0,3.582798459563543,58,0.9781491002570694
2026_Canadian_Grand_Prix_Qualifying,2026,Canadian Grand Prix,Qualifying,PIA,2,75.105,2.527000000000001,64.9047864372432,53.68421052631579,22.280701754385966,19.649122807017545,7,10786.209802138124,12092.0,5.363157894736842,53,1.147627416520211
2026_Canadian_Grand_Prix_Qualifying,2026,Canadian Grand Prix,Qualifying,PIA,3,99.259,26.680999999999997,26.802665925654647,2.807486631016043,25.0,31.016042780748666,6,10367.45105889015,11977.0,3.8168449197860963,42,0.5140562248995983
2026_Canadian_Grand_Prix_Qualifying,2026,Canadian Grand Prix,Qualifying,PIA,4,74.221,1.6430000000000007,66.25373032884305,46.62045060658579,20.97053726169844,17.85095320623917,6,10868.568710272322,12141.0,5.3760831889081455,55,1.1024305555555556
2026_Canadian_Grand_Prix_Qualifying,2026,Canadian Grand Prix,Qualifying,PIA,6,95.936,23.358000000000004,41.556681133224956,19.91584852734923,19.214586255259466,15.147265077138849,7,10422.775673949847,11964.0,4.032258064516129,43,0.8637640449438202
2026_Canadian_Grand_Prix_Qualifying,2026,Canadian Grand Prix,Qualifying,PIA,7,87.397,14.819000000000003,49.97258871251876,33.33333333333333,23.68024132730015,18.099547511312217,7,10531.824174872721,11858.0,4.444947209653092,53,0.9607250755287009
2026_Canadian_Grand_Prix_Qualifying,2026,Canadian Grand Prix,Qualifying,PIA,8,73.559,0.9809999999999945,67.1219187696122,55.73770491803278,21.493624772313296,18.21493624772313,7,10847.3586067161,12022.0,5.5683060109289615,50,1.1222627737226278
2026_Canadian_Grand_Prix_Qualifying,2026,Canadian Grand Prix,Qualifying,PIA,9,98.628,26.049999999999997,25.473873614468612,2.728512960436562,26.330150068212827,17.735334242837652,6,10361.37138975198,11857.0,3.8171896316507503,44,0.5300546448087432
2026_Canadian_Grand_Prix_Qualifying,2026,Canadian Grand Prix,Qualifying,PIA,10,76.976,4.397999999999996,58.35537037472088,44.87632508833922,22.968197879858657,21.37809187279152,7,10850.407952258054,12205.0,5.159010600706714,50,0.9946902654867257
2026_Canadian_Grand_Prix_Qualifying,2026,Canadian Grand Prix,Qualifying,PIA,12,105.014,32.43599999999999,44.57635824715893,30.126582278481013,30.0,14.303797468354432,7,9388.570320386123,12180.0,3.6468354430379746,43,0.8377693282636248
2026_Canadian_Grand_Prix_Qualifying,2026,Canadian Grand Prix,Qualifying,PIA,13,91.158,18.58,43.101473004426516,20.539730134932537,20.839580209895054,14.69265367316342,7,10625.645509363107,11908.0,4.2188905547226385,46,0.954954954954955
2026_Canadian_Grand_Prix_Qualifying,2026,Canadian Grand Prix,Qualifying,PIA,14,73.416,0.8379999999999939,67.43342594631213,55.376344086021504,21.32616487455197,17.921146953405017,8,10815.704337525041,12282.0,5.460573476702509,51,1.1382405745062836
2026_Canadian_Grand_Prix_Qualifying,2026,Canadian Grand Prix,Qualifying,PIA,15,98.376,25.798000000000002,27.49907466083701,2.0161290322580645,27.82258064516129,14.650537634408604,7,10191.954587056283,11964.0,3.7688172043010755,42,0.5800807537012113
2026_Canadian_Grand_Prix_Qualifying,2026,Canadian Grand Prix,Qualifying,PIA,17,90.662,18.084000000000003,52.47473260855947,35.31976744186046,20.930232558139537,17.151162790697676,6,10473.728806531823,12156.0,4.270348837209302,45,0.9403202328966521
2026_Canadian_Grand_Prix_Qualifying,2026,Canadian Grand Prix,Qualifying,PIA,18,91.365,18.786999999999992,45.48801050651866,26.533523537803138,26.390870185449355,18.544935805991443,10,10591.54701774802,11875.0,4.148359486447932,52,0.98
2026_Canadian_Grand_Prix_Qualifying,2026,Canadian Grand Prix,Qualifying,PIA,19,89.843,17.265,39.49481370892954,16.98956780923994,22.205663189269746,18.0327868852459,8,10742.996298084385,12013.0,4.2935916542473915,53,0.9955223880597015
2026_Canadian_Grand_Prix_Qualifying,2026,Canadian Grand Prix,Qualifying,PIA,20,73.285,0.7069999999999936,67.6686197421198,53.72340425531915,19.50354609929078,22.163120567375884,7,10928.32434754852,12258.0,5.425531914893617,52,1.1936056838365896
2026_Canadian_Grand_Prix_Qualifying,2026,Canadian Grand Prix,Qualifying,PIA,22,142.575,69.99699999999999,34.31650558228314,24.173748819641173,49.480642115203025,34.844192634560905,19,8130.444522114141,12256.0,2.7714825306893296,48,0.724007561436673
2026_Canadian_Grand_Prix_Qualifying,2026,Canadian Grand Prix,Qualifying,PIA,23,89.441,16.863,45.69175797888038,25.71428571428571,22.706766917293233,15.037593984962406,8,10626.676843275533,12403.0,4.30827067669173,48,1.2243975903614457
2026_Canadian_Grand_Prix_Qualifying,2026,Canadian Grand Prix,Qualifying,PIA,24,73.003,0.42499999999999716,68.19712521705833,58.28677839851024,20.48417132216015,17.13221601489758,8,10883.823212626632,12200.0,5.504655493482309,50,1.2779850746268657
2026_Canadian_Grand_Prix_Qualifying,2026,Canadian Grand Prix,Qualifying,PIA,26,95.108,22.53,52.62876849937707,35.977337110481585,24.22096317280453,13.172804532577903,7,10033.858179490391,12177.0,4.056657223796034,49,0.9886524822695035
2026_Canadian_Grand_Prix_Qualifying,2026,Canadian Grand Prix,Qualifying,PIA,27,88.832,16.25399999999999,45.81782106943786,23.088455772113946,24.43778110944528,16.041979010494753,8,10595.58867781759,12303.0,4.331334332833583,46,1.1531531531531531
2026_Canadian_Grand_Prix_Qualifying,2026,Canadian Grand Prix,Qualifying,PIA,28,72.781,0.20300000000000296,68.22309648087044,57.66550522648084,20.034843205574912,17.59581881533101,9,10840.518710061464,12358.0,5.550522648083624,51,1.1675392670157068
2026_Canadian_Grand_Prix_Qualifying,2026,Canadian Grand Prix,Qualifying,HAM,1,101.217,28.638999999999996,53.59033637083235,31.643835616438352,15.753424657534246,23.698630136986303,12,9452.236870890894,11912.0,3.9397260273972603,37,1.110716736351166
2026_Canadian_Grand_Prix_Qualifying,2026,Canadian Grand Prix,Qualifying,HAM,2,91.552,18.974000000000004,52.73466080979278,33.33333333333333,20.085470085470085,22.64957264957265,9,9874.029907359516,12034.0,4.143874643874644,40,1.218259629101284
2026_Canadian_Grand_Prix_Qualifying,2026,Canadian Grand Prix,Qualifying,HAM,3,74.835,2.256999999999991,70.20366517167488,55.55555555555556,16.48745519713262,42.11469534050179,7,10660.372379312592,12613.0,5.14336917562724,43,1.236983842010772
2026_Canadian_Grand_Prix_Qualifying,2026,Canadian Grand Prix,Qualifying,HAM,4,95.47,22.891999999999996,41.54883566014703,11.820652173913043,21.875,21.195652173913043,9,9247.946233298184,11857.0,4.251358695652174,41,0.9510204081632653
2026_Canadian_Grand_Prix_Qualifying,2026,Canadian Grand Prix,Qualifying,HAM,5,74.302,1.7240000000000038,69.97731259534345,55.17857142857143,14.464285714285715,19.642857142857142,7,10665.563298202329,12300.0,5.078571428571428,41,1.2307692307692308
2026_Canadian_Grand_Prix_Qualifying,2026,Canadian Grand Prix,Qualifying,HAM,6,95.903,23.325000000000003,39.881270108458,12.0,20.82758620689655,17.517241379310345,6,9440.511257029551,11878.0,4.208275862068965,38,0.75
2026_Canadian_Grand_Prix_Qualifying,2026,Canadian Grand Prix,Qualifying,HAM,7,73.974,1.3960000000000008,71.33733682071163,55.434782608695656,12.13768115942029,17.934782608695652,8,10683.198479703085,12371.0,5.135869565217392,44,1.2250453720508168
2026_Canadian_Grand_Prix_Qualifying,2026,Canadian Grand Prix,Qualifying,HAM,8,100.842,28.263999999999996,37.252088883215265,12.5,27.500000000000004,22.236842105263158,14,9129.470518783139,12004.0,4.118421052631579,41,0.8945981554677207
2026_Canadian_Grand_Prix_Qualifying,2026,Canadian Grand Prix,Qualifying,HAM,9,90.923,18.345,55.99403488950716,38.50658857979502,22.10834553440703,25.76866764275256,7,9812.60911480002,12081.0,4.10688140556369,52,1.0410557184750733
2026_Canadian_Grand_Prix_Qualifying,2026,Canadian Grand Prix,Qualifying,HAM,10,73.767,1.188999999999993,71.91967271531807,56.59340659340659,13.186813186813188,17.582417582417584,6,10733.140998954492,12268.0,5.1208791208791204,41,1.2422018348623853
2026_Canadian_Grand_Prix_Qualifying,2026,Canadian Grand Prix,Qualifying,HAM,12,108.144,35.566,50.96879173719469,33.16831683168317,15.346534653465346,14.975247524752474,8,8742.988284007066,12049.0,3.6967821782178216,44,0.909541511771995
2026_Canadian_Grand_Prix_Qualifying,2026,Canadian Grand Prix,Qualifying,HAM,13,88.137,15.558999999999997,59.31712982358823,39.721792890262755,20.556414219474497,20.401854714064914,7,9815.687174604216,12043.0,4.443585780525503,41,1.0526315789473684
2026_Canadian_Grand_Prix_Qualifying,2026,Canadian Grand Prix,Qualifying,HAM,14,73.27,0.6919999999999931,71.67756551040569,57.65124555160143,14.412811387900357,18.86120996441281,7,10728.393253524817,12422.0,5.3113879003558715,41,1.3315508021390374
2026_Canadian_Grand_Prix_Qualifying,2026,Canadian Grand Prix,Qualifying,HAM,15,98.262,25.683999999999997,38.93956180745126,11.725067385444744,25.336927223719673,22.641509433962266,9,9217.060854361625,11729.0,4.163072776280323,46,0.9041835357624831
2026_Canadian_Grand_Prix_Qualifying,2026,Canadian Grand Prix,Qualifying,HAM,17,87.664,15.085999999999999,62.356257601149444,41.7298937784522,13.201820940819422,23.975720789074355,7,10134.21835355498,12103.0,4.279210925644916,43,1.1124620060790273
2026_Canadian_Grand_Prix_Qualifying,2026,Canadian Grand Prix,Qualifying,HAM,18,85.205,12.626999999999995,62.099484181603316,43.22678843226788,19.48249619482496,23.896499238964992,8,10151.760772773268,12014.0,4.420091324200913,43,1.1204268292682926
2026_Canadian_Grand_Prix_Qualifying,2026,Canadian Grand Prix,Qualifying,HAM,19,73.041,0.46299999999999386,71.8983624436361,57.769652650822664,13.345521023765997,19.012797074954296,7,10819.34178480306,12582.0,5.1060329067641685,43,1.2765567765567765
2026_Canadian_Grand_Prix_Qualifying,2026,Canadian Grand Prix,Qualifying,HAM,21,96.343,23.765,56.49153099818716,36.92946058091287,10.650069156293222,19.363762102351316,6,9518.21210885376,12242.0,3.8934993084370677,41,1.0415512465373962
2026_Canadian_Grand_Prix_Qualifying,2026,Canadian Grand Prix,Qualifying,HAM,22,90.561,17.983000000000004,58.24115344781009,41.132637853949326,16.24441132637854,19.076005961251862,7,10009.07897919509,12270.0,4.129657228017884,33,1.0328358208955224
2026_Canadian_Grand_Prix_Qualifying,2026,Canadian Grand Prix,Qualifying,HAM,23,72.868,0.28999999999999204,73.68203549359417,58.532110091743114,11.192660550458717,17.79816513761468,7,10834.780862073594,12343.0,5.194495412844037,44,1.286764705882353
2026_Canadian_Grand_Prix_Qualifying,2026,Canadian Grand Prix,Qualifying,HAM,25,105.458,32.879999999999995,52.10389060403704,37.041719342604296,17.44627054361568,16.561314791403287,8,9145.7965081783,12308.0,3.646017699115044,37,0.9759493670886076
2026_Canadian_Grand_Prix_Qualifying,2026,Canadian Grand Prix,Qualifying,HAM,26,88.831,16.253,59.557766200250896,43.84384384384384,23.123123123123122,21.32132132132132,8,9979.462984676153,12277.0,4.213213213213213,39,0.9909774436090225
2026_Canadian_Grand_Prix_Qualifying,2026,Canadian Grand Prix,Qualifying,VER,1,106.145,33.56699999999999,48.776652057354035,39.715394566623544,34.28201811125485,23.02716688227684,14,9422.813706814912,12806.0,3.5446313065976716,52,1.2707253886010363
2026_Canadian_Grand_Prix_Qualifying,2026,Canadian Grand Prix,Qualifying,VER,2,74.609,2.0309999999999917,64.87993176203071,55.24475524475524,20.804195804195803,17.657342657342657,7,10439.837445902009,12536.0,5.274475524475524,39,1.2714535901926445
2026_Canadian_Grand_Prix_Qualifying,2026,Canadian Grand Prix,Qualifying,VER,3,97.172,24.593999999999994,42.80459357650252,32.432432432432435,31.62162162162162,22.027027027027028,9,10375.819837330646,12590.0,3.608108108108108,55,1.121786197564276
2026_Canadian_Grand_Prix_Qualifying,2026,Canadian Grand Prix,Qualifying,VER,4,74.067,1.48899999999999,68.37264057917203,59.04255319148937,19.858156028368796,18.617021276595743,7,10633.475394154839,12227.0,5.2712765957446805,40,1.177619893428064
2026_Canadian_Grand_Prix_Qualifying,2026,Canadian Grand Prix,Qualifying,VER,6,108.468,35.89,48.52699119462311,39.08188585607941,35.60794044665012,17.3697270471464,13,9315.907879242337,12976.0,3.423076923076923,54,1.0894409937888199
2026_Canadian_Grand_Prix_Qualifying,2026,Canadian Grand Prix,Qualifying,VER,7,84.505,11.926999999999992,54.360791718887434,42.58064516129032,21.612903225806452,17.580645161290324,7,10305.26865406173,12752.0,4.493548387096774,48,1.27140549273021
2026_Canadian_Grand_Prix_Qualifying,2026,Canadian Grand Prix,Qualifying,VER,8,87.471,14.893,57.40293678437955,47.55555555555556,25.185185185185183,20.14814814814815,7,10282.314581492885,12199.0,4.228148148148148,51,1.1186943620178043
2026_Canadian_Grand_Prix_Qualifying,2026,Canadian Grand Prix,Qualifying,VER,9,73.479,0.9009999999999962,66.06962116718255,57.19489981785064,21.493624772313296,18.397085610200364,7,10512.255967685169,12160.0,5.318761384335155,43,1.2974452554744527
2026_Canadian_Grand_Prix_Qualifying,2026,Canadian Grand Prix,Qualifying,VER,11,92.665,20.087000000000003,60.3866257909682,49.20863309352518,20.431654676258994,16.258992805755394,6,10329.412747851544,12401.0,4.020143884892087,51,1.2521613832853027
2026_Canadian_Grand_Prix_Qualifying,2026,Canadian Grand Prix,Qualifying,VER,12,87.055,14.477000000000004,66.10562274590883,59.58395245170877,23.7741456166419,16.047548291233284,7,10469.906576756859,12197.0,4.288261515601783,48,1.1666666666666667
2026_Canadian_Grand_Prix_Qualifying,2026,Canadian Grand Prix,Qualifying,VER,13,73.553,0.9749999999999943,67.56180542134187,56.98729582577132,20.14519056261343,17.05989110707804,7,10627.383635225484,12449.0,5.344827586206897,39,1.3763636363636365
2026_Canadian_Grand_Prix_Qualifying,2026,Canadian Grand Prix,Qualifying,VER,16,85.87,13.292000000000002,70.4969470533487,62.81250000000001,17.1875,15.625,7,10475.750582147128,12777.0,4.4421875,40,1.2331768388106417
2026_Canadian_Grand_Prix_Qualifying,2026,Canadian Grand Prix,Qualifying,VER,17,73.473,0.894999999999996,67.3215811157892,57.88497217068645,19.666048237476808,17.810760667903523,7,10510.850437483783,12214.0,5.252319109461967,39,1.4572490706319703
2026_Canadian_Grand_Prix_Qualifying,2026,Canadian Grand Prix,Qualifying,VER,19,89.76,17.182000000000002,60.698504024299204,51.2743628185907,24.137931034482758,16.041979010494753,6,10264.770258121764,12555.0,4.1634182908545725,46,1.2619838594594595
2026_Canadian_Grand_Prix_Qualifying,2026,Canadian Grand Prix,Qualifying,VER,20,73.502,0.9239999999999924,67.67204462625708,57.564575645756456,18.81918819188192,17.52767527675277,7,10555.392231911565,12276.0,5.287822878228782,41,1.512014787430684
2026_Canadian_Grand_Prix_Qualifying,2026,Canadian Grand Prix,Qualifying,VER,21,96.058,23.480000000000004,47.0240388450589,37.09239130434783,30.706521739130434,23.641304347826086,8,10271.149648190527,12555.0,3.688858695652174,55,1.2462585034013605
2026_Canadian_Grand_Prix_Qualifying,2026,Canadian Grand Prix,Qualifying,VER,22,72.907,0.3289999999999935,69.22045563403304,59.21985815602837,21.27659574468085,19.50354609929078,7,10676.271260970887,12237.0,5.3563829787234045,39,1.3712255772646536
2026_Canadian_Grand_Prix_Qualifying,2026,Canadian Grand Prix,Qualifying,HAD,1,104.644,32.066,39.148424555646365,24.96815286624204,29.29936305732484,20.764331210191084,13,9922.097914661565,12056.0,3.5031847133757963,57,1.2168367346938775
2026_Canadian_Grand_Prix_Qualifying,2026,Canadian Grand Prix,Qualifying,HAD,2,75.381,2.8029999999999973,63.6281661720064,52.2887323943662,21.830985915492956,19.014084507042252,7,10508.923716636282,12256.0,5.035211267605634,41,1.2010582010582012
2026_Canadian_Grand_Prix_Qualifying,2026,Canadian Grand Prix,Qualifying,HAD,3,96.278,23.700000000000003,36.14361738977363,18.194070080862534,29.784366576819405,16.9811320754717,8,10204.80190269051,11984.0,3.7412398921832883,46,0.9878542510121457
2026_Canadian_Grand_Prix_Qualifying,2026,Canadian Grand Prix,Qualifying,HAD,4,73.654,1.0759999999999934,66.38249293861617,56.102003642987256,21.129326047358834,18.397085610200364,7,10657.857339755854,12346.0,5.224043715846994,43,1.187956204379562
2026_Canadian_Grand_Prix_Qualifying,2026,Canadian Grand Prix,Qualifying,HAD,6,102.665,30.087000000000003,43.102736449454085,27.943078913324708,36.73997412677878,15.782664941785251,9,9456.161889240704,12167.0,3.5472186287192757,43,0.9715025906735751
2026_Canadian_Grand_Prix_Qualifying,2026,Canadian Grand Prix,Qualifying,HAD,7,73.623,1.0450000000000017,67.71057790233543,56.90298507462687,20.33582089552239,19.029850746268657,7,10604.41927915569,12325.0,5.371268656716418,45,1.188785046728972
2026_Canadian_Grand_Prix_Qualifying,2026,Canadian Grand Prix,Qualifying,HAD,8,99.68,27.102000000000004,31.579000443405967,11.498708010335918,24.54780361757106,17.571059431524546,10,10044.797060688034,12104.0,3.702842377260982,41,0.9598965071151359
2026_Canadian_Grand_Prix_Qualifying,2026,Canadian Grand Prix,Qualifying,HAD,9,73.204,0.6259999999999906,67.31821323806686,56.92883895131086,20.224719101123593,18.726591760299627,7,10759.62198597208,12420.0,5.207865168539326,47,1.2082551594746718
2026_Canadian_Grand_Prix_Qualifying,2026,Canadian Grand Prix,Qualifying,HAD,11,98.291,25.712999999999994,37.95515718035153,15.384615384615385,29.284750337381915,20.51282051282051,8,9964.205141432467,12152.0,3.719298245614035,47,1.1
2026_Canadian_Grand_Prix_Qualifying,2026,Canadian Grand Prix,Qualifying,HAD,12,87.565,14.986999999999995,48.173014198279574,25.112107623318387,24.663677130044842,18.086696562032888,7,10417.371526742156,11995.0,4.240657698056801,44,0.9221556886227545
2026_Canadian_Grand_Prix_Qualifying,2026,Canadian Grand Prix,Qualifying,HAD,13,72.975,0.39699999999999136,69.73201621212137,60.0,16.90909090909091,18.363636363636363,7,10728.887218132519,12362.0,5.290909090909091,45,1.3096539162112932
2026_Canadian_Grand_Prix_Qualifying,2026,Canadian Grand Prix,Qualifying,HAD,15,143.011,70.43299999999999,30.177878149441266,16.840113528855248,51.65562913907284,19.205298013245034,8,7573.39524806475,12224.0,2.521286660359508,48,0.71875
2026_Canadian_Grand_Prix_Qualifying,2026,Canadian Grand Prix,Qualifying,HAD,16,86.604,14.025999999999996,52.69762314329304,29.147286821705425,23.565891472868216,20.155038759689923,7,10457.159080054205,12007.0,4.283720930232558,46,1.0885093167701863
2026_Canadian_Grand_Prix_Qualifying,2026,Canadian Grand Prix,Qualifying,HAD,17,73.99,1.411999999999992,66.83562453000707,56.284153005464475,20.21857923497268,18.0327868852459,7,10693.926743208325,12077.0,5.240437158469946,43,1.239051094890511
2026_Canadian_Grand_Prix_Qualifying,2026,Canadian Grand Prix,Qualifying,HAD,19,96.379,23.801000000000002,43.22853064925372,22.067039106145252,29.18994413407821,18.994413407821227,7,9835.83614018573,12375.0,3.8589385474860336,49,0.9622377622377623
2026_Canadian_Grand_Prix_Qualifying,2026,Canadian Grand Prix,Qualifying,HAD,20,87.126,14.548000000000002,51.627450845867465,25.757575757575758,21.818181818181817,16.666666666666664,8,10539.35615015175,12161.0,4.2287878787878785,44,1.0515933232169954
2026_Canadian_Grand_Prix_Qualifying,2026,Canadian Grand Prix,Qualifying,HAD,21,72.935,0.3569999999999993,66.98904411808577,56.042031523642734,20.140105078809107,18.388791593695274,7,10714.780086298733,12301.0,5.327495621716287,45,1.1140350877192982
2026_Canadian_Grand_Prix_Qualifying,2026,Canadian Grand Prix,Qualifying,LEC,1,105.132,32.554,50.12515697126332,30.11889035667107,26.948480845442536,26.55217965653897,11,10035.023256672506,12096.0,3.4240422721268162,45,1.0740740740740742
2026_Canadian_Grand_Prix_Qualifying,2026,Canadian Grand Prix,Qualifying,LEC,2,86.542,13.963999999999999,61.44350339228631,48.048048048048045,24.024024024024023,23.873873873873876,9,10434.128364556667,12158.0,4.163663663663663,45,1.087218045112782
2026_Canadian_Grand_Prix_Qualifying,2026,Canadian Grand Prix,Qualifying,LEC,3,76.346,3.7680000000000007,67.14077168066493,52.10526315789473,15.087719298245613,21.578947368421055,7,10562.563317013934,12160.0,4.912280701754386,48,1.1757469244288226
2026_Canadian_Grand_Prix_Qualifying,2026,Canadian Grand Prix,Qualifying,LEC,4,96.518,23.939999999999998,45.75948178577197,25.369127516778523,29.798657718120808,25.369127516778523,9,9858.859916785059,12226.0,3.7959731543624162,40,1.0201612903225807
2026_Canadian_Grand_Prix_Qualifying,2026,Canadian Grand Prix,Qualifying,LEC,5,89.066,16.488,45.42682175699907,21.936459909228443,32.526475037821484,23.44931921331316,7,10426.434336976889,12252.0,3.989409984871407,50,1.034848484848485
2026_Canadian_Grand_Prix_Qualifying,2026,Canadian Grand Prix,Qualifying,LEC,6,74.474,1.8960000000000008,71.3020849753718,58.07017543859649,9.12280701754386,18.771929824561404,7,10716.641065871814,12175.0,5.0508771929824565,43,1.1353251318101933
2026_Canadian_Grand_Prix_Qualifying,2026,Canadian Grand Prix,Qualifying,LEC,7,89.024,16.445999999999998,47.00337642491144,27.341389728096676,35.04531722054381,22.658610271903324,9,10340.478411826613,12026.0,4.128398791540786,46,0.9304084720121029
2026_Canadian_Grand_Prix_Qualifying,2026,Canadian Grand Prix,Qualifying,LEC,8,79.928,7.349999999999994,65.5014043737507,52.066115702479344,16.03305785123967,19.834710743801654,7,10550.829385667621,12102.0,4.704132231404959,46,1.1920529801324504
2026_Canadian_Grand_Prix_Qualifying,2026,Canadian Grand Prix,Qualifying,LEC,9,73.825,1.2469999999999999,72.6552048509198,60.14492753623188,10.68840579710145,18.65942028985507,7,10749.113376691883,12257.0,5.1268115942028984,46,1.176043557168784
2026_Canadian_Grand_Prix_Qualifying,2026,Canadian Grand Prix,Qualifying,LEC,10,89.214,16.635999999999996,47.32677176891966,26.536731634182907,30.884557721139434,27.436281859070466,7,10399.365118757409,12179.0,3.997001499250375,49,0.8618618618618619
2026_Canadian_Grand_Prix_Qualifying,2026,Canadian Grand Prix,Qualifying,LEC,12,111.256,38.678,45.095569481412355,28.60576923076923,30.889423076923077,23.076923076923077,11,9079.06814554303,12010.0,3.1826923076923075,42,0.8760529482551144
2026_Canadian_Grand_Prix_Qualifying,2026,Canadian Grand Prix,Qualifying,LEC,13,97.861,25.283,50.539999044489086,35.88317107093185,28.789986091794155,20.58414464534075,10,10200.941404529121,12350.0,3.543810848400556,46,1.083565459610028
2026_Canadian_Grand_Prix_Qualifying,2026,Canadian Grand Prix,Qualifying,LEC,14,74.325,1.7469999999999999,69.66675942337497,56.770833333333336,14.409722222222221,18.92361111111111,7,10733.534740697434,12267.0,4.977430555555555,47,1.1478260869565218
2026_Canadian_Grand_Prix_Qualifying,2026,Canadian Grand Prix,Qualifying,LEC,15,91.068,18.489999999999995,51.468140681014376,28.698224852071007,28.994082840236686,23.816568047337277,10,10459.015227056132,12278.0,3.853550295857988,48,1.0133333333333334
2026_Canadian_Grand_Prix_Qualifying,2026,Canadian Grand Prix,Qualifying,LEC,16,73.815,1.2369999999999948,69.55116760661814,55.258467023172905,12.299465240641712,21.21212121212121,7,10729.3757689452,12078.0,5.033868092691622,48,1.1625
2026_Canadian_Grand_Prix_Qualifying,2026,Canadian Grand Prix,Qualifying,LEC,18,90.569,17.991,55.44287506796864,35.775862068965516,26.29310344827586,28.01724137931034,9,10493.051716055672,12127.0,3.8735632183908044,52,1.1597122302158274
2026_Canadian_Grand_Prix_Qualifying,2026,Canadian Grand Prix,Qualifying,LEC,19,95.384,22.805999999999997,53.86467972376648,37.83403656821378,25.457102672292546,24.331926863572434,10,10374.79850862239,12367.0,3.6441631504922642,47,1.147887323943662
2026_Canadian_Grand_Prix_Qualifying,2026,Canadian Grand Prix,Qualifying,LEC,20,73.496,0.9179999999999922,69.73628527242909,56.63082437275986,11.29032258064516,22.401433691756274,7,10815.346954755321,12163.0,4.996415770609319,47,1.2172351885098742
2026_Canadian_Grand_Prix_Qualifying,2026,Canadian Grand Prix,Qualifying,LEC,22,100.182,27.604,55.91962361138171,37.45019920318725,23.37317397078353,20.45152722443559,6,9729.805754976824,12151.0,3.589641434262948,44,1.0013297872340425
2026_Canadian_Grand_Prix_Qualifying,2026,Canadian Grand Prix,Qualifying,LEC,23,93.107,20.528999999999996,57.75900549036025,43.8136826783115,22.270742358078603,20.52401746724891,6,10080.129688711117,12252.0,3.879184861717613,46,0.9868804664723032
2026_Canadian_Grand_Prix_Qualifying,2026,Canadian Grand Prix,Qualifying,LEC,24,73.149,0.570999999999998,70.92213682877234,56.75182481751825,9.48905109489051,19.89051094890511,7,10804.940285617122,12075.0,5.12043795620438,46,1.2504570383912248
2026_Canadian_Grand_Prix_Qualifying,2026,Canadian Grand Prix,Qualifying,LEC,26,102.588,30.00999999999999,53.92878428639932,38.591916558018255,24.51108213820078,18.513689700130378,6,9468.849073077861,12204.0,3.5202086049543677,42,0.9490861618798956
2026_Canadian_Grand_Prix_Qualifying,2026,Canadian Grand Prix,Qualifying,LEC,27,88.915,16.337000000000003,58.556028109276035,43.909774436090224,26.766917293233085,20.75187969924812,8,10425.898494529956,12189.0,3.9774436090225564,47,1.019578313253012
2026_Canadian_Grand_Prix_Qualifying,2026,Canadian Grand Prix,Qualifying,LEC,28,72.976,0.39799999999999613,71.84705842107054,57.62411347517731,7.9787234042553195,20.0354609929078,7,10777.299819783922,12223.0,5.2304964539007095,44,1.2273534635879217
2026_Canadian_Grand_Prix_Qualifying,2026,Canadian Grand Prix,Qualifying,LIN,1,110.115,37.53699999999999,46.90307021436327,29.171817058096416,33.992583436341164,26.699629171817058,9,9569.048728830321,12589.0,3.3868974042027196,47,1.0556930693069306
2026_Canadian_Grand_Prix_Qualifying,2026,Canadian Grand Prix,Qualifying,LIN,2,86.809,14.230999999999995,58.486690219418996,44.0,26.615384615384613,24.76923076923077,8,10257.362134633748,12568.0,4.338461538461538,45,1.1818181818181819
2026_Canadian_Grand_Prix_Qualifying,2026,Canadian Grand Prix,Qualifying,LIN,3,75.316,2.7379999999999995,67.44079014377047,54.62478184991274,22.862129144851657,22.164048865619545,8,10720.194535618584,12611.0,5.00174520069808,48,1.3216783216783217
2026_Canadian_Grand_Prix_Qualifying,2026,Canadian Grand Prix,Qualifying,LIN,4,111.959,39.381,43.05944184005345,29.66002344665885,37.162954279015246,37.162954279015246,13,9349.062160933247,12367.0,3.167643610785463,52,1.0046948356807512
2026_Canadian_Grand_Prix_Qualifying,2026,Canadian Grand Prix,Qualifying,LIN,5,92.96,20.38199999999999,56.227777877341794,38.20224719101123,27.247191011235955,22.752808988764045,7,10054.359657981482,12322.0,3.8735955056179776,44,1.109704641350211
2026_Canadian_Grand_Prix_Qualifying,2026,Canadian Grand Prix,Qualifying,LIN,6,90.616,18.037999999999997,55.45328745762091,38.839285714285715,29.613095238095237,22.916666666666664,7,10141.528049403563,12283.0,4.023809523809524,40,0.9865871833084948
2026_Canadian_Grand_Prix_Qualifying,2026,Canadian Grand Prix,Qualifying,LIN,7,73.895,1.316999999999993,69.83011237149718,58.098591549295776,20.070422535211268,20.070422535211268,7,10744.976379914306,12416.0,5.191901408450704,50,1.1781305114638447
2026_Canadian_Grand_Prix_Qualifying,2026,Canadian Grand Prix,Qualifying,LIN,8,92.314,19.73599999999999,50.25042032587548,30.75801749271137,29.88338192419825,22.886297376093296,8,10112.380638750428,12292.0,3.9693877551020407,41,0.872992700729927
2026_Canadian_Grand_Prix_Qualifying,2026,Canadian Grand Prix,Qualifying,LIN,9,74.047,1.468999999999994,70.71159924201899,58.259325044404974,19.005328596802844,19.182948490230906,7,10760.87994884802,12727.0,5.177619893428064,47,1.1743772241992882
2026_Canadian_Grand_Prix_Qualifying,2026,Canadian Grand Prix,Qualifying,LIN,10,96.568,23.989999999999995,44.919975976376605,21.16182572614108,28.90733056708161,21.43845089903181,8,10294.758919035576,12134.0,3.669432918395574,42,0.8822714681440443
2026_Canadian_Grand_Prix_Qualifying,2026,Canadian Grand Prix,Qualifying,LIN,11,74.785,2.2069999999999936,68.14339123965905,53.63636363636364,19.636363636363637,20.18181818181818,7,10770.87186627852,12586.0,5.085454545454546,48,1.209471766848816
2026_Canadian_Grand_Prix_Qualifying,2026,Canadian Grand Prix,Qualifying,LIN,13,102.802,30.224000000000004,45.910631018317524,28.063241106719367,36.89064558629776,26.877470355731226,10,9502.407606502518,12184.0,3.5177865612648223,41,0.9340369393139841
2026_Canadian_Grand_Prix_Qualifying,2026,Canadian Grand Prix,Qualifying,LIN,14,92.889,20.310999999999993,50.52162293958173,32.21757322175732,32.357043235704325,24.686192468619247,8,10039.775640629003,12514.0,3.9651324965132497,45,1.0237430167597765
2026_Canadian_Grand_Prix_Qualifying,2026,Canadian Grand Prix,Qualifying,LIN,15,73.572,0.9939999999999998,70.65613628473528,58.04066543438078,19.223659889094268,20.33271719038817,7,10807.906786757694,12304.0,5.203327171903882,48,1.1870370370370371
2026_Canadian_Grand_Prix_Qualifying,2026,Canadian Grand Prix,Qualifying,LIN,17,105.531,32.953,46.14987314191591,31.04294478527607,29.325153374233125,16.319018404907975,7,9383.18289753087,12546.0,3.374233128834356,42,0.941031941031941
2026_Canadian_Grand_Prix_Qualifying,2026,Canadian Grand Prix,Qualifying,LIN,18,99.889,27.310999999999993,46.11624878028513,25.806451612903224,29.166666666666668,24.327956989247312,12,9983.262030028125,12434.0,3.549731182795699,42,1.135935397039031
2026_Canadian_Grand_Prix_Qualifying,2026,Canadian Grand Prix,Qualifying,LIN,19,73.548,0.9699999999999989,69.76825353411455,57.31922398589065,20.458553791887123,21.693121693121693,7,10783.152044729744,12562.0,5.186948853615521,51,1.1519434628975265
2026_Canadian_Grand_Prix_Qualifying,2026,Canadian Grand Prix,Qualifying,LIN,21,93.859,21.28099999999999,58.22940214976987,41.18476727785614,27.080394922425953,24.682651622002822,7,10101.85835946649,12104.0,3.849083215796897,41,1.112994350282486
2026_Canadian_Grand_Prix_Qualifying,2026,Canadian Grand Prix,Qualifying,LIN,22,94.723,22.144999999999996,55.77011034966582,41.007194244604314,29.640287769784173,23.597122302158276,8,9933.404084956792,12560.0,3.818705035971223,41,0.9077809798270894
2026_Canadian_Grand_Prix_Qualifying,2026,Canadian Grand Prix,Qualifying,LIN,23,73.492,0.9140000000000015,71.31099168945646,58.77034358047016,17.72151898734177,17.540687160940323,7,10805.822454237736,12525.0,5.1030741410488245,46,1.213768115942029
2026_Canadian_Grand_Prix_Qualifying,2026,Canadian Grand Prix,Qualifying,LIN,25,91.088,18.50999999999999,55.958033558328644,34.22222222222222,26.074074074074073,18.51851851851852,6,10347.833611471193,12394.0,3.9407407407407407,40,1.0385756676557865
2026_Canadian_Grand_Prix_Qualifying,2026,Canadian Grand Prix,Qualifying,LIN,26,84.018,11.439999999999998,61.632290653231145,34.389857369255154,24.405705229793977,18.066561014263076,7,10579.706022846198,12331.0,4.4770206022187,41,1.0333333333333334
2026_Canadian_Grand_Prix_Qualifying,2026,Canadian Grand Prix,Qualifying,LIN,27,73.28,0.7019999999999982,71.29929650621301,58.497316636851515,18.6046511627907,18.425760286225405,7,10776.206762823374,12258.0,5.220035778175313,44,1.168458781362007
2026_Canadian_Grand_Prix_Qualifying,2026,Canadian Grand Prix,Qualifying,COL,1,109.322,36.744,50.704967896553356,33.20848938826467,26.716604244694132,15.730337078651685,7,9283.02609689059,11991.0,3.3395755305867665,37,1.0025
2026_Canadian_Grand_Prix_Qualifying,2026,Canadian Grand Prix,Qualifying,COL,2,87.611,15.033000000000001,60.47785185062453,41.66666666666667,20.757575757575758,16.969696969696972,7,10118.375966390375,12380.0,4.184848484848485,40,1.1001517450682854
2026_Canadian_Grand_Prix_Qualifying,2026,Canadian Grand Prix,Qualifying,COL,3,74.727,2.149000000000001,66.56622883921781,53.671328671328666,22.202797202797203,21.153846153846153,8,10571.1793137645,12411.0,4.9475524475524475,48,1.1751313485113835
2026_Canadian_Grand_Prix_Qualifying,2026,Canadian Grand Prix,Qualifying,COL,5,92.724,20.146,56.80418206070374,36.64772727272727,21.022727272727273,17.613636363636363,7,10112.709435184532,12511.0,3.75,44,1.088166785775249
2026_Canadian_Grand_Prix_Qualifying,2026,Canadian Grand Prix,Qualifying,COL,6,93.24,20.661999999999992,53.946528256988124,37.22943722943723,21.645021645021643,23.232323232323232,11,10019.553284196232,12486.0,3.7994227994227994,46,1.300578034682081
2026_Canadian_Grand_Prix_Qualifying,2026,Canadian Grand Prix,Qualifying,COL,7,77.341,4.762999999999991,63.400466131638034,48.55195911413969,24.020442930153322,21.80579216354344,7,10413.128109336603,12164.0,4.681431005110732,46,1.0853242320819112
2026_Canadian_Grand_Prix_Qualifying,2026,Canadian Grand Prix,Qualifying,COL,8,97.615,25.036999999999992,48.80525402309496,29.460580912863072,25.587828492392806,17.012448132780083,8,9957.792581109266,12049.0,3.463347164591978,40,1.0069252077562327
2026_Canadian_Grand_Prix_Qualifying,2026,Canadian Grand Prix,Qualifying,COL,9,74.466,1.887999999999991,66.96275275462037,53.27272727272727,21.818181818181817,20.18181818181818,7,10662.627584198903,12306.0,4.8145454545454545,45,1.1402550091074681
2026_Canadian_Grand_Prix_Qualifying,2026,Canadian Grand Prix,Qualifying,COL,12,85.981,13.402999999999992,60.894533137735216,45.51282051282051,24.19871794871795,18.58974358974359,7,10280.044371622776,12330.0,4.113782051282051,48,1.086677367576244
2026_Canadian_Grand_Prix_Qualifying,2026,Canadian Grand Prix,Qualifying,COL,13,74.045,1.4669999999999987,68.10886424385343,55.15370705244123,21.15732368896926,18.806509945750452,8,10635.237969883774,12842.0,4.920433996383363,44,1.25
2026_Canadian_Grand_Prix_Qualifying,2026,Canadian Grand Prix,Qualifying,COL,15,96.176,23.598,54.17588871690915,34.34903047091413,17.72853185595568,14.40443213296399,7,9906.995409719611,12284.0,3.623268698060942,41,1.1054091539528432
2026_Canadian_Grand_Prix_Qualifying,2026,Canadian Grand Prix,Qualifying,COL,16,89.977,17.399,59.10072928605648,39.647577092511014,20.411160058737153,17.033773861967695,7,10175.509273889653,12446.0,3.831130690161527,47,1.0941176470588236
2026_Canadian_Grand_Prix_Qualifying,2026,Canadian Grand Prix,Qualifying,COL,17,73.857,1.2789999999999964,67.77371309145184,56.06326889279437,20.035149384885763,18.27768014059754,7,10615.305971208883,12042.0,4.971880492091389,48,1.221830985915493
2026_Canadian_Grand_Prix_Qualifying,2026,Canadian Grand Prix,Qualifying,COL,18,115.857,43.278999999999996,31.791825545805562,6.67433831990794,25.31645569620253,18.06674338319908,10,9658.912010212971,12040.0,2.6985040276179517,40,1.0092165898617511
2026_Canadian_Grand_Prix_Qualifying,2026,Canadian Grand Prix,Qualifying,COL,20,98.984,26.40599999999999,51.01132082808835,32.25806451612903,27.284946236559136,15.456989247311828,6,9545.994627852553,12505.0,3.536290322580645,43,0.9946164199192463
2026_Canadian_Grand_Prix_Qualifying,2026,Canadian Grand Prix,Qualifying,COL,21,90.161,17.583,57.586146629452294,39.75903614457831,19.879518072289155,18.97590361445783,7,10280.656636795455,11955.0,3.894578313253012,42,1.1598793363499247
2026_Canadian_Grand_Prix_Qualifying,2026,Canadian Grand Prix,Qualifying,COL,22,73.697,1.1189999999999998,67.87042178375049,54.054054054054056,20.0,20.54054054054054,6,10655.26643943412,12455.0,4.9135135135135135,47,1.1895306859205776
2026_Canadian_Grand_Prix_Qualifying,2026,Canadian Grand Prix,Qualifying,COL,24,99.17,26.592,52.79356900480898,32.42506811989101,26.975476839237057,15.940054495912806,8,9533.147967412668,11936.0,3.505449591280654,48,1.1869031377899044
2026_Canadian_Grand_Prix_Qualifying,2026,Canadian Grand Prix,Qualifying,COL,25,86.357,13.778999999999996,64.05344309368198,47.0499243570348,19.969742813918305,17.095310136157337,7,10229.636165344245,12134.0,4.177004538577912,45,0.9863636363636363
2026_Canadian_Grand_Prix_Qualifying,2026,Canadian Grand Prix,Qualifying,COL,26,73.875,1.296999999999997,66.45938232495786,52.78745644599303,23.519163763066203,21.0801393728223,7,10556.251640178556,12133.0,4.982578397212544,47,1.150087260034904
2026_Canadian_Grand_Prix_Qualifying,2026,Canadian Grand Prix,Qualifying,HUL,1,108.844,36.26599999999999,52.98287013259811,30.013831258644537,26.141078838174277,22.821576763485478,6,9890.051403785494,12406.0,3.767634854771784,46,1.0616728209295168
2026_Canadian_Grand_Prix_Qualifying,2026,Canadian Grand Prix,Qualifying,HUL,2,87.619,15.040999999999997,51.714073468263635,21.482602118003026,27.53403933434191,21.936459909228443,9,10201.12017396375,12155.0,4.128593040847202,46,1.1333333333333333
2026_Canadian_Grand_Prix_Qualifying,2026,Canadian Grand Prix,Qualifying,HUL,3,76.244,3.665999999999997,66.96884611876206,52.45614035087719,21.052631578947366,20.701754385964914,7,10497.22479418538,12901.0,4.803508771929825,41,1.312829525483304
2026_Canadian_Grand_Prix_Qualifying,2026,Canadian Grand Prix,Qualifying,HUL,4,93.672,21.093999999999994,46.33674132873917,8.344733242134064,28.18057455540356,20.51983584131327,8,10240.386610248272,12418.0,3.8577291381668948,45,1.1452054794520548
2026_Canadian_Grand_Prix_Qualifying,2026,Canadian Grand Prix,Qualifying,HUL,6,90.27,17.691999999999993,61.48974383509585,38.80597014925373,20.44776119402985,19.402985074626866,7,10379.22248201849,12578.0,3.855223880597015,39,1.1375186846038865
2026_Canadian_Grand_Prix_Qualifying,2026,Canadian Grand Prix,Qualifying,HUL,7,92.099,19.521,53.07280911997358,34.34782608695652,27.97101449275362,26.08695652173913,10,10406.636189440482,12545.0,3.8391304347826085,52,1.3309143686502176
2026_Canadian_Grand_Prix_Qualifying,2026,Canadian Grand Prix,Qualifying,HUL,8,75.212,2.6340000000000003,68.05101422071455,52.23613595706619,19.141323792486585,20.03577817531306,7,10741.121190244812,12529.0,4.652951699463327,50,1.4587813620071686
2026_Canadian_Grand_Prix_Qualifying,2026,Canadian Grand Prix,Qualifying,HUL,9,92.413,19.834999999999994,46.61991139871652,9.75254730713246,27.074235807860266,18.049490538573508,7,10248.991669690853,12092.0,3.8646288209606987,41,1.2230320699708455
2026_Canadian_Grand_Prix_Qualifying,2026,Canadian Grand Prix,Qualifying,HUL,10,74.562,1.9839999999999947,69.47785967916352,52.06463195691203,20.107719928186714,18.13285457809695,8,10727.750164911682,12596.0,4.779174147217235,47,1.3363309352517985
2026_Canadian_Grand_Prix_Qualifying,2026,Canadian Grand Prix,Qualifying,HUL,12,88.916,16.337999999999994,66.79385733304687,49.532710280373834,19.003115264797508,20.093457943925234,7,10425.783775427626,12610.0,4.003115264797508,37,1.2455754916276651
2026_Canadian_Grand_Prix_Qualifying,2026,Canadian Grand Prix,Qualifying,HUL,13,88.894,16.316000000000003,55.15495039864645,26.627218934911244,21.893491124260358,18.34319526627219,7,10656.101203300192,12914.0,3.896449704142012,39,1.3718518518518519
2026_Canadian_Grand_Prix_Qualifying,2026,Canadian Grand Prix,Qualifying,HUL,14,73.977,1.399000000000001,70.31489851754883,56.10619469026549,19.115044247787612,20.707964601769913,8,10833.69384101001,12883.0,4.879646017699115,47,1.2695035460992907
2026_Canadian_Grand_Prix_Qualifying,2026,Canadian Grand Prix,Qualifying,HUL,15,106.538,33.959999999999994,45.934143821629235,25.97730138713745,33.54350567465322,26.229508196721312,9,9910.13564786364,12089.0,3.2648171500630516,41,1.0088383838383839
2026_Canadian_Grand_Prix_Qualifying,2026,Canadian Grand Prix,Qualifying,HUL,16,88.231,15.652999999999992,67.15658872498737,50.526315789473685,19.398496240601503,16.691729323308273,6,10420.925161837627,12077.0,4.0,42,1.1204819277108433
2026_Canadian_Grand_Prix_Qualifying,2026,Canadian Grand Prix,Qualifying,HUL,17,84.979,12.400999999999996,55.09015868344364,23.943661971830984,23.78716744913928,19.874804381846637,8,10536.509250963587,12405.0,4.226917057902973,44,1.4294670846394983
2026_Canadian_Grand_Prix_Qualifying,2026,Canadian Grand Prix,Qualifying,HUL,18,76.884,4.305999999999997,65.85055662146382,47.18909710391823,19.761499148211243,18.39863713798978,9,10592.905952194202,12660.0,4.7206132879046,50,1.1849402735836179
2026_Canadian_Grand_Prix_Qualifying,2026,Canadian Grand Prix,Qualifying,HUL,19,94.852,22.274,45.53611297429277,7.862068965517241,26.89655172413793,19.17241379310345,7,10119.643611557678,11894.0,3.8275862068965516,40,1.0975483420994474
2026_Canadian_Grand_Prix_Qualifying,2026,Canadian Grand Prix,Qualifying,HUL,20,73.886,1.3079999999999927,71.29657199125636,59.71223021582733,17.985611510791365,20.14388489208633,7,10754.175388549571,12536.0,5.030575539568345,48,1.2684684684684684
2026_Canadian_Grand_Prix_Qualifying,2026,Canadian Grand Prix,Qualifying,LAW,2,90.835,18.25699999999999,60.144008478865246,44.126074498567334,25.358166189111746,20.057306590257877,8,10387.954743234828,12190.0,4.0315186246418335,49,1.0286944045911048
2026_Canadian_Grand_Prix_Qualifying,2026,Canadian Grand Prix,Qualifying,LAW,3,76.117,3.5390000000000015,67.05513046718369,53.4965034965035,23.6013986013986,20.62937062937063,7,10696.321356582752,12345.0,4.996503496503497,47,1.157618213660245
2026_Canadian_Grand_Prix_Qualifying,2026,Canadian Grand Prix,Qualifying,LAW,4,97.787,25.209000000000003,49.4960283184588,25.71428571428571,27.2108843537415,21.360544217687075,9,10242.97873276484,12077.0,3.7020408163265306,49,0.9795640326975477
2026_Canadian_Grand_Prix_Qualifying,2026,Canadian Grand Prix,Qualifying,LAW,5,75.109,2.5309999999999917,67.87009680982449,54.74576271186441,22.54237288135593,20.677966101694913,7,10705.63612325565,12386.0,4.9847457627118645,46,1.1120543293718166
2026_Canadian_Grand_Prix_Qualifying,2026,Canadian Grand Prix,Qualifying,LAW,7,93.255,20.676999999999992,62.08027717403136,42.63456090651558,19.121813031161473,21.529745042492916,6,10450.282102434358,12096.0,3.773371104815864,48,1.0156028368794325
2026_Canadian_Grand_Prix_Qualifying,2026,Canadian Grand Prix,Qualifying,LAW,8,88.984,16.40599999999999,56.999895779290384,29.55223880597015,24.62686567164179,19.402985074626866,7,10355.547079808939,12088.0,4.155223880597015,45,1.0807174887892377
2026_Canadian_Grand_Prix_Qualifying,2026,Canadian Grand Prix,Qualifying,LAW,9,74.346,1.7680000000000007,72.95271977860321,55.13513513513514,17.2972972972973,21.8018018018018,6,10788.146741482842,12472.0,5.077477477477477,49,1.0
2026_Canadian_Grand_Prix_Qualifying,2026,Canadian Grand Prix,Qualifying,LAW,10,95.118,22.539999999999992,46.57327375256696,18.653576437587656,26.788218793828893,20.336605890603085,8,10164.907161479345,12143.0,3.7840112201963536,40,1.023876404494382
2026_Canadian_Grand_Prix_Qualifying,2026,Canadian Grand Prix,Qualifying,LAW,11,74.369,1.7909999999999968,73.06407947138541,60.40515653775322,17.67955801104972,21.915285451197054,6,10819.125584646312,12280.0,5.0073664825046045,48,1.1771217712177122
2026_Canadian_Grand_Prix_Qualifying,2026,Canadian Grand Prix,Qualifying,LAW,13,109.135,36.557,47.94940426417584,32.16019417475729,35.55825242718447,16.38349514563107,8,9277.9123316104,12178.0,3.2257281553398056,39,0.8420413122721749
2026_Canadian_Grand_Prix_Qualifying,2026,Canadian Grand Prix,Qualifying,LAW,14,91.702,19.123999999999995,59.13747948833415,44.51127819548872,25.86466165413534,19.248120300751882,7,10195.245076791889,12162.0,3.993984962406015,44,0.9548192771084337
2026_Canadian_Grand_Prix_Qualifying,2026,Canadian Grand Prix,Qualifying,LAW,15,76.871,4.292999999999992,65.15283199821491,48.403361344537814,22.18487394957983,18.487394957983195,7,10766.970351625414,12179.0,4.897478991596639,45,1.1026936026936027
2026_Canadian_Grand_Prix_Qualifying,2026,Canadian Grand Prix,Qualifying,LAW,17,95.529,22.950999999999993,55.34645664857256,30.45267489711934,24.279835390946502,18.51851851851852,6,10270.058314751876,11918.0,3.6680384087791493,40,1.0181204161172162
2026_Canadian_Grand_Prix_Qualifying,2026,Canadian Grand Prix,Qualifying,LAW,18,87.946,15.367999999999995,63.83266605904757,43.161094224924014,23.70820668693009,18.541033434650455,7,10517.60572875886,12490.0,4.130699088145897,42,1.0076103500761036
2026_Canadian_Grand_Prix_Qualifying,2026,Canadian Grand Prix,Qualifying,LAW,19,74.403,1.8250000000000028,69.56568084614693,56.22775800711744,22.24199288256228,18.683274021352315,7,10804.259729065547,12368.0,5.0355871886121,47,1.1497326203208555
2026_Canadian_Grand_Prix_Qualifying,2026,Canadian Grand Prix,Qualifying,LAW,20,91.135,18.557000000000002,57.234249814496074,27.873563218390807,19.10919540229885,18.67816091954023,7,10242.899588251925,11811.0,3.9454022988505746,40,0.7438848920863309
2026_Canadian_Grand_Prix_Qualifying,2026,Canadian Grand Prix,Qualifying,LAW,21,73.897,1.3190000000000026,70.0347097119246,57.809694793536806,21.18491921005386,17.594254937163374,7,10847.448250555577,12545.0,5.1077199281867145,45,1.1115107913669064
2026_Canadian_Grand_Prix_Qualifying,2026,Canadian Grand Prix,Qualifying,BOR,1,115.154,42.57599999999999,45.978478698897575,30.07246376811594,32.48792270531401,23.42995169082126,8,9358.01478299249,12157.0,3.218599033816425,41,1.147521160822249
2026_Canadian_Grand_Prix_Qualifying,2026,Canadian Grand Prix,Qualifying,BOR,2,97.375,24.796999999999997,46.28974826491062,23.319615912208505,25.65157750342936,23.045267489711936,9,10086.646058823475,12058.0,3.6666666666666665,50,1.2953296703296704
2026_Canadian_Grand_Prix_Qualifying,2026,Canadian Grand Prix,Qualifying,BOR,3,75.979,3.4009999999999962,66.40020433712253,49.13194444444444,23.09027777777778,23.4375,7,10549.237193320334,12195.0,4.854166666666667,45,1.2884434777043479
2026_Canadian_Grand_Prix_Qualifying,2026,Canadian Grand Prix,Qualifying,BOR,4,102.448,29.86999999999999,40.22454874888004,21.926489226869457,33.460076045627375,26.362484157160964,10,9919.739601409883,12297.0,3.4435994930291507,38,0.9671890867005076
2026_Canadian_Grand_Prix_Qualifying,2026,Canadian Grand Prix,Qualifying,BOR,5,79.122,6.543999999999997,60.646797530957876,39.42953020134228,26.51006711409396,23.154362416107382,7,10495.647354533887,12083.0,4.5,48,1.157983193277311
2026_Canadian_Grand_Prix_Qualifying,2026,Canadian Grand Prix,Qualifying,BOR,7,91.799,19.221000000000004,60.77945876122912,43.401759530791786,23.607038123167158,21.8475073313783,7,10208.17634773665,12219.0,3.929618768328446,39,1.1908957415565344
2026_Canadian_Grand_Prix_Qualifying,2026,Canadian Grand Prix,Qualifying,BOR,8,103.64,31.061999999999998,46.013498629412915,26.873385012919897,24.935400516795866,20.025839793281655,8,9997.093129068242,12126.0,3.387596899224806,46,1.1785252263906856
2026_Canadian_Grand_Prix_Qualifying,2026,Canadian Grand Prix,Qualifying,BOR,9,74.88,2.3019999999999925,67.0370048201939,33.39285714285714,23.392857142857142,23.392857142857142,6,10596.814331310956,12219.0,4.9035714285714285,46,1.2039355992844365
2026_Canadian_Grand_Prix_Qualifying,2026,Canadian Grand Prix,Qualifying,BOR,10,97.121,24.542999999999992,45.08109619574044,16.80672268907563,26.190476190476193,24.509803921568626,11,10225.534536860776,12288.0,3.6400560224089635,46,1.0785413744740533
2026_Canadian_Grand_Prix_Qualifying,2026,Canadian Grand Prix,Qualifying,BOR,11,74.775,2.1970000000000027,67.47196314096867,33.86243386243386,22.75132275132275,22.92768959435626,10,10630.139324247566,12292.0,4.883597883597884,47,1.2420494699646643
2026_Canadian_Grand_Prix_Qualifying,2026,Canadian Grand Prix,Qualifying,BOR,13,104.856,32.27799999999999,48.23320969316652,31.800766283524908,28.735632183908045,21.839080459770116,7,9501.20194326607,12536.0,3.3997445721583652,33,0.9232736572890026
2026_Canadian_Grand_Prix_Qualifying,2026,Canadian Grand Prix,Qualifying,BOR,14,88.064,15.48599999999999,62.38139632144284,47.77265745007681,23.34869431643625,21.658986175115206,7,10465.410840679744,12333.0,4.032258064516129,44,1.0861538461538462
2026_Canadian_Grand_Prix_Qualifying,2026,Canadian Grand Prix,Qualifying,BOR,15,74.426,1.847999999999999,67.92798218419259,38.1692573402418,22.107081174438687,22.452504317789295,8,10640.855120028107,12177.0,4.880829015544041,46,1.2110726643598615
2026_Canadian_Grand_Prix_Qualifying,2026,Canadian Grand Prix,Qualifying,BOR,16,145.235,72.65700000000001,35.35233414134474,25.069637883008355,49.58217270194986,27.20519962859796,14,7720.215031415951,12190.0,2.391829155060353,44,0.9247211895910781
2026_Canadian_Grand_Prix_Qualifying,2026,Canadian Grand Prix,Qualifying,BOR,17,90.995,18.417,58.01724697451509,39.82430453879942,25.036603221083453,22.25475841874085,9,10244.767151056056,12044.0,3.882869692532943,42,1.1055718475073313
2026_Canadian_Grand_Prix_Qualifying,2026,Canadian Grand Prix,Qualifying,BOR,18,86.308,13.730000000000004,64.01919204812829,49.004594180704444,21.898928024502297,20.520673813169985,7,10373.978692536484,12236.0,4.0826952526799385,41,1.102760736196319
2026_Canadian_Grand_Prix_Qualifying,2026,Canadian Grand Prix,Qualifying,BOR,19,74.55,1.9719999999999942,69.05820684318905,51.65794066317626,20.76788830715532,21.81500872600349,7,10628.487669581678,12641.0,4.87958115183246,48,1.2902097902097902
2026_Canadian_Grand_Prix_Qualifying,2026,Canadian Grand Prix,Qualifying,BOR,20,105.883,33.30499999999999,38.69109817766221,14.447236180904522,22.110552763819097,17.713567839195978,9,9994.177466938734,12168.0,3.2324120603015074,39,0.8754716981132076
2026_Canadian_Grand_Prix_Qualifying,2026,Canadian Grand Prix,Qualifying,BOR,21,74.071,1.492999999999995,69.75238646670705,26.537785588752193,21.968365553602812,22.671353251318102,7,10662.852946864274,12013.0,4.985940246045694,50,1.2112676056338028
2026_Canadian_Grand_Prix_Qualifying,2026,Canadian Grand Prix,Qualifying,GAS,1,107.974,35.396,51.627360286588655,33.45959595959596,26.89393939393939,26.641414141414145,13,9460.673713251883,12110.0,3.2588383838383836,43,1.1028444787863465
2026_Canadian_Grand_Prix_Qualifying,2026,Canadian Grand Prix,Qualifying,GAS,2,92.909,20.331000000000003,55.07923589272622,37.5,24.281609195402297,20.25862068965517,7,10053.095222956139,12032.0,3.704022988505747,44,0.860431654676259
2026_Canadian_Grand_Prix_Qualifying,2026,Canadian Grand Prix,Qualifying,GAS,3,77.531,4.953000000000003,63.99423169233136,50.83892617449665,23.48993288590604,23.48993288590604,7,10427.462896813311,11948.0,4.667785234899329,48,1.1966386554621848
2026_Canadian_Grand_Prix_Qualifying,2026,Canadian Grand Prix,Qualifying,GAS,4,98.278,25.700000000000003,47.57653096180804,24.059139784946236,22.177419354838708,17.338709677419356,7,10292.246741003282,12246.0,3.3521505376344085,46,0.7429340511440108
2026_Canadian_Grand_Prix_Qualifying,2026,Canadian Grand Prix,Qualifying,GAS,6,96.96,24.38199999999999,55.8286904322605,38.00539083557952,18.733153638814017,18.463611859838274,6,10044.5036752171,12255.0,3.5175202156334233,47,1.0431511463787675
2026_Canadian_Grand_Prix_Qualifying,2026,Canadian Grand Prix,Qualifying,GAS,7,91.43,18.852000000000004,59.85436571028575,42.0353982300885,21.091445427728615,17.404129793510325,7,10496.526262930407,12414.0,3.6047197640117994,42,0.8788774002954209
2026_Canadian_Grand_Prix_Qualifying,2026,Canadian Grand Prix,Qualifying,GAS,8,74.698,2.1199999999999903,69.17758424373139,56.02836879432624,20.921985815602838,19.326241134751772,7,10593.393276838457,12067.0,4.906028368794326,51,1.2611012433392539
2026_Canadian_Grand_Prix_Qualifying,2026,Canadian Grand Prix,Qualifying,GAS,9,101.115,28.536999999999992,43.94549103399721,20.160213618157545,23.09746328437917,15.7543391188251,5,10428.471158540224,12128.0,3.086782376502003,41,0.8382352941176471
2026_Canadian_Grand_Prix_Qualifying,2026,Canadian Grand Prix,Qualifying,GAS,12,89.499,16.920999999999992,60.87724430062493,45.176110260336905,22.97090352220521,19.754977029096477,7,10347.032142592696,12260.0,3.883614088820827,44,0.9984662576687117
2026_Canadian_Grand_Prix_Qualifying,2026,Canadian Grand Prix,Qualifying,GAS,13,74.711,2.1329999999999956,70.62543423139563,58.139534883720934,18.783542039355993,19.32021466905188,7,10490.512896842132,11953.0,5.0,49,1.2956989247311828
2026_Canadian_Grand_Prix_Qualifying,2026,Canadian Grand Prix,Qualifying,GAS,15,100.633,28.054999999999993,51.95949300418421,33.638743455497384,27.356020942408378,18.717277486910994,6,9564.938630260189,12746.0,3.2918848167539267,42,1.1140235910878113
2026_Canadian_Grand_Prix_Qualifying,2026,Canadian Grand Prix,Qualifying,GAS,16,91.07,18.49199999999999,58.756864922264235,43.54838709677419,24.926686217008797,21.55425219941349,8,10497.955699218764,12319.0,3.724340175953079,52,1.091042584434655
2026_Canadian_Grand_Prix_Qualifying,2026,Canadian Grand Prix,Qualifying,GAS,17,74.46,1.8819999999999908,68.44416421425124,56.36998254799301,22.862129144851657,20.76788830715532,7,10582.91973947732,12252.0,4.940663176265271,48,1.1346153846153846
2026_Canadian_Grand_Prix_Qualifying,2026,Canadian Grand Prix,Qualifying,GAS,18,110.508,37.92999999999999,34.96872804469496,5.776173285198556,26.47412755716005,20.216606498194945,11,10170.981363716579,12576.0,2.785800240673887,49,0.791566265060241
2026_Canadian_Grand_Prix_Qualifying,2026,Canadian Grand Prix,Qualifying,GAS,19,74.187,1.6089999999999947,69.19129698311204,55.575221238938056,20.707964601769913,19.469026548672566,7,10533.271220597648,12313.0,4.8814159292035395,46,1.326241134751773
2026_Canadian_Grand_Prix_Qualifying,2026,Canadian Grand Prix,Qualifying,SAI,1,105.164,32.586,51.58182783168216,31.241997439180537,18.693982074263765,17.6696542893726,8,9552.97052039227,12366.0,3.2586427656850194,41,0.9987179487179487
2026_Canadian_Grand_Prix_Qualifying,2026,Canadian Grand Prix,Qualifying,SAI,2,88.533,15.954999999999998,58.71435191753436,39.90963855421687,21.234939759036145,25.0,8,10380.163080664726,12306.0,3.871987951807229,50,1.147812971342383
2026_Canadian_Grand_Prix_Qualifying,2026,Canadian Grand Prix,Qualifying,SAI,3,75.616,3.0379999999999967,67.72494197430089,51.48861646234676,17.513134851138354,21.36602451838879,7,10434.202188404519,11857.0,4.89492119089317,45,1.231578947368421
2026_Canadian_Grand_Prix_Qualifying,2026,Canadian Grand Prix,Qualifying,SAI,4,99.731,27.15299999999999,45.45982400770361,24.47089947089947,26.851851851851855,29.232804232804234,10,10265.116317386977,12473.0,3.2208994708994707,51,1.0013245033112583
2026_Canadian_Grand_Prix_Qualifying,2026,Canadian Grand Prix,Qualifying,SAI,5,74.746,2.167999999999992,68.44541992701616,54.65517241379311,20.17241379310345,21.03448275862069,7,10460.529484575141,12038.0,4.915517241379311,45,1.1640759930915372
2026_Canadian_Grand_Prix_Qualifying,2026,Canadian Grand Prix,Qualifying,SAI,7,106.471,33.893,45.88018009965363,26.04298356510746,23.261694058154237,23.261694058154237,9,9397.804682798369,12292.0,3.1959544879898862,47,0.9987341772151899
2026_Canadian_Grand_Prix_Qualifying,2026,Canadian Grand Prix,Qualifying,SAI,8,87.821,15.242999999999995,61.03535702103979,43.52409638554217,20.33132530120482,22.740963855421686,7,10261.086335758126,12172.0,3.944277108433735,44,1.0301659125188536
2026_Canadian_Grand_Prix_Qualifying,2026,Canadian Grand Prix,Qualifying,SAI,9,74.276,1.6979999999999933,70.8466024705034,55.635062611806795,15.026833631484795,19.32021466905188,7,10501.210424110095,11959.0,4.980322003577817,45,1.2544802867383513
2026_Canadian_Grand_Prix_Qualifying,2026,Canadian Grand Prix,Qualifying,SAI,10,100.079,27.50099999999999,44.97134897918282,18.588873812754407,24.151967435549526,22.25237449118046,6,9848.277181017396,11935.0,3.3419267299864317,38,0.7309782608695652
2026_Canadian_Grand_Prix_Qualifying,2026,Canadian Grand Prix,Qualifying,SAI,11,89.737,17.158999999999992,53.665800757648654,28.400597907324364,22.27204783258595,26.307922272047833,9,10214.749911981584,12078.0,3.8460388639760836,53,1.2305389221556886
2026_Canadian_Grand_Prix_Qualifying,2026,Canadian Grand Prix,Qualifying,SAI,13,117.684,45.105999999999995,53.343762381778745,34.42437923250564,22.91196388261851,33.29571106094808,19,9381.935268121226,12259.0,2.6670428893905194,37,0.9339359698681732
2026_Canadian_Grand_Prix_Qualifying,2026,Canadian Grand Prix,Qualifying,SAI,14,91.676,19.098,55.51571767976695,32.195845697329375,19.881305637982198,22.700296735905045,9,10324.637119616838,12182.0,3.5949554896142435,50,1.2369489846458643
2026_Canadian_Grand_Prix_Qualifying,2026,Canadian Grand Prix,Qualifying,SAI,15,83.635,11.057000000000002,61.503121667341404,42.32558139534884,21.705426356589147,22.170542635658915,7,10458.604346040402,12090.0,4.130232558139535,46,1.0714285714285714
2026_Canadian_Grand_Prix_Qualifying,2026,Canadian Grand Prix,Qualifying,SAI,16,74.331,1.7530000000000001,69.38311359605467,55.87703435804702,18.44484629294756,22.06148282097649,8,10532.542115322414,12329.0,5.023508137432188,46,1.2373188405797102
2026_Canadian_Grand_Prix_Qualifying,2026,Canadian Grand Prix,Qualifying,SAI,18,101.575,28.997,50.33829201020999,31.719745222929934,23.439490445859875,20.0,9,9655.310105611163,12115.0,3.349044585987261,46,0.9528061224489796
2026_Canadian_Grand_Prix_Qualifying,2026,Canadian Grand Prix,Qualifying,SAI,19,91.808,19.230000000000004,57.90151655762136,40.69767441860465,22.96511627906977,21.075581395348838,8,10078.929782324012,12018.0,3.885174418604651,42,1.0305676855895196
2026_Canadian_Grand_Prix_Qualifying,2026,Canadian Grand Prix,Qualifying,SAI,20,74.273,1.6949999999999932,70.66361741718461,57.09219858156028,15.070921985815602,21.45390070921986,8,10475.815167461782,11885.0,5.124113475177305,46,1.2078152753108349
2026_Canadian_Grand_Prix_Qualifying,2026,Canadian Grand Prix,Qualifying,BEA,2,91.365,18.786999999999992,57.7226640569197,37.55395683453238,24.028776978417266,23.884892086330936,8,10504.523608338803,12209.0,3.884892086330935,52,1.0273775216138328
2026_Canadian_Grand_Prix_Qualifying,2026,Canadian Grand Prix,Qualifying,BEA,3,75.61,3.0319999999999965,68.4007579887583,52.879581151832454,19.895287958115183,20.069808027923212,7,10717.584289434444,12195.0,4.970331588132635,47,1.1975524475524475
2026_Canadian_Grand_Prix_Qualifying,2026,Canadian Grand Prix,Qualifying,BEA,4,99.816,27.238,46.41439668332952,21.85430463576159,23.04635761589404,23.841059602649008,7,10349.451525710092,12164.0,3.403973509933775,39,0.6896551724137931
2026_Canadian_Grand_Prix_Qualifying,2026,Canadian Grand Prix,Qualifying,BEA,5,74.846,2.2680000000000007,70.63583447780904,55.90277777777778,17.36111111111111,18.229166666666664,8,10784.621300158879,12430.0,4.991319444444445,48,1.1930434782608696
2026_Canadian_Grand_Prix_Qualifying,2026,Canadian Grand Prix,Qualifying,BEA,7,98.418,25.840000000000003,49.76873388307496,25.51159618008186,19.37244201909959,16.64392905866303,7,10142.29563506143,12112.0,3.4965893587994543,46,0.9084699453551912
2026_Canadian_Grand_Prix_Qualifying,2026,Canadian Grand Prix,Qualifying,BEA,8,87.834,15.256,58.728596904592266,37.3134328358209,21.19402985074627,20.298507462686565,9,10582.796619017372,12203.0,4.126865671641791,52,1.0672645739910314
2026_Canadian_Grand_Prix_Qualifying,2026,Canadian Grand Prix,Qualifying,BEA,9,74.567,1.98899999999999,69.9308401348046,56.3963963963964,21.08108108108108,20.54054054054054,7,10810.093314876705,12115.0,5.027027027027027,50,1.1787003610108304
2026_Canadian_Grand_Prix_Qualifying,2026,Canadian Grand Prix,Qualifying,BEA,10,104.006,31.427999999999997,42.42372130381014,15.796344647519584,27.54569190600522,26.370757180156655,11,10079.431611597141,12215.0,3.248041775456919,50,0.954248366013072
2026_Canadian_Grand_Prix_Qualifying,2026,Canadian Grand Prix,Qualifying,BEA,11,74.449,1.8709999999999951,69.819114333201,55.33453887884268,19.529837251356238,21.699819168173597,7,10759.335146150876,12153.0,5.048824593128391,49,1.190217391304348
2026_Canadian_Grand_Prix_Qualifying,2026,Canadian Grand Prix,Qualifying,BEA,13,110.125,37.547,48.06750519087183,31.35593220338983,26.513317191283292,16.82808716707022,8,9197.302453958899,12098.0,3.1476997578692494,45,0.8884848484848484
2026_Canadian_Grand_Prix_Qualifying,2026,Canadian Grand Prix,Qualifying,BEA,14,90.831,18.253,56.437195265902496,37.48125937031484,25.63718140929535,25.487256371814095,8,10565.014994491044,12236.0,3.871064467766117,50,0.9369369369369369
2026_Canadian_Grand_Prix_Qualifying,2026,Canadian Grand Prix,Qualifying,BEA,15,74.57,1.9919999999999902,70.56330170506904,55.208333333333336,18.229166666666664,19.09722222222222,7,10734.821108907849,12216.0,5.059027777777778,44,1.1843478260869564
2026_Canadian_Grand_Prix_Qualifying,2026,Canadian Grand Prix,Qualifying,BEA,16,96.948,24.36999999999999,45.62069563930765,18.370165745856355,29.14364640883978,26.381215469613263,7,10227.504201590647,12241.0,3.5290055248618786,48,0.7538035961272476
2026_Canadian_Grand_Prix_Qualifying,2026,Canadian Grand Prix,Qualifying,BEA,18,94.823,22.24499999999999,57.742069972711256,35.2112676056338,18.87323943661972,19.295774647887324,7,10460.40357935221,12273.0,3.6633802816901406,54,1.0380818053596614
2026_Canadian_Grand_Prix_Qualifying,2026,Canadian Grand Prix,Qualifying,BEA,19,78.636,6.057999999999993,62.90233820057609,44.75873544093178,19.633943427620633,20.798668885191347,9,10669.895527392497,12181.0,4.697171381031614,49,1.0366666666666666
2026_Canadian_Grand_Prix_Qualifying,2026,Canadian Grand Prix,Qualifying,BEA,20,99.643,27.064999999999998,45.098293815207285,11.462450592885375,23.583662714097496,20.421607378129117,7,10282.067213621433,12192.0,3.5177865612648223,49,0.8443271767810027
2026_Canadian_Grand_Prix_Qualifying,2026,Canadian Grand Prix,Qualifying,BEA,21,74.416,1.8379999999999939,69.48305493131392,54.937163375224415,19.569120287253142,19.748653500897667,7,10727.47057902715,12222.0,5.057450628366248,49,1.1798561151079137
2026_Canadian_Grand_Prix_Qualifying,2026,Canadian Grand Prix,Qualifying,OCO,1,104.132,31.554000000000002,50.796426479072196,31.633986928104573,18.30065359477124,19.869281045751634,8,9365.726248357747,12060.0,3.5908496732026145,45,1.0321662296684118
2026_Canadian_Grand_Prix_Qualifying,2026,Canadian Grand Prix,Qualifying,OCO,2,97.805,25.227000000000004,46.13900724885407,21.27371273712737,19.647696476964768,21.680216802168022,16,9932.161569383954,12077.0,3.7886178861788617,48,1.4179104477611941
2026_Canadian_Grand_Prix_Qualifying,2026,Canadian Grand Prix,Qualifying,OCO,3,76.891,4.313000000000002,66.6805987414352,51.45797598627787,18.524871355060036,22.126929674099486,7,10562.878696338723,12079.0,4.910806174957118,50,1.1546391752577319
2026_Canadian_Grand_Prix_Qualifying,2026,Canadian Grand Prix,Qualifying,OCO,4,100.809,28.230999999999995,44.92376918025899,13.892529488859765,20.70773263433814,23.32896461336828,15,9645.665749307831,11805.0,3.7653997378768023,49,1.358267716535433
2026_Canadian_Grand_Prix_Qualifying,2026,Canadian Grand Prix,Qualifying,OCO,5,75.714,3.1359999999999957,67.66379147776196,50.68259385665529,18.43003412969283,22.525597269624573,10,10599.202328732028,12055.962492800001,4.902730375426621,51,1.1572649572649574
2026_Canadian_Grand_Prix_Qualifying,2026,Canadian Grand Prix,Qualifying,OCO,7,104.61,32.032,45.58434395740556,16.389244558258643,14.468629961587709,21.254801536491676,15,9462.411618575268,11916.0,3.4596670934699105,43,1.3435897435897435
2026_Canadian_Grand_Prix_Qualifying,2026,Canadian Grand Prix,Qualifying,OCO,8,85.682,13.104,58.04495508376536,39.908256880733944,18.807339449541285,22.171253822629968,9,10267.271831109438,12000.0,4.304281345565749,52,1.2817764165390506
2026_Canadian_Grand_Prix_Qualifying,2026,Canadian Grand Prix,Qualifying,OCO,9,74.901,2.3229999999999933,69.59023641107164,54.91949910554562,16.815742397137747,20.930232558139537,8,10621.891371899479,11979.0,5.010733452593918,48,1.2616487455197132
2026_Canadian_Grand_Prix_Qualifying,2026,Canadian Grand Prix,Qualifying,OCO,10,93.778,21.200000000000003,50.73280300700233,19.39218523878437,22.286541244573083,22.14182344428365,10,10057.721145999752,11958.0,3.9898697539797396,49,1.1956521739130435
2026_Canadian_Grand_Prix_Qualifying,2026,Canadian Grand Prix,Qualifying,OCO,11,74.845,2.266999999999996,69.63432797911064,53.068592057761734,19.314079422382672,21.660649819494584,7,10591.295203962027,12059.0,5.052346570397112,48,1.2459312839059675
2026_Canadian_Grand_Prix_Qualifying,2026,Canadian Grand Prix,Qualifying,ALB,2,90.289,17.711,58.90526114327207,37.300435413642965,24.383164005805515,21.335268505079828,7,10198.602318880496,12011.0,3.891146589259797,43,0.9142441860465116
2026_Canadian_Grand_Prix_Qualifying,2026,Canadian Grand Prix,Qualifying,ALB,3,77.204,4.625999999999991,67.14438787468903,51.29087779690189,22.203098106712567,18.072289156626507,7,10365.304431024031,12163.0,4.889845094664372,41,1.103448275862069
2026_Canadian_Grand_Prix_Qualifying,2026,Canadian Grand Prix,Qualifying,ALB,4,97.128,24.549999999999997,51.3362007148665,27.595628415300546,24.726775956284154,20.76502732240437,8,9837.736961137134,11672.0,3.5560109289617485,44,0.786593707250342
2026_Canadian_Grand_Prix_Qualifying,2026,Canadian Grand Prix,Qualifying,ALB,5,75.761,3.1829999999999927,68.16722111199294,53.22033898305085,21.35593220338983,20.508474576271183,7,10353.225767733547,11873.0,4.998305084745763,45,1.0713073005093379
2026_Canadian_Grand_Prix_Qualifying,2026,Canadian Grand Prix,Qualifying,ALB,6,119.109,46.53099999999999,39.62441425021817,15.178571428571427,35.9375,29.6875,12,8850.06872854702,11908.0,2.8917410714285716,43,0.6335195530726258
2026_Canadian_Grand_Prix_Qualifying,2026,Canadian Grand Prix,Qualifying,ALB,7,93.058,20.480000000000004,56.43626218518481,28.205128205128204,20.655270655270655,19.515669515669515,6,10089.627683954146,11779.0,3.7507122507122506,46,0.8887303851640513
2026_Canadian_Grand_Prix_Qualifying,2026,Canadian Grand Prix,Qualifying,ALB,8,89.133,16.554999999999993,59.9253920878455,37.4251497005988,24.10179640718563,20.35928143712575,7,10234.759064031661,11882.0,3.9161676646706587,47,1.0389805097451275
2026_Canadian_Grand_Prix_Qualifying,2026,Canadian Grand Prix,Qualifying,ALB,9,74.851,2.272999999999996,68.64664476433495,54.174067495559505,22.380106571936057,20.959147424511546,7,10421.820272259318,12130.0,4.982238010657194,45,1.1227758007117439
2026_Canadian_Grand_Prix_Qualifying,2026,Canadian Grand Prix,Qualifying,ALB,10,95.593,23.015,50.533136282315176,25.174825174825177,23.636363636363637,19.3006993006993,8,10075.957765698631,11891.0,3.5258741258741257,43,0.8795518207282913
2026_Canadian_Grand_Prix_Qualifying,2026,Canadian Grand Prix,Qualifying,ALB,11,92.687,20.108999999999995,55.69409927683938,30.523255813953487,23.837209302325583,19.476744186046513,8,10255.233658230565,12345.0,3.566860465116279,43,0.9941775836972343
2026_Canadian_Grand_Prix_Qualifying,2026,Canadian Grand Prix,Qualifying,ALB,12,75.008,2.4299999999999926,66.93984214505673,53.16455696202531,23.688969258589513,22.423146473779383,6,10509.731678361522,12706.0,4.862567811934901,48,1.1503623188405796
2026_Canadian_Grand_Prix_Qualifying,2026,Canadian Grand Prix,Qualifying,ALO,1,106.191,33.613,59.01586887229807,46.07190412782956,21.837549933422103,14.11451398135819,6,9206.096292092536,11789.0,3.6897470039946736,45,1.11892998890666
2026_Canadian_Grand_Prix_Qualifying,2026,Canadian Grand Prix,Qualifying,ALO,2,78.272,5.694000000000003,66.7727123420621,53.95189003436426,20.274914089347078,22.336769759450174,8,10458.59966543879,12210.0,4.443298969072165,49,1.2891566265060241
2026_Canadian_Grand_Prix_Qualifying,2026,Canadian Grand Prix,Qualifying,ALO,3,104.071,31.492999999999995,45.19062404640392,32.29036295369212,32.91614518147685,17.647058823529413,11,9182.936285819218,11759.0,3.474342928660826,44,0.924812030075188
2026_Canadian_Grand_Prix_Qualifying,2026,Canadian Grand Prix,Qualifying,ALO,4,76.184,3.6059999999999945,68.9415683565968,57.858376511226254,20.379965457685664,18.65284974093264,8,10457.15524271694,12227.0,4.787564766839378,50,1.21280276816609
2026_Canadian_Grand_Prix_Qualifying,2026,Canadian Grand Prix,Qualifying,ALO,6,95.272,22.694000000000003,52.97567664416446,37.675070028011206,25.910364145658267,18.067226890756302,11,9293.339035282232,12242.0,3.753501400560224,49,1.3758765778401123
2026_Canadian_Grand_Prix_Qualifying,2026,Canadian Grand Prix,Qualifying,ALO,7,95.997,23.418999999999997,53.78368881681112,40.49586776859504,28.512396694214875,15.84022038567493,8,9721.270991813999,11911.0,3.62534435261708,41,0.9365517241379311
2026_Canadian_Grand_Prix_Qualifying,2026,Canadian Grand Prix,Qualifying,ALO,8,75.477,2.899000000000001,69.75158840804538,58.584070796460175,20.17699115044248,18.230088495575224,9,10432.690817034712,12110.0,4.808849557522124,48,1.1897163120567376
2026_Canadian_Grand_Prix_Qualifying,2026,Canadian Grand Prix,Qualifying,ALO,9,96.593,24.015,48.05201437713193,30.4654442877292,28.772919605077576,14.950634696755994,8,9636.043553223499,11687.0,3.70098730606488,44,0.7556497175141242
2026_Canadian_Grand_Prix_Qualifying,2026,Canadian Grand Prix,Qualifying,ALO,10,75.196,2.617999999999995,68.09752045062648,56.35062611806798,21.288014311270125,19.67799642218247,6,10490.782532778598,12042.0,4.7710196779964225,48,1.2741935483870968
2026_Canadian_Grand_Prix_Qualifying,2026,Canadian Grand Prix,Qualifying,PER,1,107.701,35.12299999999999,46.212021542436766,28.40764331210191,22.929936305732486,19.49044585987261,7,9344.212444230398,12384.0,3.578343949044586,37,0.9502551020408163
2026_Canadian_Grand_Prix_Qualifying,2026,Canadian Grand Prix,Qualifying,PER,2,91.66,19.081999999999994,53.67163819728305,39.27536231884058,22.463768115942027,26.3768115942029,10,10202.435550785061,12495.0,3.9840579710144928,46,1.2104499274310596
2026_Canadian_Grand_Prix_Qualifying,2026,Canadian Grand Prix,Qualifying,PER,3,76.399,3.820999999999998,67.10989870690331,54.778156996587036,16.040955631399317,18.941979522184297,7,10482.540620056237,12080.0,5.040955631399317,45,1.1965811965811965
2026_Canadian_Grand_Prix_Qualifying,2026,Canadian Grand Prix,Qualifying,PER,4,106.263,33.685,38.50854814875918,20.246913580246915,27.530864197530864,22.962962962962962,9,9599.412763252494,12304.0,3.419753086419753,46,1.034610630407911
2026_Canadian_Grand_Prix_Qualifying,2026,Canadian Grand Prix,Qualifying,PER,5,75.594,3.015999999999991,67.62035437835098,55.052264808362374,15.853658536585366,17.59581881533101,7,10658.683105962878,12397.0,4.865853658536586,49,1.1675392670157068
2026_Canadian_Grand_Prix_Qualifying,2026,Canadian Grand Prix,Qualifying,PER,7,98.711,26.132999999999996,51.19893287876141,35.95658073270013,24.423337856173678,20.62415196743555,6,9875.013443968397,12524.0,3.616010854816825,43,1.1494565217391304
2026_Canadian_Grand_Prix_Qualifying,2026,Canadian Grand Prix,Qualifying,PER,8,81.438,8.86,65.14408972068473,51.55482815057283,17.83960720130933,19.639934533551553,7,10402.832884375528,12512.0,4.638297872340425,45,1.1524590163934427
2026_Canadian_Grand_Prix_Qualifying,2026,Canadian Grand Prix,Qualifying,PER,9,75.429,2.850999999999999,70.82293482550337,57.57575757575758,13.368983957219251,14.795008912655971,7,10560.742090947033,12345.0,5.076648841354723,41,1.1946428571428571
2026_Canadian_Grand_Prix_Qualifying,2026,Canadian Grand Prix,Qualifying,PER,10,98.74,26.161999999999992,38.1008545773753,14.285714285714285,24.313186813186814,20.192307692307693,11,10005.636034681098,12242.0,3.581043956043956,39,1.1004126547455295
2026_Canadian_Grand_Prix_Qualifying,2026,Canadian Grand Prix,Qualifying,STR,1,109.338,36.75999999999999,51.45501933428697,39.45068664169788,19.350811485642947,14.107365792759053,6,8807.485347700482,11894.0,3.478152309612984,42,0.9158374976
2026_Canadian_Grand_Prix_Qualifying,2026,Canadian Grand Prix,Qualifying,STR,2,79.219,6.640999999999991,65.5156302960072,52.20338983050847,19.661016949152543,21.35593220338983,10,10235.650224284585,11952.0,4.486440677966102,46,1.1460101867572157
2026_Canadian_Grand_Prix_Qualifying,2026,Canadian Grand Prix,Qualifying,STR,3,99.642,27.063999999999993,45.124895248979094,26.17801047120419,22.5130890052356,21.465968586387437,9,9389.250242244521,12191.0,3.5471204188481678,42,0.9030144167758847
2026_Canadian_Grand_Prix_Qualifying,2026,Canadian Grand Prix,Qualifying,STR,4,76.622,4.043999999999997,67.31126372445792,54.48275862068965,18.96551724137931,21.03448275862069,9,10294.961349700594,12187.0,4.655172413793103,51,1.1329879101899827
2026_Canadian_Grand_Prix_Qualifying,2026,Canadian Grand Prix,Qualifying,STR,6,109.357,36.778999999999996,45.67547208132785,35.53921568627451,36.029411764705884,22.181372549019606,11,8127.328959764431,12428.0,3.4754901960784315,41,0.845398773006135
2026_Canadian_Grand_Prix_Qualifying,2026,Canadian Grand Prix,Qualifying,STR,7,91.918,19.340000000000003,55.463261016678025,42.93948126801153,23.631123919308358,19.596541786743515,8,9945.834225865212,11904.0,3.711815561959654,40,0.8874458874458875
2026_Canadian_Grand_Prix_Qualifying,2026,Canadian Grand Prix,Qualifying,STR,8,76.195,3.6169999999999902,69.13704094948227,56.73758865248227,17.02127659574468,18.97163120567376,8,10357.18049280177,11857.0,4.709219858156028,48,1.2007104795737122
2026_Canadian_Grand_Prix_Qualifying,2026,Canadian Grand Prix,Qualifying,STR,9,94.918,22.340000000000003,46.89137673551977,27.065527065527068,20.37037037037037,16.951566951566953,7,9545.344434820187,11949.0,3.7962962962962963,31,0.6804564907275321
2026_Canadian_Grand_Prix_Qualifying,2026,Canadian Grand Prix,Qualifying,BOT,1,108.526,35.94799999999999,48.07337329016123,31.11668757841907,33.37515683814304,27.22710163111669,7,9488.227235040218,12060.0,3.5282308657465498,54,0.9258793969849246
2026_Canadian_Grand_Prix_Qualifying,2026,Canadian Grand Prix,Qualifying,BOT,2,89.605,17.027,47.871406946433794,19.13303437967115,28.84902840059791,24.51420029895366,15,10117.272973116893,12320.0,4.147982062780269,42,1.4805389221556886
2026_Canadian_Grand_Prix_Qualifying,2026,Canadian Grand Prix,Qualifying,BOT,3,77.738,5.159999999999997,62.84075603949819,48.40871021775545,24.958123953098827,23.283082077051926,7,10178.371257574368,12130.0,4.969849246231155,43,1.2466442953020134
2026_Canadian_Grand_Prix_Qualifying,2026,Canadian Grand Prix,Qualifying,BOT,4,102.337,29.759,39.9699072713069,12.516129032258064,29.161290322580648,20.774193548387096,9,9829.569450879737,11933.0,3.5651612903225804,48,0.9534883720930233
2026_Canadian_Grand_Prix_Qualifying,2026,Canadian Grand Prix,Qualifying,BOT,5,76.272,3.6940000000000026,66.45064680334622,52.991452991452995,22.905982905982906,20.34188034188034,7,10122.718391878065,12103.0,5.145299145299146,39,1.1763698630136987
2026_Canadian_Grand_Prix_Qualifying,2026,Canadian Grand Prix,Qualifying,BOT,7,94.079,21.50099999999999,54.81242747822927,37.35632183908046,25.143678160919542,19.25287356321839,7,9950.631974211547,12307.0,3.8908045977011496,41,0.9496402877697842
2026_Canadian_Grand_Prix_Qualifying,2026,Canadian Grand Prix,Qualifying,BOT,8,81.97,9.391999999999996,62.77316448990864,45.43973941368078,25.0814332247557,19.86970684039088,8,10255.434825640652,12094.0,4.664495114006515,46,1.0603588907014683
2026_Canadian_Grand_Prix_Qualifying,2026,Canadian Grand Prix,Qualifying,BOT,9,102.934,30.355999999999995,40.90159559094382,19.165580182529336,27.249022164276404,25.03259452411995,9,9486.29558074534,12182.0,3.5384615384615383,51,1.112271540469974
2026_Monaco_Grand_Prix_Qualifying,2026,Monaco Grand Prix,Qualifying,ANT,1,100.746,28.694999999999993,28.962979514252456,11.023622047244094,31.88976377952756,20.209973753280842,16,8917.584172580378,12068.0,2.286089238845144,45,1.190707714210625
2026_Monaco_Grand_Prix_Qualifying,2026,Monaco Grand Prix,Qualifying,ANT,2,94.535,22.483999999999995,30.29030187512766,9.65034965034965,36.22377622377622,29.37062937062937,17,9573.168120384798,12068.0,2.3734265734265736,48,1.3851540616246498
2026_Monaco_Grand_Prix_Qualifying,2026,Monaco Grand Prix,Qualifying,ANT,3,74.313,2.2620000000000005,49.240056381161736,31.597845601436266,27.648114901256733,27.827648114901255,13,10407.15838535958,12620.0,3.3536804308797126,52,1.9766187050359711
2026_Monaco_Grand_Prix_Qualifying,2026,Monaco Grand Prix,Qualifying,ANT,4,94.733,22.682000000000002,26.476296231736967,6.052269601100413,36.86382393397524,24.759284731774414,14,9368.504468592097,12082.0,2.5240715268225586,47,1.1115702479338843
2026_Monaco_Grand_Prix_Qualifying,2026,Monaco Grand Prix,Qualifying,ANT,5,85.128,13.076999999999998,37.00020427333295,20.948012232415902,33.63914373088685,30.58103975535168,15,9774.605264229105,12485.0,2.7813455657492354,49,1.4915773353751913
2026_Monaco_Grand_Prix_Qualifying,2026,Monaco Grand Prix,Qualifying,ANT,6,73.946,1.894999999999996,49.8298588288673,31.28390596745027,26.763110307414106,27.848101265822784,13,10429.970418917716,12585.0,3.2802893309222423,51,2.056159420289855
2026_Monaco_Grand_Prix_Qualifying,2026,Monaco Grand Prix,Qualifying,ANT,7,94.829,22.77799999999999,25.23811833721751,4.888268156424581,30.726256983240223,20.251396648044693,11,9398.962092972048,12597.0,2.4329608938547485,36,0.9062937062937063
2026_Monaco_Grand_Prix_Qualifying,2026,Monaco Grand Prix,Qualifying,ANT,8,73.599,1.5480000000000018,51.91862417295612,33.21678321678322,26.923076923076923,29.37062937062937,12,10494.812568803689,12515.0,3.340909090909091,51,1.9106830122591945
2026_Monaco_Grand_Prix_Qualifying,2026,Monaco Grand Prix,Qualifying,ANT,9,99.218,27.167,20.230744514751404,0.53475935828877,33.02139037433155,22.32620320855615,13,9088.551693752957,11727.0,2.3863636363636362,39,0.8903279785809907
2026_Monaco_Grand_Prix_Qualifying,2026,Monaco Grand Prix,Qualifying,ANT,11,100.155,28.104,30.930246134507474,10.106382978723403,31.914893617021278,25.664893617021278,14,9110.041385454773,11935.0,2.3297872340425534,50,1.2940856628495339
2026_Monaco_Grand_Prix_Qualifying,2026,Monaco Grand Prix,Qualifying,ANT,12,78.775,6.724000000000004,40.89855845918918,21.196581196581196,33.33333333333333,29.572649572649574,12,10208.375384966745,12353.0,3.041025641025641,49,1.6763698630136987
2026_Monaco_Grand_Prix_Qualifying,2026,Monaco Grand Prix,Qualifying,ANT,13,72.778,0.7270000000000039,52.297598248018005,36.462093862815884,26.534296028880867,27.79783393501805,12,10529.888821569994,12713.0,3.368231046931408,52,1.9620253164556962
2026_Monaco_Grand_Prix_Qualifying,2026,Monaco Grand Prix,Qualifying,ANT,14,99.37,27.319000000000003,27.45447023958302,9.694555112881806,41.301460823373176,24.169986719787516,16,8822.415822253126,12023.02995584,2.4369189907038513,51,1.136968085106383
2026_Monaco_Grand_Prix_Qualifying,2026,Monaco Grand Prix,Qualifying,ANT,15,72.704,0.6529999999999916,51.65188614635736,35.283363802559414,25.776965265082268,31.078610603290674,12,10575.631347572591,12785.0,3.3839122486288846,52,2.001831501831502
2026_Monaco_Grand_Prix_Qualifying,2026,Monaco Grand Prix,Qualifying,ANT,16,106.626,34.575,23.079285694663614,5.7953144266337855,38.47102342786683,26.51048088779285,16,8411.460139118173,11661.0,2.351418002466091,39,0.9440167551322751
2026_Monaco_Grand_Prix_Qualifying,2026,Monaco Grand Prix,Qualifying,ANT,17,85.794,13.742999999999995,36.612249389853126,14.330218068535824,31.61993769470405,27.725856697819314,13,9836.681044749183,12366.0,2.7398753894080996,56,1.5918041003788723
2026_Monaco_Grand_Prix_Qualifying,2026,Monaco Grand Prix,Qualifying,ANT,18,79.003,6.951999999999998,40.37090713866007,20.8955223880597,34.82587064676617,28.689883913764515,14,9994.597026476402,12675.0,3.1194029850746268,50,1.611295681063123
2026_Monaco_Grand_Prix_Qualifying,2026,Monaco Grand Prix,Qualifying,ANT,19,72.753,0.7019999999999982,51.36676885870136,34.21985815602837,28.01418439716312,29.78723404255319,12,10636.855598461188,12650.0,3.2943262411347516,54,1.9538188277087034
2026_Monaco_Grand_Prix_Qualifying,2026,Monaco Grand Prix,Qualifying,ANT,21,91.645,19.593999999999994,36.371494099813575,17.794117647058822,28.235294117647058,21.764705882352942,12,9500.978497543985,12202.0,2.5485294117647057,49,1.4977908689248896
2026_Monaco_Grand_Prix_Qualifying,2026,Monaco Grand Prix,Qualifying,ANT,22,82.602,10.551000000000002,36.869174018860654,16.96869851729819,34.102141680395384,26.85337726523888,13,9787.65245098529,12608.0,2.9209225700164745,48,1.6006600660066006
2026_Monaco_Grand_Prix_Qualifying,2026,Monaco Grand Prix,Qualifying,ANT,23,72.375,0.32399999999999807,52.646476238900725,36.715867158671585,27.121771217712176,26.199261992619927,13,10551.07507553421,13197.0,3.3523985239852396,52,2.042513863216266
2026_Monaco_Grand_Prix_Qualifying,2026,Monaco Grand Prix,Qualifying,ANT,25,96.321,24.269999999999996,34.858114359229866,14.18732782369146,25.895316804407713,22.58953168044077,13,9359.571632270701,12355.0,2.4173553719008263,49,1.477241379310345
2026_Monaco_Grand_Prix_Qualifying,2026,Monaco Grand Prix,Qualifying,ANT,26,77.171,5.1200000000000045,43.67655237467269,23.7347294938918,32.28621291448517,28.44677137870855,13,10276.445618123716,12898.0,3.075043630017452,58,1.7762237762237763
2026_Monaco_Grand_Prix_Qualifying,2026,Monaco Grand Prix,Qualifying,ANT,27,72.051,0.0,52.57446243014155,35.99257884972171,25.788497217068645,27.27272727272727,13,10570.312765650597,13040.0,3.345083487940631,51,2.053903345724907
2026_Monaco_Grand_Prix_Qualifying,2026,Monaco Grand Prix,Qualifying,VER,1,84.253,12.201999999999998,40.03720300934747,25.0,33.85093167701863,24.689440993788818,13,10022.15343920308,12714.0,3.1319875776397517,46,1.6205287713841368
2026_Monaco_Grand_Prix_Qualifying,2026,Monaco Grand Prix,Qualifying,VER,2,81.878,9.826999999999998,40.80901780893439,29.016393442622952,38.196721311475414,29.18032786885246,14,9323.186044736205,12256.0,3.4868852459016395,45,1.6420361247947455
2026_Monaco_Grand_Prix_Qualifying,2026,Monaco Grand Prix,Qualifying,VER,3,74.504,2.453000000000003,45.31876800334469,32.809773123909245,31.93717277486911,26.17801047120419,14,9857.86917014266,12725.0,3.830715532286213,39,1.847902097902098
2026_Monaco_Grand_Prix_Qualifying,2026,Monaco Grand Prix,Qualifying,VER,4,83.759,11.707999999999998,33.97593445077883,19.470404984423677,35.66978193146417,25.077881619937692,14,9486.147961063432,12545.0,3.263239875389408,46,1.499219968798752
2026_Monaco_Grand_Prix_Qualifying,2026,Monaco Grand Prix,Qualifying,VER,5,74.007,1.956000000000003,46.33472498863846,33.2129963898917,33.935018050541515,23.646209386281587,14,9825.756139215648,12641.0,3.8555956678700363,43,1.8770343580470163
2026_Monaco_Grand_Prix_Qualifying,2026,Monaco Grand Prix,Qualifying,VER,6,94.959,22.908,22.657830478499335,7.350901525658807,32.31622746185853,18.8626907073509,9,9668.752437390178,12672.0,2.61997226074896,38,0.9347222222222222
2026_Monaco_Grand_Prix_Qualifying,2026,Monaco Grand Prix,Qualifying,VER,7,73.49,1.438999999999993,47.033851796426774,34.44055944055944,31.643356643356647,23.426573426573427,13,9850.355385760235,12364.0,3.8688811188811187,38,1.9229422066549913
2026_Monaco_Grand_Prix_Qualifying,2026,Monaco Grand Prix,Qualifying,VER,9,92.757,20.706000000000003,34.541950777132485,20.644216691068813,34.99267935578331,21.2298682284041,16,9312.00959492057,12729.0,2.739385065885798,45,1.5835777126099706
2026_Monaco_Grand_Prix_Qualifying,2026,Monaco Grand Prix,Qualifying,VER,10,84.53,12.479,37.53340892897151,24.074074074074073,31.635802469135804,24.228395061728396,14,9570.831526277543,12683.0,3.2237654320987654,40,1.527047913446677
2026_Monaco_Grand_Prix_Qualifying,2026,Monaco Grand Prix,Qualifying,VER,11,73.205,1.1539999999999964,47.11762409669491,33.82352941176471,34.375,27.75735294117647,13,9865.95045181549,12687.0,3.875,41,1.9981583793738489
2026_Monaco_Grand_Prix_Qualifying,2026,Monaco Grand Prix,Qualifying,VER,12,91.233,19.182000000000002,25.386686070500133,11.722141823444284,42.83646888567294,24.457308248914618,13,9354.39949477058,12450.0,2.8075253256150505,44,1.2173913043478262
2026_Monaco_Grand_Prix_Qualifying,2026,Monaco Grand Prix,Qualifying,VER,13,72.84,0.7890000000000015,48.08020728332084,34.464285714285715,31.96428571428571,24.821428571428573,13,9941.538701341631,12525.0,3.8857142857142857,39,1.9051878354203935
2026_Monaco_Grand_Prix_Qualifying,2026,Monaco Grand Prix,Qualifying,VER,15,88.142,16.090999999999994,36.44882005568518,22.306525037936268,33.99089529590288,20.333839150227618,14,9649.345723087732,12686.0,2.87556904400607,46,1.5197568389057752
2026_Monaco_Grand_Prix_Qualifying,2026,Monaco Grand Prix,Qualifying,VER,16,77.073,5.021999999999991,44.16117196607005,30.220713073005097,31.239388794567063,24.61799660441426,14,9892.920240859245,12587.0,3.5432937181663835,42,1.83843537414966
2026_Monaco_Grand_Prix_Qualifying,2026,Monaco Grand Prix,Qualifying,VER,17,72.499,0.4479999999999933,49.40674095699703,35.159010600706715,30.742049469964666,25.265017667844525,13,10002.65517773011,12508.0,3.943462897526502,41,1.9168141592920354
2026_Monaco_Grand_Prix_Qualifying,2026,Monaco Grand Prix,Qualifying,VER,19,86.171,14.120000000000005,41.07900916742451,27.229299363057326,29.14012738853503,23.88535031847134,14,9815.37790430812,12809.0,2.963375796178344,44,1.6076555023923444
2026_Monaco_Grand_Prix_Qualifying,2026,Monaco Grand Prix,Qualifying,VER,20,83.423,11.372,37.56319008839755,25.60386473429952,34.46054750402576,23.67149758454106,13,9624.554922437175,12766.0,3.1980676328502415,43,1.6370967741935485
2026_Monaco_Grand_Prix_Qualifying,2026,Monaco Grand Prix,Qualifying,VER,21,72.376,0.32500000000000284,50.81695934620667,36.81318681318682,30.21978021978022,22.52747252747253,14,9952.250238944407,12752.0,3.8974358974358974,39,1.998165137614679
2026_Monaco_Grand_Prix_Qualifying,2026,Monaco Grand Prix,Qualifying,VER,23,84.281,12.230000000000004,39.1485188422216,23.861852433281005,29.984301412872842,23.233908948194664,12,10000.518776053545,12760.0,3.012558869701727,49,1.7208557944294698
2026_Monaco_Grand_Prix_Qualifying,2026,Monaco Grand Prix,Qualifying,VER,24,78.829,6.777999999999992,42.118035016034945,26.174496644295303,30.536912751677853,25.671140939597315,12,10224.602125197569,12480.0,3.3238255033557045,46,1.895798319327731
2026_Monaco_Grand_Prix_Qualifying,2026,Monaco Grand Prix,Qualifying,VER,25,72.094,0.042999999999992156,49.91589425857106,36.142322097378276,30.52434456928839,21.910112359550563,14,10003.25600129743,12710.0,3.855805243445693,39,2.00750469043152
2026_Monaco_Grand_Prix_Qualifying,2026,Monaco Grand Prix,Qualifying,HAM,1,95.99,23.938999999999993,32.47835141428717,11.543810848400557,27.26008344923505,33.65785813630042,18,8955.438877693952,12133.0,2.9735744089012517,43,1.404149782932388
2026_Monaco_Grand_Prix_Qualifying,2026,Monaco Grand Prix,Qualifying,HAM,2,86.83,14.778999999999996,36.269144851311836,17.50380517503805,32.724505327245055,36.22526636225266,16,9181.79437045279,12472.0,3.2054794520547945,52,1.5396341463414633
2026_Monaco_Grand_Prix_Qualifying,2026,Monaco Grand Prix,Qualifying,HAM,3,74.342,2.290999999999997,50.12373349651251,31.08348134991119,25.044404973357015,29.129662522202487,14,10017.718413233639,12288.0,3.7673179396092364,45,1.980427046263345
2026_Monaco_Grand_Prix_Qualifying,2026,Monaco Grand Prix,Qualifying,HAM,4,105.748,33.697,22.21016382187339,2.484472049689441,35.15527950310559,30.434782608695656,16,8451.696164672854,12018.0,2.737888198757764,48,1.0522388059701493
2026_Monaco_Grand_Prix_Qualifying,2026,Monaco Grand Prix,Qualifying,HAM,5,99.881,27.83,29.941971077036,10.091743119266056,28.70249017038008,32.241153342070774,17,8768.321726200777,12466.0,2.783748361730013,43,1.2847769028871392
2026_Monaco_Grand_Prix_Qualifying,2026,Monaco Grand Prix,Qualifying,HAM,6,73.804,1.7530000000000001,51.685318786230475,32.437275985663085,24.193548387096776,28.136200716845877,15,10118.875184899402,12301.0,3.7759856630824373,52,2.0394973070017954
2026_Monaco_Grand_Prix_Qualifying,2026,Monaco Grand Prix,Qualifying,HAM,7,92.524,20.473,26.525403182966333,2.722063037249284,30.229226361031518,30.802292263610315,13,8755.755026682167,11791.0,3.2234957020057307,46,1.096126255380201
2026_Monaco_Grand_Prix_Qualifying,2026,Monaco Grand Prix,Qualifying,HAM,8,96.716,24.664999999999992,29.73295919717049,7.412398921832884,25.067385444743934,38.544474393531,20,8888.282500670088,12233.0,2.853099730458221,49,1.4790823211875843
2026_Monaco_Grand_Prix_Qualifying,2026,Monaco Grand Prix,Qualifying,HAM,9,73.777,1.725999999999999,51.260650695052725,31.84257602862254,19.32021466905188,27.72808586762075,13,10041.590665108375,12667.0,3.7584973166368516,44,1.978494623655914
2026_Monaco_Grand_Prix_Qualifying,2026,Monaco Grand Prix,Qualifying,HAM,11,92.496,20.444999999999993,35.06321477471917,11.014492753623188,24.057971014492754,28.550724637681157,12,8860.496622608434,12232.0,3.152173913043478,37,1.4159071117561683
2026_Monaco_Grand_Prix_Qualifying,2026,Monaco Grand Prix,Qualifying,HAM,12,79.235,7.1839999999999975,42.04300038287688,20.35830618892508,32.57328990228013,31.758957654723126,14,9373.130758360914,12466.0,3.6612377850162865,43,1.6916802610114192
2026_Monaco_Grand_Prix_Qualifying,2026,Monaco Grand Prix,Qualifying,HAM,13,73.091,1.039999999999992,50.569166673489654,33.94833948339483,20.479704797047972,29.15129151291513,13,10028.745202130583,12509.0,3.7509225092250924,47,2.0055452865064693
2026_Monaco_Grand_Prix_Qualifying,2026,Monaco Grand Prix,Qualifying,HAM,14,145.895,73.84400000000001,13.3361426615324,0.0,45.52845528455284,25.745257452574528,15,6266.760655148016,11412.0,2.1734417344173442,34,0.4688245931283906
2026_Monaco_Grand_Prix_Qualifying,2026,Monaco Grand Prix,Qualifying,HAM,15,94.817,22.76599999999999,31.209966971353047,9.06555090655509,22.594142259414227,36.122733612273365,19,8931.34021064075,12316.0,2.8312412831241285,45,1.4112849162011174
2026_Monaco_Grand_Prix_Qualifying,2026,Monaco Grand Prix,Qualifying,HAM,16,117.75,45.699,29.138704714902705,15.95022624434389,43.32579185520362,23.190045248868778,18,7500.120148356444,12131.0,2.4468325791855206,39,1.2525481313703284
2026_Monaco_Grand_Prix_Qualifying,2026,Monaco Grand Prix,Qualifying,HAM,17,98.951,26.89999999999999,30.978642394811157,8.333333333333332,16.263440860215052,33.87096774193548,19,8392.164439357917,12053.0,2.939516129032258,38,1.5302826379542396
2026_Monaco_Grand_Prix_Qualifying,2026,Monaco Grand Prix,Qualifying,HAM,18,81.849,9.798000000000002,40.99088972714623,19.047619047619047,29.20634920634921,29.841269841269842,17,9539.285028320483,12305.0,3.4682539682539684,49,1.631160572337043
2026_Monaco_Grand_Prix_Qualifying,2026,Monaco Grand Prix,Qualifying,HAM,19,72.934,0.8829999999999956,52.08274403206514,33.634719710669074,22.24231464737794,26.94394213381555,12,10002.686259089227,12545.0,3.905967450271248,44,2.0344202898550723
2026_Monaco_Grand_Prix_Qualifying,2026,Monaco Grand Prix,Qualifying,HAM,21,98.33,26.278999999999996,31.802454225380075,10.068965517241379,23.724137931034484,27.86206896551724,12,8468.536638388468,12056.0,2.9793103448275864,35,1.356353591160221
2026_Monaco_Grand_Prix_Qualifying,2026,Monaco Grand Prix,Qualifying,HAM,22,80.112,8.060999999999993,39.19558214768298,16.319444444444446,32.11805555555556,33.85416666666667,12,9378.892259344575,12446.0,3.5225694444444446,45,1.6643478260869564
2026_Monaco_Grand_Prix_Qualifying,2026,Monaco Grand Prix,Qualifying,HAM,23,72.553,0.5019999999999953,51.930264665196525,33.57531760435572,24.319419237749546,29.58257713248639,13,10089.85890806868,12456.0,3.82940108892922,46,2.0054545454545454
2026_Monaco_Grand_Prix_Qualifying,2026,Monaco Grand Prix,Qualifying,HAM,25,92.028,19.977000000000004,31.908752345522082,11.174785100286533,28.36676217765043,29.369627507163326,13,8898.874867125585,12133.0,3.0716332378223496,36,1.2585365853658537
2026_Monaco_Grand_Prix_Qualifying,2026,Monaco Grand Prix,Qualifying,HAM,26,86.182,14.131,39.181098961703505,19.319938176197837,24.420401854714065,35.239567233384854,13,9157.633051022112,12394.0,3.205564142194745,42,1.4656346749226006
2026_Monaco_Grand_Prix_Qualifying,2026,Monaco Grand Prix,Qualifying,HAM,27,72.279,0.22799999999999443,52.617406199443195,35.43599257884972,19.109461966604822,30.983302411873844,12,10167.870539695166,12521.0,3.88682745825603,44,2.053903345724907
2026_Monaco_Grand_Prix_Qualifying,2026,Monaco Grand Prix,Qualifying,LEC,1,101.44,29.388999999999996,36.492161247408205,11.725955204216074,28.19499341238472,29.64426877470356,18,9516.038752463313,12312.0,2.355731225296443,49,1.5511751920457328
2026_Monaco_Grand_Prix_Qualifying,2026,Monaco Grand Prix,Qualifying,LEC,2,78.695,6.643999999999991,47.442643659754395,25.291181364392678,24.625623960066555,29.45091514143095,17,9686.594378300515,12084.0,3.480865224625624,46,1.7716666666666667
2026_Monaco_Grand_Prix_Qualifying,2026,Monaco Grand Prix,Qualifying,LEC,3,74.141,2.0900000000000034,51.65408125091901,30.673758865248228,20.390070921985814,28.191489361702125,14,9801.70036108956,12326.0,3.769503546099291,48,1.9449378330373002
2026_Monaco_Grand_Prix_Qualifying,2026,Monaco Grand Prix,Qualifying,LEC,4,92.462,20.411,35.10348797036739,12.034383954154727,37.392550143266476,31.805157593123205,14,9476.23324190154,12295.0,2.7593123209169055,43,1.1678622668579628
2026_Monaco_Grand_Prix_Qualifying,2026,Monaco Grand Prix,Qualifying,LEC,5,73.399,1.347999999999999,55.41533017522183,35.07194244604317,14.748201438848922,26.07913669064748,14,9863.77632714338,12616.0,3.820143884892086,46,1.9711711711711712
2026_Monaco_Grand_Prix_Qualifying,2026,Monaco Grand Prix,Qualifying,LEC,6,101.686,29.635000000000005,27.181402778542395,4.768041237113402,45.103092783505154,35.95360824742268,16,9041.055842078727,12048.0,2.497422680412371,38,1.0232258064516129
2026_Monaco_Grand_Prix_Qualifying,2026,Monaco Grand Prix,Qualifying,LEC,7,78.249,6.197999999999993,45.93643605532067,26.190476190476193,25.170068027210885,27.89115646258503,15,9771.003967237591,12092.0,3.4404761904761907,46,1.7206132879045997
2026_Monaco_Grand_Prix_Qualifying,2026,Monaco Grand Prix,Qualifying,LEC,8,73.293,1.2420000000000044,55.537257544977045,34.05017921146953,15.591397849462366,24.731182795698924,14,9961.315101795246,12440.0,3.827956989247312,47,1.9311169526545264
2026_Monaco_Grand_Prix_Qualifying,2026,Monaco Grand Prix,Qualifying,LEC,9,106.345,34.294,28.018275073218174,5.263157894736842,35.25091799265606,37.33170134638923,18,8937.992676348364,11949.0,2.314565483476132,43,1.0421174722689077
2026_Monaco_Grand_Prix_Qualifying,2026,Monaco Grand Prix,Qualifying,LEC,11,96.215,24.164,38.65922774468679,16.137931034482758,29.10344827586207,27.034482758620687,16,9349.872435223735,12108.0,2.6110344827586207,47,1.4544198895027625
2026_Monaco_Grand_Prix_Qualifying,2026,Monaco Grand Prix,Qualifying,LEC,12,78.818,6.766999999999996,48.290704096526824,28.500823723228997,20.922570016474467,26.359143327841846,14,9481.953484140731,12390.0,3.4909390444810544,47,1.716171617161716
2026_Monaco_Grand_Prix_Qualifying,2026,Monaco Grand Prix,Qualifying,LEC,13,72.928,0.8769999999999953,56.11235684614785,36.90036900369004,13.099630996309964,25.830258302583026,16,9988.53883151222,12576.0,3.821033210332103,47,1.9519408502772644
2026_Monaco_Grand_Prix_Qualifying,2026,Monaco Grand Prix,Qualifying,LEC,14,97.17,25.119,31.598057054222473,5.2774018944519625,34.37077131258457,30.040595399188092,13,9427.966789785905,12041.0,2.57510148849797,46,1.2479674796747968
2026_Monaco_Grand_Prix_Qualifying,2026,Monaco Grand Prix,Qualifying,LEC,15,83.358,11.307000000000002,41.48871779927508,20.379146919431278,33.175355450236964,34.12322274881517,15,9843.96832878834,12359.0,3.1721958925750395,48,1.4113924050632911
2026_Monaco_Grand_Prix_Qualifying,2026,Monaco Grand Prix,Qualifying,LEC,16,72.774,0.722999999999999,55.778777969407535,35.869565217391305,17.02898550724638,26.992753623188403,16,10080.397586022402,12379.0,3.818840579710145,47,1.9346642468239565
2026_Monaco_Grand_Prix_Qualifying,2026,Monaco Grand Prix,Qualifying,LEC,17,119.813,47.762,24.276446065397714,6.013363028953229,45.32293986636971,31.180400890868597,15,7970.381938815737,12349.0,2.0456570155902005,49,0.9096989966555183
2026_Monaco_Grand_Prix_Qualifying,2026,Monaco Grand Prix,Qualifying,LEC,18,100.976,28.924999999999997,34.53388577310729,12.1251629726206,32.85528031290743,29.20469361147327,17,9305.523953462041,12452.0,2.4211212516297262,45,1.2219321148825066
2026_Monaco_Grand_Prix_Qualifying,2026,Monaco Grand Prix,Qualifying,LEC,19,88.293,16.242000000000004,39.49006298047443,17.429837518463813,32.791728212703106,32.93943870014771,18,9319.469028717775,12597.0,2.967503692762186,46,1.683431952662722
2026_Monaco_Grand_Prix_Qualifying,2026,Monaco Grand Prix,Qualifying,LEC,20,73.3,1.2489999999999952,55.22982432887512,33.63636363636363,16.545454545454547,28.000000000000004,14,9949.41238793371,12612.0,3.727272727272727,49,1.9307832422586522
2026_Monaco_Grand_Prix_Qualifying,2026,Monaco Grand Prix,Qualifying,LEC,22,92.591,20.539999999999992,42.01017695601745,18.694362017804153,25.519287833827892,24.03560830860534,20,9416.761033651861,12657.0,2.7537091988130564,44,1.6404160475482912
2026_Monaco_Grand_Prix_Qualifying,2026,Monaco Grand Prix,Qualifying,LEC,23,76.662,4.611000000000004,48.20282803950463,25.663716814159294,26.371681415929203,30.265486725663713,14,9830.290635285644,12405.0,3.550442477876106,49,1.799645390070922
2026_Monaco_Grand_Prix_Qualifying,2026,Monaco Grand Prix,Qualifying,LEC,25,82.343,10.292000000000002,49.31749365985427,24.76038338658147,24.281150159744406,28.594249201277954,13,10169.463674120918,12450.0,3.0654952076677318,49,1.7584
2026_Monaco_Grand_Prix_Qualifying,2026,Monaco Grand Prix,Qualifying,LEC,26,76.924,4.873000000000005,48.614016133034255,25.728987993138936,17.83876500857633,31.56089193825043,14,9669.032085978934,12335.0,3.4837049742710122,45,1.7697594501718212
2026_Monaco_Grand_Prix_Qualifying,2026,Monaco Grand Prix,Qualifying,LEC,27,72.351,0.29999999999999716,57.53643863341052,38.74538745387454,12.730627306273062,26.937269372693727,14,10134.864978641044,12620.0,3.8911439114391144,46,2.014787430683919
2026_Monaco_Grand_Prix_Qualifying,2026,Monaco Grand Prix,Qualifying,LEC,28,98.521,26.47,33.46782657316128,10.44776119402985,35.27815468113975,32.83582089552239,19,9326.700558014403,12059.0,2.5006784260515604,50,1.3519021739130435
2026_Monaco_Grand_Prix_Qualifying,2026,Monaco Grand Prix,Qualifying,HAD,1,95.174,23.123000000000005,27.74554241100042,8.811188811188812,36.36363636363637,25.034965034965033,11,9433.322937283227,12206.0,2.7202797202797204,47,1.4103641456582634
2026_Monaco_Grand_Prix_Qualifying,2026,Monaco Grand Prix,Qualifying,HAD,2,100.055,28.004000000000005,27.557071983307445,16.535433070866144,49.60629921259843,22.83464566929134,16,8625.149471349288,12410.0,2.636482939632546,51,1.1865965834428385
2026_Monaco_Grand_Prix_Qualifying,2026,Monaco Grand Prix,Qualifying,HAD,3,93.458,21.406999999999996,30.574423587764034,11.538461538461538,44.3019943019943,26.06837606837607,13,9136.788118682427,12144.0,2.8803418803418803,48,1.5620542082738944
2026_Monaco_Grand_Prix_Qualifying,2026,Monaco Grand Prix,Qualifying,HAD,4,75.007,2.956000000000003,46.3580005802109,31.698774080560423,33.97548161120841,26.79509632224168,13,9901.46787506837,12576.0,3.779334500875657,44,1.9035087719298245
2026_Monaco_Grand_Prix_Qualifying,2026,Monaco Grand Prix,Qualifying,HAD,5,74.617,2.5660000000000025,47.92968774409345,30.944055944055943,32.69230769230769,25.174825174825177,14,9991.583494136134,12535.0,3.784965034965035,44,1.8774080560420314
2026_Monaco_Grand_Prix_Qualifying,2026,Monaco Grand Prix,Qualifying,HAD,6,101.327,29.275999999999996,19.74845468177219,4.960835509138381,39.425587467362924,19.06005221932115,9,9048.165951750689,12059.0,2.531331592689295,37,0.8183006535947712
2026_Monaco_Grand_Prix_Qualifying,2026,Monaco Grand Prix,Qualifying,HAD,7,74.408,2.3569999999999993,47.79045087052621,32.20640569395018,34.16370106761566,24.555160142348754,15,10006.856015178473,12529.0,3.7704626334519573,45,1.86096256684492
2026_Monaco_Grand_Prix_Qualifying,2026,Monaco Grand Prix,Qualifying,HAD,10,88.433,16.382000000000005,32.108790995883545,12.275449101796406,36.82634730538922,23.652694610778443,13,9654.311338563171,12241.0,2.9236526946107784,45,1.4864130422788606
2026_Monaco_Grand_Prix_Qualifying,2026,Monaco Grand Prix,Qualifying,HAD,11,83.267,11.215999999999994,33.08048309879213,17.1875,38.59375,25.3125,13,9699.91073251861,12494.0,3.1734375,43,1.5367762128325508
2026_Monaco_Grand_Prix_Qualifying,2026,Monaco Grand Prix,Qualifying,HAD,12,73.162,1.1110000000000042,48.915711625650275,33.513513513513516,32.432432432432435,25.045045045045043,12,10046.362694916572,12697.0,3.7423423423423423,41,1.9205776173285198
2026_Monaco_Grand_Prix_Qualifying,2026,Monaco Grand Prix,Qualifying,HAD,14,92.767,20.715999999999994,30.77994140506366,13.623188405797102,38.98550724637681,23.47826086956522,13,9201.384895916424,12136.0,2.7971014492753623,43,1.5573294629898404
2026_Monaco_Grand_Prix_Qualifying,2026,Monaco Grand Prix,Qualifying,HAD,15,81.046,8.995000000000005,40.74860558467363,24.486571879936808,34.28120063191153,25.27646129541864,12,9800.520660816117,12382.0,3.377567140600316,47,1.490506329113924
2026_Monaco_Grand_Prix_Qualifying,2026,Monaco Grand Prix,Qualifying,HAD,16,72.722,0.6709999999999923,49.665708927349606,35.36804308797127,32.31597845601436,26.570915619389584,13,10042.7207610505,12521.0,3.881508078994614,41,1.974820143884892
2026_Monaco_Grand_Prix_Qualifying,2026,Monaco Grand Prix,Qualifying,HAD,18,92.614,20.563000000000002,28.667575646092104,9.467455621301776,38.16568047337278,24.11242603550296,13,9336.61034461625,12337.0,2.7159763313609466,43,1.4555555555555555
2026_Monaco_Grand_Prix_Qualifying,2026,Monaco Grand Prix,Qualifying,HAD,19,78.699,6.647999999999996,39.16093114428582,21.768707482993197,35.034013605442176,22.789115646258505,11,9851.44289136279,12362.0,3.4200680272108843,47,1.6422487223168654
2026_Monaco_Grand_Prix_Qualifying,2026,Monaco Grand Prix,Qualifying,HAD,20,72.885,0.8340000000000032,48.461625608725726,34.23913043478261,31.521739130434785,24.818840579710145,15,10090.92636241781,12633.0,3.7989130434782608,40,1.9310344827586208
2026_Monaco_Grand_Prix_Qualifying,2026,Monaco Grand Prix,Qualifying,HAD,22,88.075,16.024,31.29842398264023,11.278195488721805,38.19548872180451,21.804511278195488,13,9339.61132536077,12218.0,2.9969924812030073,43,1.5060240963855422
2026_Monaco_Grand_Prix_Qualifying,2026,Monaco Grand Prix,Qualifying,HAD,23,80.982,8.930999999999997,38.568390470737064,23.026315789473685,37.993421052631575,23.026315789473685,12,9742.42373495027,12306.0,3.3273026315789473,44,1.5667215815485998
2026_Monaco_Grand_Prix_Qualifying,2026,Monaco Grand Prix,Qualifying,HAD,24,72.434,0.38299999999999557,49.03708298390694,35.12014787430684,33.08687615526802,26.98706099815157,12,10156.00895214459,12565.0,3.789279112754159,40,2.022222222222222
2026_Monaco_Grand_Prix_Qualifying,2026,Monaco Grand Prix,Qualifying,RUS,1,95.179,23.128,33.95170807448219,18.785310734463277,33.05084745762712,24.152542372881356,18,9325.021478198494,12839.0,2.4731638418079096,42,1.4483734087694484
2026_Monaco_Grand_Prix_Qualifying,2026,Monaco Grand Prix,Qualifying,RUS,2,93.532,21.480999999999995,34.145255073083796,20.168067226890756,36.69467787114846,28.431372549019606,17,9187.54769588742,12821.0,2.5560224089635852,45,1.4642356241234222
2026_Monaco_Grand_Prix_Qualifying,2026,Monaco Grand Prix,Qualifying,RUS,3,75.732,3.6809999999999974,45.748815004819136,30.442477876106196,34.690265486725664,32.56637168141593,14,10176.353768484405,12751.0,3.1805309734513276,48,1.9698581560283688
2026_Monaco_Grand_Prix_Qualifying,2026,Monaco Grand Prix,Qualifying,RUS,4,99.599,27.548000000000002,29.71640553663201,14.921465968586386,36.12565445026178,28.534031413612563,17,8995.038388883435,12761.0,2.350785340314136,42,1.2044560943643512
2026_Monaco_Grand_Prix_Qualifying,2026,Monaco Grand Prix,Qualifying,RUS,5,93.562,21.510999999999996,36.27114643307715,22.62569832402235,34.357541899441344,26.256983240223462,11,9090.76338073985,12572.0,2.618715083798883,39,1.304895104895105
2026_Monaco_Grand_Prix_Qualifying,2026,Monaco Grand Prix,Qualifying,RUS,6,74.857,2.8059999999999974,48.530118415642626,34.15929203539823,33.45132743362832,31.327433628318584,13,10303.91205821574,13010.0,3.3345132743362833,47,1.923758865248227
2026_Monaco_Grand_Prix_Qualifying,2026,Monaco Grand Prix,Qualifying,RUS,7,107.955,35.903999999999996,21.54790340471394,5.651105651105651,35.01228501228501,22.85012285012285,15,9014.802245802963,12876.0,2.041769041769042,41,0.993849938499385
2026_Monaco_Grand_Prix_Qualifying,2026,Monaco Grand Prix,Qualifying,RUS,8,74.214,2.1629999999999967,49.4155713325535,34.083044982698965,32.52595155709342,30.103806228373703,13,10374.964931224147,12759.0,3.3044982698961936,51,1.902946273830156
2026_Monaco_Grand_Prix_Qualifying,2026,Monaco Grand Prix,Qualifying,RUS,9,104.167,32.116,19.671528568128075,0.38461538461538464,34.61538461538461,23.076923076923077,17,8898.113040203441,11568.0,2.25,36,0.8703465982028241
2026_Monaco_Grand_Prix_Qualifying,2026,Monaco Grand Prix,Qualifying,RUS,11,86.47,14.418999999999997,38.96248788054333,21.846153846153847,33.69230769230769,27.384615384615387,12,9665.61956756909,12276.0,2.770769230769231,43,1.699537750385208
2026_Monaco_Grand_Prix_Qualifying,2026,Monaco Grand Prix,Qualifying,RUS,12,89.382,17.331000000000003,37.16989505498976,23.625557206537888,37.89004457652303,27.191679049034175,16,9360.42605386745,13035.0,2.7934621099554233,44,1.4717261904761905
2026_Monaco_Grand_Prix_Qualifying,2026,Monaco Grand Prix,Qualifying,RUS,13,73.723,1.671999999999997,50.15036121124396,35.168738898756665,31.616341030195382,31.261101243339258,12,10323.98824716708,12844.0,3.3730017761989344,47,1.9626334519572954
2026_Monaco_Grand_Prix_Qualifying,2026,Monaco Grand Prix,Qualifying,RUS,14,102.685,30.634,24.312306183050644,6.709677419354838,33.29032258064516,22.70967741935484,12,8993.365328311742,12394.0,2.2438709677419353,39,1.058139534883721
2026_Monaco_Grand_Prix_Qualifying,2026,Monaco Grand Prix,Qualifying,RUS,15,73.321,1.269999999999996,51.1539033713709,35.55956678700361,31.949458483754512,32.49097472924188,12,10410.37151821943,12768.0,3.4187725631768955,48,2.030741410488246
2026_Monaco_Grand_Prix_Qualifying,2026,Monaco Grand Prix,Qualifying,RUS,16,102.637,30.586,34.22970974120729,10.600255427841635,34.993614303959134,29.757343550446997,13,8781.147172103085,12464.0,2.366538952745849,47,1.3081841432225063
2026_Monaco_Grand_Prix_Qualifying,2026,Monaco Grand Prix,Qualifying,RUS,17,82.173,10.122,42.87370941818729,25.326797385620914,33.82352941176471,28.921568627450984,12,9986.375111515383,12654.0,2.9133986928104574,50,1.7528641571194763
2026_Monaco_Grand_Prix_Qualifying,2026,Monaco Grand Prix,Qualifying,RUS,18,81.611,9.560000000000002,41.29700337315007,27.170418006430868,33.440514469453376,30.064308681672024,13,9704.196337501968,12183.0,3.0434083601286175,46,1.5442834138486312
2026_Monaco_Grand_Prix_Qualifying,2026,Monaco Grand Prix,Qualifying,RUS,19,73.238,1.1869999999999976,49.13791787230315,35.701598579040855,33.57015985790409,31.793960923623445,13,10413.327306528307,12815.0,3.3623445825932503,48,1.9181494661921707
2026_Monaco_Grand_Prix_Qualifying,2026,Monaco Grand Prix,Qualifying,RUS,21,87.513,15.462000000000003,40.73418044948613,23.125,30.312499999999996,27.65625,12,9487.116940889046,13019.0,2.7671875,42,1.8153364632237872
2026_Monaco_Grand_Prix_Qualifying,2026,Monaco Grand Prix,Qualifying,RUS,22,87.267,15.215999999999994,39.36599486203244,21.9435736677116,32.445141065830725,29.62382445141066,13,9858.432069059018,12763.0,2.6300940438871474,49,1.706436420722135
2026_Monaco_Grand_Prix_Qualifying,2026,Monaco Grand Prix,Qualifying,RUS,23,72.826,0.7749999999999915,52.522109397476214,37.29433272394881,29.250457038391225,28.336380255941503,14,10463.329880909421,12863.0,3.3674588665447898,45,2.031135531135531
2026_Monaco_Grand_Prix_Qualifying,2026,Monaco Grand Prix,Qualifying,RUS,25,85.778,13.727000000000004,40.34202755790304,22.308892355694226,31.825273010920434,27.45709828393136,13,9690.347384475468,12386.0,2.7394695787831513,45,1.675
2026_Monaco_Grand_Prix_Qualifying,2026,Monaco Grand Prix,Qualifying,RUS,26,77.541,5.489999999999995,46.12748657330852,30.204778156996586,30.034129692832767,29.692832764505116,14,10242.489073037223,12741.0,3.204778156996587,45,1.7726495726495726
2026_Monaco_Grand_Prix_Qualifying,2026,Monaco Grand Prix,Qualifying,RUS,27,72.445,0.39399999999999125,52.40892033230826,37.19626168224299,31.02803738317757,30.8411214953271,12,10542.666611792605,13098.0,3.377570093457944,50,2.067415730337079
2026_Monaco_Grand_Prix_Qualifying,2026,Monaco Grand Prix,Qualifying,PIA,1,101.837,29.786,26.81438767986982,11.140235910878113,36.435124508519,20.96985583224115,11,9350.060602421368,12374.0,2.4849279161205766,46,1.120734908136483
2026_Monaco_Grand_Prix_Qualifying,2026,Monaco Grand Prix,Qualifying,PIA,2,85.838,13.786999999999992,33.98108490683599,16.69218989280245,34.76263399693721,24.655436447166924,12,10146.349319653107,11990.0,3.104134762633997,51,1.2668711656441718
2026_Monaco_Grand_Prix_Qualifying,2026,Monaco Grand Prix,Qualifying,PIA,3,74.818,2.766999999999996,44.29770287179292,23.090586145648313,34.4582593250444,27.708703374777976,13,10028.62009575974,12642.0,3.91651865008881,44,1.7526690391459074
2026_Monaco_Grand_Prix_Qualifying,2026,Monaco Grand Prix,Qualifying,PIA,4,85.269,13.218000000000004,28.602533787893524,11.755725190839694,34.65648854961832,23.358778625954198,12,9946.644618782884,12177.0,3.2061068702290076,44,1.0795107033639144
2026_Monaco_Grand_Prix_Qualifying,2026,Monaco Grand Prix,Qualifying,PIA,5,74.159,2.108000000000004,45.937305181835754,26.79509632224168,35.72679509632224,29.772329246935204,12,10164.059167413481,12366.0,3.9807355516637477,44,1.8298245614035087
2026_Monaco_Grand_Prix_Qualifying,2026,Monaco Grand Prix,Qualifying,PIA,6,102.781,30.730000000000004,15.477547445138422,0.26041666666666663,35.546875,18.489583333333336,11,9768.03511278132,12157.0,2.3958333333333335,28,0.6075619295958279
2026_Monaco_Grand_Prix_Qualifying,2026,Monaco Grand Prix,Qualifying,PIA,7,104.773,32.721999999999994,23.146721629588047,5.653266331658291,34.79899497487437,18.592964824120603,15,9455.613833591766,12175.0,2.341708542713568,39,0.8716981132075472
2026_Monaco_Grand_Prix_Qualifying,2026,Monaco Grand Prix,Qualifying,PIA,8,74.189,2.137999999999991,47.00013686872514,25.569176882662,33.45008756567426,28.7215411558669,12,10175.347049266722,12757.0,4.007005253940456,40,1.8210526315789475
2026_Monaco_Grand_Prix_Qualifying,2026,Monaco Grand Prix,Qualifying,PIA,9,97.994,25.942999999999998,24.931240729031835,4.884667571234735,38.12754409769335,21.438263229308006,14,9499.073478665825,12373.0,2.622795115332429,43,1.0978260869565217
2026_Monaco_Grand_Prix_Qualifying,2026,Monaco Grand Prix,Qualifying,PIA,12,93.907,21.855999999999995,30.892662905424455,10.285714285714285,34.714285714285715,21.714285714285715,11,9753.237113076153,12551.0,2.7642857142857142,48,1.284692417739628
2026_Monaco_Grand_Prix_Qualifying,2026,Monaco Grand Prix,Qualifying,PIA,13,81.448,9.396999999999991,36.3243813408466,14.082278481012658,34.651898734177216,22.943037974683545,11,10194.3812262071,12293.0,3.337025316455696,53,1.496038034865293
2026_Monaco_Grand_Prix_Qualifying,2026,Monaco Grand Prix,Qualifying,PIA,14,73.072,1.0210000000000008,47.33710755647257,27.355072463768117,34.96376811594203,27.355072463768117,12,10201.623400759832,12146.0,3.9818840579710146,44,1.8711433756805809
2026_Monaco_Grand_Prix_Qualifying,2026,Monaco Grand Prix,Qualifying,PIA,15,126.74,54.68899999999999,15.372644609857165,0.7337526205450734,42.76729559748428,28.197064989517816,11,8352.654383907064,12026.0,2.011530398322851,34,0.5519543549492829
2026_Monaco_Grand_Prix_Qualifying,2026,Monaco Grand Prix,Qualifying,PIA,16,91.545,19.494,31.62485865985314,8.393632416787264,32.41678726483357,21.852387843704776,11,10109.939268987733,12401.0,2.739507959479016,44,1.1391123184541063
2026_Monaco_Grand_Prix_Qualifying,2026,Monaco Grand Prix,Qualifying,PIA,17,78.948,6.896999999999991,39.011858230099755,16.166666666666664,35.5,24.166666666666668,12,10175.508015539799,11914.0,3.565,52,1.5242070116861435
2026_Monaco_Grand_Prix_Qualifying,2026,Monaco Grand Prix,Qualifying,PIA,18,73.01,0.9590000000000032,49.04531452347334,28.051001821493628,31.147540983606557,26.59380692167577,13,10259.209445373703,12450.0,4.043715846994536,48,1.8630702551824816
2026_Monaco_Grand_Prix_Qualifying,2026,Monaco Grand Prix,Qualifying,PIA,19,100.286,28.235,23.692872610392147,5.519053876478318,33.63994743758213,19.71090670170828,11,9595.566657802114,12324.0,2.5913272010512483,44,1.0474177633684212
2026_Monaco_Grand_Prix_Qualifying,2026,Monaco Grand Prix,Qualifying,PIA,20,72.983,0.9320000000000022,48.738334877324924,27.75800711743772,30.604982206405694,27.046263345195733,12,10217.365566721199,12498.0,3.994661921708185,46,1.8306595365418894
2026_Monaco_Grand_Prix_Qualifying,2026,Monaco Grand Prix,Qualifying,PIA,22,88.354,16.302999999999997,36.18359922590117,13.354037267080745,31.832298136645964,28.26086956521739,13,9962.208186314982,12327.0,2.9037267080745344,46,1.2690513219284603
2026_Monaco_Grand_Prix_Qualifying,2026,Monaco Grand Prix,Qualifying,PIA,23,79.182,7.131,40.11535954889531,17.504332755632582,33.27556325823224,24.090121317157713,12,10294.920100039166,12218.0,3.431542461005199,52,1.7013888888888888
2026_Monaco_Grand_Prix_Qualifying,2026,Monaco Grand Prix,Qualifying,PIA,24,72.916,0.8649999999999949,48.91592599695675,29.704797047970477,30.996309963099634,23.247232472324722,13,10283.96433767061,12901.0,4.012915129151292,44,2.0018484288354896
2026_Monaco_Grand_Prix_Qualifying,2026,Monaco Grand Prix,Qualifying,PIA,26,91.545,19.494,32.94417574033247,10.043041606886657,28.120516499282637,21.664275466284074,12,9845.513456164299,12382.0,2.813486370157819,49,1.2301694206896552
2026_Monaco_Grand_Prix_Qualifying,2026,Monaco Grand Prix,Qualifying,PIA,27,83.86,11.808999999999997,36.03671868168482,14.240506329113925,36.708860759493675,24.367088607594937,12,9980.504546042532,12318.0,3.314873417721519,45,1.502377179080824
2026_Monaco_Grand_Prix_Qualifying,2026,Monaco Grand Prix,Qualifying,PIA,28,72.624,0.5729999999999933,49.102992659915465,28.810408921933085,31.784386617100374,25.092936802973973,13,10275.879672417306,12595.0,4.066914498141264,47,1.8823349896130768
2026_Monaco_Grand_Prix_Qualifying,2026,Monaco Grand Prix,Qualifying,NOR,1,93.926,21.875,34.02601130586454,18.220338983050848,34.03954802259887,25.0,14,9840.807861253426,12484.0,2.696327683615819,49,1.3804809052333804
2026_Monaco_Grand_Prix_Qualifying,2026,Monaco Grand Prix,Qualifying,NOR,2,85.901,13.849999999999994,37.04302610563314,24.885496183206108,38.62595419847328,27.328244274809162,16,9582.6516869544,12799.0,3.212213740458015,48,1.3960244648318043
2026_Monaco_Grand_Prix_Qualifying,2026,Monaco Grand Prix,Qualifying,NOR,3,74.295,2.2439999999999998,47.57636056290497,30.973451327433626,30.796460176991154,24.24778761061947,13,10208.823344002403,12575.0,3.815929203539823,46,1.8085106382978724
2026_Monaco_Grand_Prix_Qualifying,2026,Monaco Grand Prix,Qualifying,NOR,4,89.957,17.90599999999999,28.744778374992926,15.781710914454278,38.93805309734513,21.976401179941004,14,10016.987077667183,12468.0,2.8436578171091447,42,1.1166912850812407
2026_Monaco_Grand_Prix_Qualifying,2026,Monaco Grand Prix,Qualifying,NOR,5,73.796,1.7450000000000045,48.19922493309634,33.57015985790409,32.859680284191825,25.044404973357015,14,10169.306909346918,12308.0,4.069271758436945,45,1.8558718861209964
2026_Monaco_Grand_Prix_Qualifying,2026,Monaco Grand Prix,Qualifying,NOR,6,87.586,15.534999999999997,26.848584819273366,6.306306306306306,36.63663663663664,21.77177177177177,11,10200.603795564812,12157.0,2.9924924924924925,49,1.0
2026_Monaco_Grand_Prix_Qualifying,2026,Monaco Grand Prix,Qualifying,NOR,7,83.988,11.936999999999998,36.78716496517964,17.19242902208202,34.22712933753943,23.974763406940063,12,10185.169742007152,12434.0,3.271293375394322,48,1.2369668246445498
2026_Monaco_Grand_Prix_Qualifying,2026,Monaco Grand Prix,Qualifying,NOR,8,73.63,1.5789999999999935,47.8421243712102,31.428571428571427,31.071428571428573,25.535714285714285,16,10134.217039500496,12363.0,3.9785714285714286,44,1.849731663685152
2026_Monaco_Grand_Prix_Qualifying,2026,Monaco Grand Prix,Qualifying,NOR,9,89.297,17.245999999999995,30.1448814986981,11.337209302325581,40.116279069767444,24.563953488372093,13,10097.671589727728,12437.0,2.8982558139534884,47,1.208151382823872
2026_Monaco_Grand_Prix_Qualifying,2026,Monaco Grand Prix,Qualifying,NOR,10,86.784,14.733000000000004,35.18340096328877,17.80185758513932,40.40247678018576,20.278637770897834,14,9695.559412430159,12674.0,3.1160990712074303,43,1.1984496124031008
2026_Monaco_Grand_Prix_Qualifying,2026,Monaco Grand Prix,Qualifying,NOR,12,90.791,18.739999999999995,33.98786009575097,16.95906432748538,35.08771929824561,27.77777777777778,14,10193.849828342363,12737.0,2.681286549707602,50,1.4260614934114202
2026_Monaco_Grand_Prix_Qualifying,2026,Monaco Grand Prix,Qualifying,NOR,13,80.771,8.719999999999999,40.573195115010755,24.509803921568626,33.66013071895425,28.594771241830063,15,10092.368003786883,12609.0,3.5359477124183005,46,1.5237315875613748
2026_Monaco_Grand_Prix_Qualifying,2026,Monaco Grand Prix,Qualifying,NOR,14,72.919,0.867999999999995,51.05364155336157,37.096774193548384,30.824372759856633,27.419354838709676,14,10305.093516219951,12554.0,4.136200716845878,46,1.9066427289048473
2026_Monaco_Grand_Prix_Qualifying,2026,Monaco Grand Prix,Qualifying,NOR,15,89.079,17.02799999999999,30.306072224030686,12.960235640648014,35.051546391752574,20.618556701030926,11,10091.201194895819,12604.0,2.95139911634757,38,1.103244837758112
2026_Monaco_Grand_Prix_Qualifying,2026,Monaco Grand Prix,Qualifying,NOR,16,72.976,0.9249999999999972,47.9813923885455,34.244080145719494,34.60837887067395,30.783242258652095,14,10267.710462103933,12568.0,4.056466302367942,44,1.9087591240875912
2026_Monaco_Grand_Prix_Qualifying,2026,Monaco Grand Prix,Qualifying,NOR,17,106.113,34.062,20.4958262878393,0.4975124378109453,41.91542288557214,23.134328358208954,12,9012.00649905102,12226.0,2.4527363184079602,44,0.8057285180572852
2026_Monaco_Grand_Prix_Qualifying,2026,Monaco Grand Prix,Qualifying,NOR,18,85.648,13.596999999999994,38.00366010285858,18.096723868954758,36.661466458658346,26.98907956318253,13,10305.024426442034,12395.0,2.984399375975039,55,1.5734375
2026_Monaco_Grand_Prix_Qualifying,2026,Monaco Grand Prix,Qualifying,NOR,19,79.582,7.530999999999992,40.15852832722683,24.664429530201343,36.91275167785235,27.181208053691275,13,10235.928998293995,12756.0,3.3959731543624163,46,1.5310924369747898
2026_Monaco_Grand_Prix_Qualifying,2026,Monaco Grand Prix,Qualifying,NOR,20,73.263,1.2120000000000033,47.99373208358066,31.978798586572438,30.3886925795053,26.67844522968198,12,10215.810757548972,12592.0,4.056537102473499,46,1.9168141592920354
2026_Monaco_Grand_Prix_Qualifying,2026,Monaco Grand Prix,Qualifying,NOR,22,87.216,15.164999999999992,39.729792847223436,23.981191222570533,34.326018808777434,25.235109717868337,15,9883.54805788224,12728.0,3.0282131661442007,50,1.6656200941915227
2026_Monaco_Grand_Prix_Qualifying,2026,Monaco Grand Prix,Qualifying,NOR,23,78.35,6.298999999999992,42.00418146657648,26.36203866432337,34.27065026362039,27.06502636203866,12,10147.418778647123,12525.0,3.5377855887521967,44,1.6725352112676057
2026_Monaco_Grand_Prix_Qualifying,2026,Monaco Grand Prix,Qualifying,NOR,24,72.765,0.7139999999999986,51.42277894044577,35.17495395948435,27.440147329650095,24.30939226519337,14,10281.793166419631,12734.0,4.033149171270718,44,1.9428044280442804
2026_Monaco_Grand_Prix_Qualifying,2026,Monaco Grand Prix,Qualifying,NOR,26,83.637,11.585999999999999,39.933354375336876,22.929936305732486,33.43949044585987,26.59235668789809,12,10452.094509551085,12679.0,3.140127388535032,54,1.6590023027940222
2026_Monaco_Grand_Prix_Qualifying,2026,Monaco Grand Prix,Qualifying,NOR,27,86.866,14.814999999999998,39.40859124741248,26.636225266362253,29.832572298325722,23.896499238964992,11,9811.891112384606,12455.0,3.0821917808219177,48,1.3826219512195121
2026_Monaco_Grand_Prix_Qualifying,2026,Monaco Grand Prix,Qualifying,GAS,1,99.694,27.643,34.956048584809004,13.978494623655912,31.317204301075268,25.403225806451612,12,9107.935392155407,12556.0,2.3413978494623655,36,1.5868102288021535
2026_Monaco_Grand_Prix_Qualifying,2026,Monaco Grand Prix,Qualifying,GAS,2,84.352,12.301000000000002,41.21598736476882,20.80745341614907,32.298136645962735,29.19254658385093,12,9819.755360076166,12874.0,2.7593167701863353,44,1.6749611197511665
2026_Monaco_Grand_Prix_Qualifying,2026,Monaco Grand Prix,Qualifying,GAS,3,78.598,6.546999999999997,45.992100336216446,25.549915397631136,34.34856175972927,30.79526226734349,14,10058.435114541693,12216.0,3.1015228426395938,50,1.8864406779661016
2026_Monaco_Grand_Prix_Qualifying,2026,Monaco Grand Prix,Qualifying,GAS,4,75.725,3.6739999999999924,48.62909621103114,31.762652705061083,35.07853403141361,28.970331588132638,12,10290.757314254743,12992.0,3.2670157068062826,53,1.9388111888111887
2026_Monaco_Grand_Prix_Qualifying,2026,Monaco Grand Prix,Qualifying,GAS,5,111.876,39.825,28.215123871478337,5.868544600938967,37.08920187793427,28.169014084507044,14,8441.78196126074,11751.0,2.118544600938967,41,1.145710928319624
2026_Monaco_Grand_Prix_Qualifying,2026,Monaco Grand Prix,Qualifying,GAS,6,98.421,26.370000000000005,34.90203758815206,16.622340425531913,33.244680851063826,29.78723404255319,13,9109.998205215716,12086.0,2.3297872340425534,41,1.336884154460719
2026_Monaco_Grand_Prix_Qualifying,2026,Monaco Grand Prix,Qualifying,GAS,7,90.65,18.599000000000004,37.934335383470575,20.029239766081872,36.54970760233918,31.28654970760234,13,9517.12794604142,12320.0,2.5628654970760234,50,1.6178623718887262
2026_Monaco_Grand_Prix_Qualifying,2026,Monaco Grand Prix,Qualifying,GAS,8,75.639,3.587999999999994,49.41491051116109,32.28621291448517,33.50785340314136,26.701570680628272,12,10302.068533646392,12930.0,3.2530541012216405,51,1.9702797202797202
2026_Monaco_Grand_Prix_Qualifying,2026,Monaco Grand Prix,Qualifying,GAS,9,90.951,18.89999999999999,37.36072586239932,15.925394548063126,34.720229555236735,28.83787661406026,12,9491.204039340666,12240.0,2.601147776183644,45,1.6278735632183907
2026_Monaco_Grand_Prix_Qualifying,2026,Monaco Grand Prix,Qualifying,GAS,10,74.469,2.417999999999992,51.66186116726304,36.042402826855124,33.56890459363957,25.97173144876325,12,10354.155264257864,13107.0,3.392226148409894,52,2.023008849557522
2026_Monaco_Grand_Prix_Qualifying,2026,Monaco Grand Prix,Qualifying,GAS,12,95.466,23.414999999999992,38.72065090399853,18.143459915611814,33.33333333333333,26.160337552742618,13,9237.286891660982,12676.0,2.513361462728551,38,1.6605633802816901
2026_Monaco_Grand_Prix_Qualifying,2026,Monaco Grand Prix,Qualifying,GAS,14,90.698,18.64699999999999,41.79900201054117,18.71345029239766,33.187134502923975,30.116959064327485,14,9557.24857173817,12546.0,2.4517543859649122,45,1.6310395314787702
2026_Monaco_Grand_Prix_Qualifying,2026,Monaco Grand Prix,Qualifying,GAS,15,80.22,8.168999999999997,45.961881291516754,25.12315270935961,31.85550082101806,27.42200328407225,12,10122.112380989558,12337.0,2.954022988505747,52,1.794407894736842
2026_Monaco_Grand_Prix_Qualifying,2026,Monaco Grand Prix,Qualifying,GAS,16,87.323,15.271999999999991,39.694121518292825,21.02874432677761,37.67019667170953,28.139183055975792,13,9887.380913967701,12450.0,2.698940998487141,48,1.7303030303030302
2026_Monaco_Grand_Prix_Qualifying,2026,Monaco Grand Prix,Qualifying,GAS,17,74.151,2.0999999999999943,50.17578089904758,32.326820603907635,34.10301953818828,26.99822380106572,12,10451.246947364672,12796.0,3.2291296625222023,50,2.0640569395017794
2026_Monaco_Grand_Prix_Qualifying,2026,Monaco Grand Prix,Qualifying,GAS,19,90.721,18.67,41.032516240572996,20.803443328550934,30.84648493543759,27.69010043041607,12,9598.49134199739,12283.0,2.5494978479196555,47,1.617816091954023
2026_Monaco_Grand_Prix_Qualifying,2026,Monaco Grand Prix,Qualifying,GAS,20,78.901,6.849999999999994,46.64470488677699,27.380952380952383,33.33333333333333,28.57142857142857,12,10246.721030099437,13020.0,2.9693877551020407,47,1.850085178875639
2026_Monaco_Grand_Prix_Qualifying,2026,Monaco Grand Prix,Qualifying,GAS,21,73.762,1.7109999999999985,50.20267175413064,33.6996336996337,35.8974358974359,27.83882783882784,13,10514.505604177866,12786.0,3.2747252747252746,50,2.0293577981651376
2026_Monaco_Grand_Prix_Qualifying,2026,Monaco Grand Prix,Qualifying,GAS,22,107.976,35.925,28.625003888580164,10.357142857142858,34.64285714285714,18.928571428571427,10,8825.121582210351,13037.0,2.157142857142857,36,1.1764004767580454
2026_Monaco_Grand_Prix_Qualifying,2026,Monaco Grand Prix,Qualifying,GAS,23,74.224,2.173000000000002,50.44487444023179,35.483870967741936,34.229390681003586,26.16487455197133,13,10418.678757053225,13020.0,3.25089605734767,51,2.014362657091562
2026_Monaco_Grand_Prix_Qualifying,2026,Monaco Grand Prix,Qualifying,GAS,25,97.156,25.105000000000004,42.54970873143182,23.809523809523807,30.532212885154063,19.327731092436977,13,9301.100048719652,12916.0,2.5672268907563027,40,1.673211781206171
2026_Monaco_Grand_Prix_Qualifying,2026,Monaco Grand Prix,Qualifying,GAS,26,79.065,7.013999999999996,46.87400369009733,28.741496598639454,33.6734693877551,27.55102040816326,12,10094.446214809805,12414.0,3.04421768707483,53,1.8620102214650767
2026_Monaco_Grand_Prix_Qualifying,2026,Monaco Grand Prix,Qualifying,GAS,27,74.012,1.9609999999999985,50.17587286629411,33.33333333333333,32.432432432432435,26.486486486486488,13,10357.323172680777,12769.0,3.2288288288288287,49,2.0
2026_Monaco_Grand_Prix_Qualifying,2026,Monaco Grand Prix,Qualifying,GAS,29,85.176,13.125,44.35179355229241,22.477064220183486,30.428134556574925,28.74617737003058,13,9953.813194582093,12579.0,2.709480122324159,44,1.7895788672588056
2026_Monaco_Grand_Prix_Qualifying,2026,Monaco Grand Prix,Qualifying,GAS,30,81.233,9.182000000000002,44.923930341454465,26.567656765676567,34.15841584158416,25.412541254125415,11,10107.79675855876,13040.0,2.9174917491749173,49,1.740495867768595
2026_Monaco_Grand_Prix_Qualifying,2026,Monaco Grand Prix,Qualifying,GAS,31,73.226,1.1749999999999972,53.12129491495159,37.04379562043796,32.66423357664234,26.277372262773724,12,10552.018197588806,13118.0,3.3284671532846715,49,2.1480804387568555
2026_Monaco_Grand_Prix_Qualifying,2026,Monaco Grand Prix,Qualifying,LAW,1,99.452,27.400999999999996,32.12554795880902,4.557640750670242,37.93565683646112,26.675603217158177,15,9214.089828022743,12616.0,2.4369973190348526,40,1.4228187919463087
2026_Monaco_Grand_Prix_Qualifying,2026,Monaco Grand Prix,Qualifying,LAW,2,86.586,14.534999999999997,39.11063302572635,17.692307692307693,38.46153846153847,32.46153846153847,12,9668.064791501685,12684.0,3.0184615384615383,46,1.7334360554699537
2026_Monaco_Grand_Prix_Qualifying,2026,Monaco Grand Prix,Qualifying,LAW,3,75.477,3.426000000000002,49.63518993936573,30.44982698961938,33.56401384083045,31.141868512110726,13,10078.948257212534,13149.0,3.527681660899654,44,2.0086655112651646
2026_Monaco_Grand_Prix_Qualifying,2026,Monaco Grand Prix,Qualifying,LAW,4,87.729,15.677999999999997,36.00935033237939,8.358662613981762,37.68996960486322,30.69908814589666,13,9544.313457099266,12034.0,3.0151975683890577,47,1.4901065449010655
2026_Monaco_Grand_Prix_Qualifying,2026,Monaco Grand Prix,Qualifying,LAW,5,81.332,9.280999999999992,42.34702960224238,20.8,37.92,32.48,16,9825.260816418142,12802.0,3.2704,50,1.9455128205128205
2026_Monaco_Grand_Prix_Qualifying,2026,Monaco Grand Prix,Qualifying,LAW,6,110.11,38.059,31.75626127331827,15.576694411414982,46.0166468489893,34.36385255648038,16,7996.14647387587,12832.0,2.4518430439952437,43,1.3333333333333333
2026_Monaco_Grand_Prix_Qualifying,2026,Monaco Grand Prix,Qualifying,LAW,7,93.465,21.414,35.134090848858264,2.553191489361702,36.02836879432624,32.4822695035461,16,9728.436267231642,12107.0,2.6099290780141846,47,1.6193181818181819
2026_Monaco_Grand_Prix_Qualifying,2026,Monaco Grand Prix,Qualifying,LAW,8,87.938,15.887,37.6626540842813,6.927710843373494,36.89759036144578,26.957831325301207,12,9430.611198708084,12117.0,3.019578313253012,46,1.4374057315233786
2026_Monaco_Grand_Prix_Qualifying,2026,Monaco Grand Prix,Qualifying,LAW,9,74.498,2.4470000000000027,50.389900136800335,33.21917808219178,33.56164383561644,28.5958904109589,12,10085.650388491526,12989.0,3.643835616438356,47,1.9982847341337908
2026_Monaco_Grand_Prix_Qualifying,2026,Monaco Grand Prix,Qualifying,LAW,10,95.897,23.846000000000004,33.049347992007284,4.748603351955307,34.497206703910614,26.536312849162012,13,9150.772744367503,12222.0,2.761173184357542,44,1.4587412587412587
2026_Monaco_Grand_Prix_Qualifying,2026,Monaco Grand Prix,Qualifying,LAW,12,101.094,29.042999999999992,32.87044720327141,4.370860927152318,39.867549668874176,28.874172185430464,15,8949.981566516122,12150.0,2.4887417218543044,39,1.2612732095490715
2026_Monaco_Grand_Prix_Qualifying,2026,Monaco Grand Prix,Qualifying,LAW,13,81.26,9.209000000000003,46.00889121906281,18.819776714513555,35.24720893141946,29.02711323763955,12,10033.469980298698,12479.0,3.189792663476874,52,1.6964856230031948
2026_Monaco_Grand_Prix_Qualifying,2026,Monaco Grand Prix,Qualifying,LAW,14,74.097,2.0459999999999923,49.962739616305825,33.33333333333333,34.97267759562842,30.418943533697636,13,10173.48678603675,12889.0,3.6593806921675776,47,2.1423357664233578
2026_Monaco_Grand_Prix_Qualifying,2026,Monaco Grand Prix,Qualifying,LAW,15,92.974,20.923000000000002,35.011722543232324,7.1022727272727275,32.38636363636363,25.0,12,9499.037934494754,12001.0,2.669034090909091,41,1.3243243243243243
2026_Monaco_Grand_Prix_Qualifying,2026,Monaco Grand Prix,Qualifying,LAW,16,73.827,1.7759999999999962,51.30523435956305,34.34163701067616,32.028469750889684,29.8932384341637,13,10204.73356803597,12939.0,3.6725978647686834,47,1.9786096256684491
2026_Monaco_Grand_Prix_Qualifying,2026,Monaco Grand Prix,Qualifying,LAW,17,116.103,44.05199999999999,20.39950473433697,1.694915254237288,52.76836158192091,31.751412429378533,16,7924.414373363015,12352.0,2.2768361581920904,42,1.0975113122171947
2026_Monaco_Grand_Prix_Qualifying,2026,Monaco Grand Prix,Qualifying,LAW,18,89.505,17.453999999999994,38.00769738754579,4.3478260869565215,34.18290854572714,28.7856071964018,15,9753.531813111165,11792.0,2.833583208395802,48,1.5342342342342343
2026_Monaco_Grand_Prix_Qualifying,2026,Monaco Grand Prix,Qualifying,LAW,19,80.805,8.754000000000005,44.243611471844986,15.307820299500833,35.27454242928453,28.286189683860236,12,9946.242677814378,12098.0,3.274542429284526,47,1.6983333333333333
2026_Monaco_Grand_Prix_Qualifying,2026,Monaco Grand Prix,Qualifying,LAW,20,73.471,1.4200000000000017,53.18262686533119,35.67662565905096,30.579964850615116,29.701230228471005,13,10315.264021517509,13204.0,3.7311072056239016,46,2.0035211267605635
2026_Monaco_Grand_Prix_Qualifying,2026,Monaco Grand Prix,Qualifying,LAW,22,97.192,25.14099999999999,34.35776431356303,5.602240896358544,33.61344537815126,23.249299719887954,12,9109.455588859828,12102.0,2.560224089635854,43,1.3987596426367461
2026_Monaco_Grand_Prix_Qualifying,2026,Monaco Grand Prix,Qualifying,LAW,23,79.722,7.670999999999992,45.55809245853976,22.24137931034483,36.55172413793103,31.20689655172414,12,10103.960485585709,12194.0,3.2672413793103448,46,1.8601036269430051
2026_Monaco_Grand_Prix_Qualifying,2026,Monaco Grand Prix,Qualifying,LAW,24,73.79,1.7390000000000043,51.82099730579148,34.29084380610413,33.21364452423698,28.366247755834827,12,10261.259469455863,12949.0,3.6983842010771992,47,2.1115107913669067
2026_Monaco_Grand_Prix_Qualifying,2026,Monaco Grand Prix,Qualifying,LAW,26,92.712,20.661,37.36150109418312,8.309859154929578,32.53521126760563,24.929577464788732,11,9544.247045634867,12150.0,2.6253521126760564,43,1.5371944048895156
2026_Monaco_Grand_Prix_Qualifying,2026,Monaco Grand Prix,Qualifying,LAW,27,81.582,9.530999999999992,43.58515655620539,18.30065359477124,36.27450980392157,30.555555555555557,12,9813.77141814521,12562.0,3.1241830065359477,47,1.6857610474631752
2026_Monaco_Grand_Prix_Qualifying,2026,Monaco Grand Prix,Qualifying,LAW,28,73.412,1.3610000000000042,53.00643578184211,35.0,30.37037037037037,30.185185185185187,12,10273.462088583245,13147.0,3.7314814814814814,46,2.1280148423005567
2026_Monaco_Grand_Prix_Qualifying,2026,Monaco Grand Prix,Qualifying,ALB,1,99.054,27.003,35.21201270178971,14.150943396226415,39.62264150943396,26.1455525606469,15,9230.80921340053,12791.0,2.278975741239892,39,1.300944669365722
2026_Monaco_Grand_Prix_Qualifying,2026,Monaco Grand Prix,Qualifying,ALB,2,84.791,12.739999999999995,41.137375691412,19.37007874015748,35.59055118110236,30.551181102362207,15,9724.1411617909,12143.0,2.8346456692913384,37,1.6435331230283912
2026_Monaco_Grand_Prix_Qualifying,2026,Monaco Grand Prix,Qualifying,ALB,3,76.332,4.280999999999992,47.690327516914515,26.190476190476193,35.544217687074834,31.63265306122449,14,10046.399381466117,12385.0,3.2857142857142856,47,1.817717206132879
2026_Monaco_Grand_Prix_Qualifying,2026,Monaco Grand Prix,Qualifying,ALB,4,76.662,4.611000000000004,47.73322796867434,26.65505226480836,34.66898954703833,29.094076655052266,14,9970.23202341253,12338.0,3.3310104529616726,43,1.9232111692844678
2026_Monaco_Grand_Prix_Qualifying,2026,Monaco Grand Prix,Qualifying,ALB,5,106.124,34.07299999999999,28.262969679549048,8.700980392156863,41.17647058823529,26.10294117647059,18,8986.614838511297,12343.0,2.071078431372549,34,1.1214723926380368
2026_Monaco_Grand_Prix_Qualifying,2026,Monaco Grand Prix,Qualifying,ALB,6,75.612,3.560999999999993,50.30935922537649,30.26086956521739,32.0,28.000000000000004,13,10011.17558978839,12709.0,3.413913043478261,44,1.961672473867596
2026_Monaco_Grand_Prix_Qualifying,2026,Monaco Grand Prix,Qualifying,ALB,7,105.763,33.712,31.985241486476802,12.76595744680851,39.04881101376721,31.53942428035044,13,8513.162821714206,12162.0,2.2428035043804755,42,1.1853070182121972
2026_Monaco_Grand_Prix_Qualifying,2026,Monaco Grand Prix,Qualifying,ALB,8,92.102,20.051000000000002,39.45612481762215,17.12230215827338,35.25179856115108,29.06474820143885,12,9617.822568939058,12259.0,2.4776978417266187,41,1.4713616707012487
2026_Monaco_Grand_Prix_Qualifying,2026,Monaco Grand Prix,Qualifying,ALB,9,86.044,13.992999999999995,39.6881795634342,17.48878923766816,37.369207772795214,30.343796711509718,13,9670.561050444254,12190.0,2.8340807174887894,45,1.535928143712575
2026_Monaco_Grand_Prix_Qualifying,2026,Monaco Grand Prix,Qualifying,ALB,10,74.321,2.269999999999996,52.045032501935225,32.05828779599271,31.693989071038253,30.965391621129324,12,10147.725938172587,12411.0,3.504553734061931,43,1.9963503649635037
2026_Monaco_Grand_Prix_Qualifying,2026,Monaco Grand Prix,Qualifying,ALB,12,97.564,25.51299999999999,41.6326263357999,21.875,36.141304347826086,31.11413043478261,16,9150.913399782037,12351.0,2.5434782608695654,41,1.6843537414965986
2026_Monaco_Grand_Prix_Qualifying,2026,Monaco Grand Prix,Qualifying,ALB,13,75.276,3.2249999999999943,48.37266962096536,30.0,34.48275862068966,33.275862068965516,13,10021.136303786818,12381.0,3.43448275862069,42,1.8998272884283247
2026_Monaco_Grand_Prix_Qualifying,2026,Monaco Grand Prix,Qualifying,ALB,15,94.417,22.366,37.34188927514874,16.643159379407617,35.82510578279267,27.080394922425953,12,9335.393531939919,12077.0,2.4894217207334273,41,1.5282485875706215
2026_Monaco_Grand_Prix_Qualifying,2026,Monaco Grand Prix,Qualifying,ALB,16,84.54,12.489000000000004,41.23603975763999,20.367534456355283,34.915773353751916,28.330781010719758,11,9698.419078106508,12135.0,2.8545176110260337,40,1.3849693251533743
2026_Monaco_Grand_Prix_Qualifying,2026,Monaco Grand Prix,Qualifying,ALB,17,74.287,2.236000000000004,51.075520118752955,30.0,34.0,30.0,12,10116.827599171065,12794.0,3.5,40,1.9799635701275045
2026_Monaco_Grand_Prix_Qualifying,2026,Monaco Grand Prix,Qualifying,ALB,18,95.411,23.36,32.869288507400036,11.675824175824175,36.12637362637363,27.197802197802197,11,9143.789250518847,12119.0,2.5576923076923075,38,1.0261348005502062
2026_Monaco_Grand_Prix_Qualifying,2026,Monaco Grand Prix,Qualifying,ALB,19,74.136,2.0849999999999937,52.094383722028326,31.150442477876105,33.6283185840708,32.0353982300885,13,10003.404995069017,12635.0,3.561061946902655,41,1.9361702127659575
2026_Monaco_Grand_Prix_Qualifying,2026,Monaco Grand Prix,Qualifying,ALB,21,88.58,16.528999999999996,40.92865739996679,18.882175226586103,33.8368580060423,26.586102719033235,12,9769.69391207638,12265.0,2.5634441087613293,45,1.6550680786686838
2026_Monaco_Grand_Prix_Qualifying,2026,Monaco Grand Prix,Qualifying,ALB,22,83.351,11.299999999999997,41.553915727183224,21.517027863777088,36.06811145510836,28.482972136222912,12,9800.185901092025,12204.0,2.78328173374613,45,1.6155038759689921
2026_Monaco_Grand_Prix_Qualifying,2026,Monaco Grand Prix,Qualifying,ALB,23,73.787,1.7360000000000042,53.057452790729485,32.57042253521127,32.3943661971831,29.401408450704224,12,10056.893754219238,12964.0,3.494718309859155,46,1.945326278659612
2026_Monaco_Grand_Prix_Qualifying,2026,Monaco Grand Prix,Qualifying,SAI,1,98.984,26.932999999999993,39.77755445345241,16.91275167785235,26.308724832214764,39.328859060402685,21,9071.082121423255,12461.0,2.3838926174496646,36,1.424731182795699
2026_Monaco_Grand_Prix_Qualifying,2026,Monaco Grand Prix,Qualifying,SAI,2,87.862,15.810999999999993,39.24071790430016,20.552147239263803,36.963190184049076,36.19631901840491,13,9452.84156145984,12491.0,2.7776073619631902,43,1.5606758832565284
2026_Monaco_Grand_Prix_Qualifying,2026,Monaco Grand Prix,Qualifying,SAI,3,77.324,5.272999999999996,47.127806479119315,27.77777777777778,30.47138047138047,32.996632996633,14,9851.592742099436,12243.0,3.393939393939394,48,1.8988195615514334
2026_Monaco_Grand_Prix_Qualifying,2026,Monaco Grand Prix,Qualifying,SAI,4,74.974,2.923000000000002,51.046017933233394,32.685512367491164,28.26855123674912,30.918727915194346,14,10055.086616964423,12890.0,3.512367491166078,41,2.005309734513274
2026_Monaco_Grand_Prix_Qualifying,2026,Monaco Grand Prix,Qualifying,SAI,5,99.792,27.741,32.213424624524436,11.2565445026178,32.85340314136126,35.20942408376963,18,9072.256768401927,12325.0,2.3534031413612566,38,1.3604193971166447
2026_Monaco_Grand_Prix_Qualifying,2026,Monaco Grand Prix,Qualifying,SAI,6,78.871,6.819999999999993,47.14642314674915,25.496688741721858,28.14569536423841,30.29801324503311,16,9897.243313192379,12749.0,3.1672185430463577,44,1.890547263681592
2026_Monaco_Grand_Prix_Qualifying,2026,Monaco Grand Prix,Qualifying,SAI,7,138.275,66.224,27.256849662580496,8.708133971291867,44.97607655502392,37.32057416267943,17,6532.29080502,12468.0,1.7636363636363637,39,1.043103448275862
2026_Monaco_Grand_Prix_Qualifying,2026,Monaco Grand Prix,Qualifying,SAI,8,87.494,15.442999999999998,42.314476996599154,20.268256333830102,28.315946348733235,33.23397913561848,14,9682.288264952931,12451.0,2.7332339791356186,44,1.5985074626865672
2026_Monaco_Grand_Prix_Qualifying,2026,Monaco Grand Prix,Qualifying,SAI,9,84.267,12.215999999999994,43.73261100140089,24.2566510172144,29.42097026604069,30.672926447574334,13,9682.408760642948,12573.0,2.9045383411580596,46,1.64576802507837
2026_Monaco_Grand_Prix_Qualifying,2026,Monaco Grand Prix,Qualifying,SAI,11,97.641,25.590000000000003,44.394195502189454,22.65943012211669,20.8955223880597,28.900949796472187,17,9654.53194507564,12737.0,2.348710990502035,39,1.639945652173913
2026_Monaco_Grand_Prix_Qualifying,2026,Monaco Grand Prix,Qualifying,SAI,12,74.348,2.296999999999997,51.2383938178619,33.1578947368421,25.6140350877193,31.05263157894737,15,10103.5585935245,13032.0,3.4543859649122806,41,1.9929701230228472
2026_Monaco_Grand_Prix_Qualifying,2026,Monaco Grand Prix,Qualifying,SAI,14,96.584,24.533,39.524821066057044,16.62049861495845,27.562326869806093,27.42382271468144,13,9739.922270122854,12783.0,2.4058171745152355,37,1.4967001889967637
2026_Monaco_Grand_Prix_Qualifying,2026,Monaco Grand Prix,Qualifying,SAI,15,82.623,10.572000000000003,44.72799795097325,25.03937007874016,29.763779527559052,31.65354330708661,12,9904.088901154335,13391.0,2.8488188976377953,41,1.6719242902208202
2026_Monaco_Grand_Prix_Qualifying,2026,Monaco Grand Prix,Qualifying,SAI,16,73.936,1.8850000000000051,53.318356270018356,34.11552346570397,26.714801444043324,28.880866425992778,15,10159.066144701339,12839.0,3.5342960288808665,41,2.0632911392405062
2026_Monaco_Grand_Prix_Qualifying,2026,Monaco Grand Prix,Qualifying,SAI,17,96.02,23.968999999999994,33.41683957511674,14.246196403872752,31.950207468879665,28.769017980636235,14,9226.397675126214,12349.0,2.3817427385892116,41,1.4155124653739612
2026_Monaco_Grand_Prix_Qualifying,2026,Monaco Grand Prix,Qualifying,SAI,18,74.123,2.0720000000000027,51.648116281206406,31.922398589065253,25.220458553791886,31.216931216931215,15,10029.498578944213,13191.0,3.493827160493827,44,2.019434628975265
2026_Monaco_Grand_Prix_Qualifying,2026,Monaco Grand Prix,Qualifying,SAI,20,91.124,19.072999999999993,38.55807385709353,16.96165191740413,31.563421828908556,32.59587020648967,15,9489.326635886619,12443.0,2.5530973451327434,39,1.4519940915805023
2026_Monaco_Grand_Prix_Qualifying,2026,Monaco Grand Prix,Qualifying,SAI,21,82.144,10.093000000000004,45.00590118311365,24.84472049689441,34.161490683229815,32.45341614906832,12,9829.027657414596,12333.0,2.9472049689440993,43,1.6065318818040435
2026_Monaco_Grand_Prix_Qualifying,2026,Monaco Grand Prix,Qualifying,SAI,22,73.815,1.7639999999999958,54.30224629642914,35.82887700534759,24.420677361853834,29.590017825311943,13,10148.468067585833,12945.0,3.5329768270944744,43,2.05
2026_Monaco_Grand_Prix_Qualifying,2026,Monaco Grand Prix,Qualifying,HUL,1,101.262,29.211,30.636122319807573,5.006587615283268,37.8129117259552,23.056653491436098,11,9362.277047698923,12452.0,2.6047430830039526,37,1.299610817519789
2026_Monaco_Grand_Prix_Qualifying,2026,Monaco Grand Prix,Qualifying,HUL,2,83.542,11.491,41.402640266056686,16.05723370429253,35.453100158982515,29.411764705882355,15,9783.564440084434,12179.0,3.2273449920508743,51,1.679936305732484
2026_Monaco_Grand_Prix_Qualifying,2026,Monaco Grand Prix,Qualifying,HUL,3,77.095,5.043999999999997,48.403644129937625,27.2108843537415,30.272108843537417,28.741496598639454,16,10065.990178310025,12592.0,3.443877551020408,46,1.8364565587734243
2026_Monaco_Grand_Prix_Qualifying,2026,Monaco Grand Prix,Qualifying,HUL,4,74.741,2.6899999999999977,52.66604376394716,33.39222614840989,28.621908127208478,26.148409893992934,14,10276.8811473588,12674.0,3.556537102473498,45,2.127433628318584
2026_Monaco_Grand_Prix_Qualifying,2026,Monaco Grand Prix,Qualifying,HUL,5,105.785,33.733999999999995,27.550489608464456,3.970223325062035,33.126550868486355,20.719602977667495,13,9357.56183047271,12297.0,2.366004962779156,36,1.0968944099378881
2026_Monaco_Grand_Prix_Qualifying,2026,Monaco Grand Prix,Qualifying,HUL,6,75.377,3.3259999999999934,53.162596607429194,33.85146804835924,27.979274611398964,25.043177892918827,15,10297.943617507493,12924.0,3.538860103626943,42,2.0588235294117645
2026_Monaco_Grand_Prix_Qualifying,2026,Monaco Grand Prix,Qualifying,HUL,7,110.557,38.506,34.16172185773939,9.832134292565947,37.170263788968825,29.856115107913666,14,8937.583914380508,12224.0,2.3105515587529974,37,1.1920768307322929
2026_Monaco_Grand_Prix_Qualifying,2026,Monaco Grand Prix,Qualifying,HUL,8,90.356,18.304999999999993,38.92422124403758,13.304093567251464,32.30994152046784,24.853801169590643,15,9668.368711500258,12410.0,2.9064327485380117,44,1.5724743777452417
2026_Monaco_Grand_Prix_Qualifying,2026,Monaco Grand Prix,Qualifying,HUL,9,81.001,8.950000000000003,45.669809913427926,26.324237560192614,32.74478330658106,27.608346709470304,12,9912.356037612439,12643.0,3.290529695024077,45,1.6993569131832797
2026_Monaco_Grand_Prix_Qualifying,2026,Monaco Grand Prix,Qualifying,HUL,10,73.923,1.8719999999999999,52.343851396691626,31.70289855072464,28.6231884057971,27.717391304347828,16,10297.04988731543,12593.0,3.5652173913043477,43,2.132486388384755
2026_Monaco_Grand_Prix_Qualifying,2026,Monaco Grand Prix,Qualifying,HUL,12,94.493,22.441999999999993,36.699294073120946,15.18987341772152,37.552742616033754,24.613220815752463,13,9239.03043389496,12804.0,2.769338959212377,43,1.6549295774647887
2026_Monaco_Grand_Prix_Qualifying,2026,Monaco Grand Prix,Qualifying,HUL,13,81.735,9.683999999999997,45.41940269140379,23.015873015873016,32.06349206349206,29.841269841269842,13,9948.19135493029,12814.0,3.157142857142857,51,1.8457869634340223
2026_Monaco_Grand_Prix_Qualifying,2026,Monaco Grand Prix,Qualifying,HUL,14,73.949,1.8979999999999961,53.9458679660151,35.090909090909086,28.18181818181818,27.81818181818182,17,10391.62442240374,12526.0,3.6072727272727274,42,2.1275045537340618
2026_Monaco_Grand_Prix_Qualifying,2026,Monaco Grand Prix,Qualifying,HUL,15,99.141,27.090000000000003,29.266713116579293,6.472919418758257,37.384412153236454,19.947159841479525,12,9467.458882968327,12091.0,2.690885072655218,44,1.1772486772486772
2026_Monaco_Grand_Prix_Qualifying,2026,Monaco Grand Prix,Qualifying,HUL,16,73.902,1.850999999999999,52.143203435170065,32.91814946619217,29.181494661921707,25.26690391459075,17,10346.420294487545,12414.0,3.5284697508896796,45,2.160427807486631
2026_Monaco_Grand_Prix_Qualifying,2026,Monaco Grand Prix,Qualifying,HUL,17,137.664,65.61299999999999,28.99422761271925,8.027079303675048,52.61121856866537,25.435203094777563,23,7337.733634338334,12582.0,1.8462282398452612,40,1.0470612648872908
2026_Monaco_Grand_Prix_Qualifying,2026,Monaco Grand Prix,Qualifying,HUL,18,84.952,12.900999999999996,46.695948974679176,22.5,29.375,25.3125,13,9984.181186156035,12473.0,3.121875,47,1.9833892228034877
2026_Monaco_Grand_Prix_Qualifying,2026,Monaco Grand Prix,Qualifying,HUL,19,85.682,13.631,42.718751569420036,22.052067381317,32.00612557427259,23.889739663093415,17,9741.614008752866,12726.0,3.004594180704441,44,1.6840490797546013
2026_Monaco_Grand_Prix_Qualifying,2026,Monaco Grand Prix,Qualifying,HUL,20,74.091,2.039999999999992,52.75738884648094,31.858407079646017,29.911504424778762,24.601769911504427,14,10334.29190095005,12845.0,3.48141592920354,44,2.0088652482269502
2026_Monaco_Grand_Prix_Qualifying,2026,Monaco Grand Prix,Qualifying,COL,1,100.278,28.227000000000004,35.365317807627505,16.0,30.4,24.4,14,9070.248018023463,12190.0,2.364,41,1.2963951935914553
2026_Monaco_Grand_Prix_Qualifying,2026,Monaco Grand Prix,Qualifying,COL,2,83.522,11.471000000000004,40.204640916309934,20.408163265306122,32.6530612244898,29.984301412872842,17,9817.83302704848,12379.0,3.034536891679749,47,1.7531446540880504
2026_Monaco_Grand_Prix_Qualifying,2026,Monaco Grand Prix,Qualifying,COL,3,77.056,5.0049999999999955,48.57309803409512,27.89115646258503,30.782312925170068,34.35374149659864,12,10085.928051127603,12903.0,3.251700680272109,49,1.868824531516184
2026_Monaco_Grand_Prix_Qualifying,2026,Monaco Grand Prix,Qualifying,COL,4,75.799,3.7480000000000047,49.556583597265835,30.36649214659686,30.715532286212916,30.89005235602094,14,10154.170980388702,12804.0,3.3595113438045376,51,1.9772727272727273
2026_Monaco_Grand_Prix_Qualifying,2026,Monaco Grand Prix,Qualifying,COL,6,89.974,17.923000000000002,39.792497949788476,14.431486880466474,29.008746355685133,28.57142857142857,15,9492.48074930921,11940.0,2.685131195335277,40,1.5226277372262773
2026_Monaco_Grand_Prix_Qualifying,2026,Monaco Grand Prix,Qualifying,COL,7,84.571,12.519999999999996,40.851892582289054,22.22222222222222,31.92488262910798,32.08137715179969,16,9790.664603547883,12473.0,2.89358372456964,50,1.7288401253918495
2026_Monaco_Grand_Prix_Qualifying,2026,Monaco Grand Prix,Qualifying,COL,8,75.186,3.135000000000005,48.92301834340413,29.681978798586574,33.03886925795053,32.50883392226148,14,10196.918098143684,12434.0,3.351590106007067,50,1.9539823008849557
2026_Monaco_Grand_Prix_Qualifying,2026,Monaco Grand Prix,Qualifying,COL,9,97.652,25.601,31.27416148029168,8.387942332896461,26.474442988204455,24.246395806028833,12,9251.785079766965,12156.0,2.3722149410222806,40,1.356955380577428
2026_Monaco_Grand_Prix_Qualifying,2026,Monaco Grand Prix,Qualifying,COL,10,74.573,2.5219999999999914,48.73002469361495,29.818181818181817,32.72727272727273,32.18181818181819,14,10212.132707962526,13459.0,3.36,52,2.0309653916211294
2026_Monaco_Grand_Prix_Qualifying,2026,Monaco Grand Prix,Qualifying,COL,12,102.348,30.296999999999997,33.09753096429506,10.403120936280883,31.209362808842656,25.617685305591674,14,8811.450044980807,12152.0,2.4044213263979195,41,1.4518229166666667
2026_Monaco_Grand_Prix_Qualifying,2026,Monaco Grand Prix,Qualifying,COL,14,94.409,22.358000000000004,40.148841242665796,20.391061452513966,30.027932960893857,26.955307262569832,12,9303.420446901731,12420.0,2.5516759776536313,51,1.6153846153846154
2026_Monaco_Grand_Prix_Qualifying,2026,Monaco Grand Prix,Qualifying,COL,15,83.659,11.608000000000004,41.06919758394561,21.451104100946374,29.33753943217666,30.757097791798106,12,9830.535372565191,12498.0,2.8832807570977916,50,1.6413902053712481
2026_Monaco_Grand_Prix_Qualifying,2026,Monaco Grand Prix,Qualifying,COL,16,77.596,5.545000000000002,46.30208014118882,28.373702422145332,30.44982698961938,32.35294117647059,13,9923.150126211583,12330.0,3.290657439446367,49,1.8492201039861351
2026_Monaco_Grand_Prix_Qualifying,2026,Monaco Grand Prix,Qualifying,COL,17,74.53,2.478999999999999,50.83057986626048,30.48780487804878,29.268292682926827,31.881533101045296,13,10302.159828606818,13238.0,3.3658536585365852,48,1.9528795811518325
2026_Monaco_Grand_Prix_Qualifying,2026,Monaco Grand Prix,Qualifying,COL,19,89.651,17.599999999999994,39.34861922897308,16.642120765832104,28.865979381443296,27.393225331369663,13,9520.24847777322,12417.0,2.662739322533137,47,1.4768231729924615
2026_Monaco_Grand_Prix_Qualifying,2026,Monaco Grand Prix,Qualifying,COL,20,80.005,7.9539999999999935,45.72807349543843,23.46089850249584,25.291181364392678,28.1198003327787,15,9934.759677564329,12299.0,3.1064891846921796,49,1.69
2026_Monaco_Grand_Prix_Qualifying,2026,Monaco Grand Prix,Qualifying,COL,21,73.995,1.9440000000000026,52.6946115837465,33.756805807622506,28.85662431941924,31.21597096188748,13,10361.495747804922,13437.0,3.4355716878402904,49,2.070909090909091
2026_Monaco_Grand_Prix_Qualifying,2026,Monaco Grand Prix,Qualifying,COL,22,96.351,24.299999999999997,29.364540735401853,6.056527590847914,35.80080753701211,23.418573351278603,13,9299.572957365253,12247.0,2.4670255720053835,41,1.2951482479784366
2026_Monaco_Grand_Prix_Qualifying,2026,Monaco Grand Prix,Qualifying,COL,23,74.102,2.051000000000002,50.63855113740572,32.38938053097345,31.327433628318584,33.27433628318584,13,10264.221517016254,13623.0,3.454867256637168,52,2.0141843971631204
2026_Monaco_Grand_Prix_Qualifying,2026,Monaco Grand Prix,Qualifying,LIN,1,99.676,27.625,33.42789282914548,9.054593874833555,34.354194407456724,26.098535286284953,14,8885.744777913274,12124.0,2.6870838881491346,39,1.3632499989333333
2026_Monaco_Grand_Prix_Qualifying,2026,Monaco Grand Prix,Qualifying,LIN,2,85.133,13.081999999999994,43.08776504322051,20.87227414330218,37.53894080996885,30.99688473520249,12,9456.776896782883,12427.0,3.308411214953271,48,1.6770670826833074
2026_Monaco_Grand_Prix_Qualifying,2026,Monaco Grand Prix,Qualifying,LIN,3,76.126,4.075000000000003,52.28387941861545,33.56282271944922,31.497418244406195,29.948364888123923,12,9983.8343593911,12801.0,3.559380378657487,49,1.946551724137931
2026_Monaco_Grand_Prix_Qualifying,2026,Monaco Grand Prix,Qualifying,LIN,4,94.959,22.908,32.266693675117565,5.874125874125874,35.24475524475525,26.433566433566437,20,9427.01678707822,11847.0,2.723076923076923,39,1.5294117647058822
2026_Monaco_Grand_Prix_Qualifying,2026,Monaco Grand Prix,Qualifying,LIN,5,75.428,3.3769999999999953,53.01711250204614,34.196891191709845,30.7426597582038,31.088082901554404,14,10019.067747842037,13143.0,3.675302245250432,45,1.958477508650519
2026_Monaco_Grand_Prix_Qualifying,2026,Monaco Grand Prix,Qualifying,LIN,6,97.043,24.992000000000004,37.47859298109858,21.592442645074225,35.08771929824561,28.74493927125506,13,8533.202041999457,13173.0,2.8394062078272606,44,1.4081081081081082
2026_Monaco_Grand_Prix_Qualifying,2026,Monaco Grand Prix,Qualifying,LIN,7,96.89,24.839,35.66220646967229,6.703146374829001,33.10533515731874,26.949384404924757,13,9147.719184733447,12182.0,2.753761969904241,44,1.3397260273972602
2026_Monaco_Grand_Prix_Qualifying,2026,Monaco Grand Prix,Qualifying,LIN,8,81.825,9.774000000000001,42.40931805671397,19.032258064516128,36.29032258064516,27.741935483870968,12,9626.27459898964,12513.0,3.3838709677419354,44,1.6462035541195477
2026_Monaco_Grand_Prix_Qualifying,2026,Monaco Grand Prix,Qualifying,LIN,9,74.685,2.6340000000000003,53.46189641282402,35.01742160278746,31.010452961672474,28.397212543554005,12,10081.226859674292,13159.0,3.707317073170732,44,1.9476439790575917
2026_Monaco_Grand_Prix_Qualifying,2026,Monaco Grand Prix,Qualifying,LIN,10,96.33,24.278999999999996,32.22793282086839,7.745504840940526,32.2268326417704,21.715076071922546,11,9258.923149765396,12307.0,2.710926694329184,40,1.3795013850415512
2026_Monaco_Grand_Prix_Qualifying,2026,Monaco Grand Prix,Qualifying,LIN,13,95.9,23.849000000000004,38.60288698635489,14.937759336099585,31.535269709543567,23.513139695712308,13,9279.578963125925,12522.0,2.6473029045643153,40,1.5152354570637119
2026_Monaco_Grand_Prix_Qualifying,2026,Monaco Grand Prix,Qualifying,LIN,14,82.153,10.102000000000004,47.712942901343844,28.885400313971743,32.33908948194662,29.984301412872842,13,9711.62205586792,12773.0,3.318681318681319,47,1.7342767295597483
2026_Monaco_Grand_Prix_Qualifying,2026,Monaco Grand Prix,Qualifying,LIN,15,74.248,2.1970000000000027,53.88666138287429,36.26373626373626,29.67032967032967,29.304029304029307,12,10062.471312211877,13089.0,3.7252747252747254,45,2.0256880733944955
2026_Monaco_Grand_Prix_Qualifying,2026,Monaco Grand Prix,Qualifying,LIN,16,93.698,21.64699999999999,33.81052697085579,9.65034965034965,36.08391608391609,23.216783216783217,11,9323.487475200849,12316.0,2.7874125874125872,40,1.0980392156862746
2026_Monaco_Grand_Prix_Qualifying,2026,Monaco Grand Prix,Qualifying,LIN,17,74.355,2.304000000000002,53.94364683909288,35.96491228070175,30.526315789473685,28.421052631578945,14,10021.603566996828,13084.0,3.670175438596491,44,1.9332161687170475
2026_Monaco_Grand_Prix_Qualifying,2026,Monaco Grand Prix,Qualifying,LIN,18,123.743,51.69199999999999,25.87197636593428,5.454545454545454,50.05347593582887,24.919786096256686,14,7571.801804444021,12063.0,2.2588235294117647,41,0.9903640256959315
2026_Monaco_Grand_Prix_Qualifying,2026,Monaco Grand Prix,Qualifying,LIN,19,97.078,25.027,34.46063071117714,10.851648351648352,36.675824175824175,30.494505494505496,16,8933.36678728803,12144.0,2.6991758241758244,40,1.4552957359009628
2026_Monaco_Grand_Prix_Qualifying,2026,Monaco Grand Prix,Qualifying,LIN,20,86.695,14.643999999999991,40.91353399780977,20.46153846153846,39.38461538461539,30.76923076923077,14,9471.681331801547,12282.0,3.0015384615384617,45,1.6887519260400616
2026_Monaco_Grand_Prix_Qualifying,2026,Monaco Grand Prix,Qualifying,LIN,21,87.803,15.751999999999995,41.53016004541858,24.66765140324963,35.00738552437223,29.394387001477106,14,9463.77950107288,12409.0,3.032496307237814,47,1.5710059171597632
2026_Monaco_Grand_Prix_Qualifying,2026,Monaco Grand Prix,Qualifying,LIN,22,74.363,2.3119999999999976,52.788783128009264,34.21985815602837,30.319148936170215,31.20567375886525,12,10217.942310274735,13041.0,3.7163120567375887,44,1.9822380106571935
2026_Monaco_Grand_Prix_Qualifying,2026,Monaco Grand Prix,Qualifying,BOR,1,97.275,25.224000000000004,35.787991802506575,12.465373961218837,33.933518005540165,26.73130193905817,17,9597.190573294773,12334.0,2.71606648199446,36,1.8030513176144245
2026_Monaco_Grand_Prix_Qualifying,2026,Monaco Grand Prix,Qualifying,BOR,2,90.988,18.936999999999998,38.52428885644494,18.49112426035503,34.76331360946745,31.21301775147929,18,9784.370985003028,12790.0,2.8520710059171597,42,1.9348148148148148
2026_Monaco_Grand_Prix_Qualifying,2026,Monaco Grand Prix,Qualifying,BOR,3,77.405,5.353999999999999,48.25683600266277,25.628140703517587,31.993299832495815,28.8107202680067,13,10113.657616220735,12226.0,3.3969849246231156,48,1.9026845637583893
2026_Monaco_Grand_Prix_Qualifying,2026,Monaco Grand Prix,Qualifying,BOR,4,74.683,2.632000000000005,52.783160929436235,32.437275985663085,29.92831541218638,30.107526881720432,13,10295.245247606481,12430.0,3.568100358422939,43,1.9820466786355475
2026_Monaco_Grand_Prix_Qualifying,2026,Monaco Grand Prix,Qualifying,BOR,5,98.214,26.162999999999997,34.10383072917855,14.721485411140584,38.196286472148536,26.790450928381965,14,9477.74103431823,12220.0,2.6352785145888595,51,1.4621513944223108
2026_Monaco_Grand_Prix_Qualifying,2026,Monaco Grand Prix,Qualifying,BOR,6,75.11,3.0589999999999975,50.886425697950635,31.141868512110726,33.04498269896194,30.44982698961938,12,10210.007617780107,12533.0,3.5397923875432524,44,1.9878682842287696
2026_Monaco_Grand_Prix_Qualifying,2026,Monaco Grand Prix,Qualifying,BOR,7,115.65,43.599000000000004,39.512993876603865,25.25832376578645,44.08725602755453,38.23191733639495,13,8537.850370046957,12544.0,2.319173363949483,43,1.2942528735632184
2026_Monaco_Grand_Prix_Qualifying,2026,Monaco Grand Prix,Qualifying,BOR,8,93.591,21.539999999999992,38.59200210939449,13.043478260869565,30.855539971949508,29.453015427769984,19,9837.690921587455,12498.0,2.708274894810659,44,1.8581460674157304
2026_Monaco_Grand_Prix_Qualifying,2026,Monaco Grand Prix,Qualifying,BOR,9,95.069,23.018,37.41347745209644,18.792866941015088,34.5679012345679,25.102880658436217,17,9494.698952269164,12630.0,2.7421124828532237,42,1.7884615384615385
2026_Monaco_Grand_Prix_Qualifying,2026,Monaco Grand Prix,Qualifying,OCO,1,100.338,28.286999999999992,37.11148267805435,14.670255720053834,23.014804845222073,29.475100942126513,20,8662.479909014131,11940.0,2.8438761776581427,34,1.5080862533692723
2026_Monaco_Grand_Prix_Qualifying,2026,Monaco Grand Prix,Qualifying,OCO,2,82.801,10.75,42.58193750707616,19.936204146730464,22.807017543859647,34.76874003189793,22,9162.121693844627,11965.0,3.4322169059011163,44,1.8354632587859425
2026_Monaco_Grand_Prix_Qualifying,2026,Monaco Grand Prix,Qualifying,OCO,3,76.619,4.567999999999998,50.72478587185349,28.473413379073758,25.04288164665523,33.27615780445969,20,9558.039037348695,12149.0,3.855917667238422,46,2.042955326460481
2026_Monaco_Grand_Prix_Qualifying,2026,Monaco Grand Prix,Qualifying,OCO,4,75.343,3.2920000000000016,50.20426843360948,30.28169014084507,28.69718309859155,30.809859154929576,16,9532.505155772062,11854.0,3.869718309859155,43,1.9559082892416226
2026_Monaco_Grand_Prix_Qualifying,2026,Monaco Grand Prix,Qualifying,OCO,5,100.704,28.65299999999999,32.08525104396843,8.831168831168831,34.54545454545455,38.83116883116883,22,8707.402900675293,12576.0,2.7857142857142856,45,1.622886866059818
2026_Monaco_Grand_Prix_Qualifying,2026,Monaco Grand Prix,Qualifying,OCO,6,75.043,2.9920000000000044,50.41702310040803,30.017452006980804,28.097731239092493,33.50785340314136,16,9563.645804659214,11985.0,3.844677137870855,44,1.9423076923076923
2026_Monaco_Grand_Prix_Qualifying,2026,Monaco Grand Prix,Qualifying,OCO,7,102.664,30.613,38.03609781503791,12.355212355212355,30.501930501930502,35.77863577863578,17,8366.308810138742,11919.0,2.716859716859717,42,1.3891752577319587
2026_Monaco_Grand_Prix_Qualifying,2026,Monaco Grand Prix,Qualifying,OCO,8,94.655,22.604,37.06092487499984,13.025210084033615,27.310924369747898,35.714285714285715,20,8777.27166769942,12001.0,2.9719887955182074,41,1.5988779803646564
2026_Monaco_Grand_Prix_Qualifying,2026,Monaco Grand Prix,Qualifying,OCO,9,81.099,9.048000000000002,44.68186151123413,22.435897435897438,26.602564102564102,36.53846153846153,17,9308.313111802527,12025.0,3.5384615384615383,47,1.7303370786516854
2026_Monaco_Grand_Prix_Qualifying,2026,Monaco Grand Prix,Qualifying,OCO,10,74.722,2.6709999999999923,51.63398988274657,31.05263157894737,26.666666666666668,32.280701754385966,20,9617.186782338846,12173.0,3.8210526315789473,44,2.0439367311072054
2026_Monaco_Grand_Prix_Qualifying,2026,Monaco Grand Prix,Qualifying,OCO,12,93.652,21.601,45.26488237866649,23.52092352092352,23.953823953823957,32.75613275613276,20,9056.94160149291,11907.0,2.9437229437229435,42,1.810314305973025
2026_Monaco_Grand_Prix_Qualifying,2026,Monaco Grand Prix,Qualifying,OCO,13,74.969,2.917999999999992,50.907831185591306,30.7032590051458,24.871355060034304,31.217838765008576,14,9520.864696622295,12239.0,3.8970840480274442,43,1.9467353951890034
2026_Monaco_Grand_Prix_Qualifying,2026,Monaco Grand Prix,Qualifying,PER,2,80.242,8.191000000000003,42.972852624754886,25.082508250825082,29.372937293729372,31.02310231023102,16,10103.633780304777,12761.0,3.212871287128713,57,1.8958677685950414
2026_Monaco_Grand_Prix_Qualifying,2026,Monaco Grand Prix,Qualifying,PER,3,76.743,4.691999999999993,49.71636386740073,32.87435456110155,26.506024096385545,28.227194492254732,13,10310.372799029126,12571.0,3.4888123924268504,52,1.8672413793103448
2026_Monaco_Grand_Prix_Qualifying,2026,Monaco Grand Prix,Qualifying,PER,4,90.897,18.846000000000004,33.0362208260333,14.060258249641318,37.87661406025825,32.281205164992826,17,9029.366735599087,12089.0,3.1276901004304163,45,1.6580459770114941
2026_Monaco_Grand_Prix_Qualifying,2026,Monaco Grand Prix,Qualifying,PER,5,76.056,4.0049999999999955,49.46410308804125,33.45008756567426,22.066549912434326,26.444833625218916,14,10143.566217566588,13088.0,3.5376532399299476,49,2.1473684210526316
2026_Monaco_Grand_Prix_Qualifying,2026,Monaco Grand Prix,Qualifying,PER,7,86.984,14.932999999999993,38.73036945232873,21.203007518796994,29.022556390977446,27.819548872180448,14,9410.979120979511,12366.0,2.9789473684210526,41,1.6536144578313252
2026_Monaco_Grand_Prix_Qualifying,2026,Monaco Grand Prix,Qualifying,PER,8,77.246,5.194999999999993,46.01018071575731,29.716193656093488,26.21035058430718,27.879799666110184,14,10072.54542078766,12731.0,3.4574290484140233,51,1.9280936454849498
2026_Monaco_Grand_Prix_Qualifying,2026,Monaco Grand Prix,Qualifying,PER,9,74.747,2.695999999999998,52.776866732953856,34.78260869565217,20.652173913043477,25.724637681159418,13,10365.554835007171,12834.0,3.5253623188405796,47,2.117967332123412
2026_Monaco_Grand_Prix_Qualifying,2026,Monaco Grand Prix,Qualifying,BEA,1,99.025,26.974000000000004,37.59193318013019,14.016172506738545,21.024258760107816,23.8544474393531,17,9506.022448897247,12365.0,2.421832884097035,46,1.6086369770580298
2026_Monaco_Grand_Prix_Qualifying,2026,Monaco Grand Prix,Qualifying,BEA,2,83.308,11.257000000000005,44.60916903603811,22.641509433962266,29.40251572327044,30.974842767295595,15,10177.991266849873,12444.0,2.9748427672955975,51,1.7543307086614173
2026_Monaco_Grand_Prix_Qualifying,2026,Monaco Grand Prix,Qualifying,BEA,3,75.936,3.885000000000005,49.12116785649991,28.07017543859649,30.350877192982455,33.85964912280702,15,9882.714978518818,12105.0,3.668421052631579,53,1.952548330404218
2026_Monaco_Grand_Prix_Qualifying,2026,Monaco Grand Prix,Qualifying,BEA,4,87.724,15.673000000000002,38.414357000536995,12.612612612612612,30.03003003003003,31.53153153153153,15,9870.320550954288,12340.0,2.891891891891892,47,1.4030075187969926
2026_Monaco_Grand_Prix_Qualifying,2026,Monaco Grand Prix,Qualifying,BEA,5,75.346,3.2950000000000017,51.44317334079468,30.715532286212916,28.44677137870855,30.715532286212916,14,9831.924841662341,12315.0,3.731239092495637,49,1.917832167832168
2026_Monaco_Grand_Prix_Qualifying,2026,Monaco Grand Prix,Qualifying,BEA,6,90.863,18.811999999999998,35.54407571829609,10.17191977077364,30.659025787965614,29.942693409742123,13,9765.01928787239,12372.0,2.732091690544413,51,1.2568149210903874
2026_Monaco_Grand_Prix_Qualifying,2026,Monaco Grand Prix,Qualifying,BEA,7,74.905,2.853999999999999,51.474261830036944,29.577464788732392,26.936619718309856,32.21830985915493,14,9959.660340054068,12086.0,3.7235915492957745,52,1.9171075837742504
2026_Monaco_Grand_Prix_Qualifying,2026,Monaco Grand Prix,Qualifying,BEA,8,107.602,35.551,30.797276652962044,7.891491985203452,33.16892725030826,33.04562268803946,15,8874.414415636133,12155.0,2.3008631319358814,50,1.2345679012345678
2026_Monaco_Grand_Prix_Qualifying,2026,Monaco Grand Prix,Qualifying,BEA,9,92.827,20.775999999999996,38.40999719395431,12.957746478873238,30.422535211267604,30.56338028169014,14,9873.902180595236,12208.0,2.574647887323944,59,1.4301833568406206
2026_Monaco_Grand_Prix_Qualifying,2026,Monaco Grand Prix,Qualifying,BEA,10,81.759,9.707999999999998,44.54519644151974,24.719101123595504,31.30016051364366,32.74478330658106,14,10043.496082669906,12137.0,3.130016051364366,49,1.635048231511254
2026_Monaco_Grand_Prix_Qualifying,2026,Monaco Grand Prix,Qualifying,BEA,12,94.122,22.070999999999998,45.9900578092858,23.35243553008596,26.504297994269344,31.37535816618911,19,9940.904262102822,12432.0,2.6318051575931234,51,2.1319942611190816
2026_Monaco_Grand_Prix_Qualifying,2026,Monaco Grand Prix,Qualifying,BEA,13,74.814,2.762999999999991,50.64463244252684,31.497418244406195,29.604130808950085,34.42340791738382,15,9864.004999639099,12315.0,3.6987951807228914,50,1.967241379310345
2026_Monaco_Grand_Prix_Qualifying,2026,Monaco Grand Prix,Qualifying,BOT,1,95.853,23.801999999999992,36.171004582839444,14.025245441795231,36.4656381486676,26.507713884992988,14,9265.607624947113,12225.0,2.772791023842917,48,1.6061095499197433
2026_Monaco_Grand_Prix_Qualifying,2026,Monaco Grand Prix,Qualifying,BOT,2,81.756,9.704999999999998,43.65213819286591,22.544283413848632,36.231884057971016,28.34138486312399,12,9654.039470698834,12429.0,3.4041867954911433,48,1.7451612903225806
2026_Monaco_Grand_Prix_Qualifying,2026,Monaco Grand Prix,Qualifying,BOT,3,77.175,5.123999999999995,47.65965165510326,29.761904761904763,36.734693877551024,27.55102040816326,13,9428.24743318488,12240.0,3.8452380952380953,39,1.9063032367972743
2026_Monaco_Grand_Prix_Qualifying,2026,Monaco Grand Prix,Qualifying,BOT,4,92.709,20.658,35.5680456167217,13.733905579399142,37.33905579399141,27.753934191702434,13,9297.429228932468,11985.0,2.9070100143061515,43,1.5229226361031518
2026_Monaco_Grand_Prix_Qualifying,2026,Monaco Grand Prix,Qualifying,BOT,5,76.372,4.320999999999998,50.501495137647574,32.36301369863014,31.84931506849315,27.73972602739726,12,9641.709808657191,12083.0,3.690068493150685,44,1.934819897084048
2026_Monaco_Grand_Prix_Qualifying,2026,Monaco Grand Prix,Qualifying,BOT,6,94.657,22.605999999999995,31.31278549125051,13.71191135734072,43.76731301939058,25.90027700831025,14,9130.439900863716,11975.0,2.8725761772853184,43,1.1914008321775311
2026_Monaco_Grand_Prix_Qualifying,2026,Monaco Grand Prix,Qualifying,BOT,8,98.412,26.361000000000004,33.76860472484234,13.333333333333334,35.16339869281046,27.320261437908496,16,9379.492608781422,12162.0,2.5686274509803924,42,1.6099476439790577
2026_Monaco_Grand_Prix_Qualifying,2026,Monaco Grand Prix,Qualifying,BOT,9,75.292,3.2409999999999997,50.36389033951158,32.194244604316545,31.47482014388489,26.978417266187048,12,9629.102029152478,12479.0,3.7949640287769784,37,1.9837837837837837
2026_Monaco_Grand_Prix_Qualifying,2026,Monaco Grand Prix,Qualifying,BOT,11,89.532,17.480999999999995,45.16326496871608,25.671641791044774,29.55223880597015,25.970149253731346,14,9779.854971018749,12488.0,2.9776119402985075,50,1.7473841554559044
2026_Monaco_Grand_Prix_Qualifying,2026,Monaco Grand Prix,Qualifying,BOT,12,75.283,3.2319999999999993,50.688905599823315,31.03448275862069,31.724137931034484,27.93103448275862,14,9700.58222364308,12454.0,3.8275862068965516,36,2.006908462867012
2026_Monaco_Grand_Prix_Qualifying,2026,Monaco Grand Prix,Qualifying,ALO,1,92.384,20.333,42.922147222566586,25.83941605839416,33.13868613138686,26.56934306569343,16,9182.613462992464,11840.0,2.7474452554744526,48,1.6140350877192982
2026_Monaco_Grand_Prix_Qualifying,2026,Monaco Grand Prix,Qualifying,ALO,2,92.327,20.275999999999996,39.03695262386344,24.563953488372093,34.883720930232556,26.16279069767442,14,8785.511379959711,12355.0,2.7165697674418605,46,1.3799126637554586
2026_Monaco_Grand_Prix_Qualifying,2026,Monaco Grand Prix,Qualifying,ALO,3,76.073,4.021999999999991,49.743411794659195,35.72649572649573,34.35897435897436,30.76923076923077,14,9944.263776336471,12249.0,3.292307692307692,47,1.8493150684931507
2026_Monaco_Grand_Prix_Qualifying,2026,Monaco Grand Prix,Qualifying,ALO,4,89.188,17.137,36.55634518951417,19.791666666666664,39.13690476190476,28.422619047619047,12,9044.963766163595,11861.0,2.8110119047619047,49,1.286140089418778
2026_Monaco_Grand_Prix_Qualifying,2026,Monaco Grand Prix,Qualifying,ALO,5,76.03,3.978999999999999,49.81971923253674,35.16295025728988,32.76157804459691,30.18867924528302,15,9895.12694755035,12570.0,3.2109777015437393,47,1.9347079037800687
2026_Monaco_Grand_Prix_Qualifying,2026,Monaco Grand Prix,Qualifying,ALO,6,110.372,38.321,27.879588493491692,10.51373954599761,46.236559139784944,28.55436081242533,16,7919.937012827306,11978.0,2.3452807646356035,33,1.3098086124401913
2026_Monaco_Grand_Prix_Qualifying,2026,Monaco Grand Prix,Qualifying,ALO,7,93.423,21.372,38.39032979108378,20.96317280453258,34.419263456090654,29.178470254957507,13,8992.590465587953,12057.0,2.5892351274787537,45,1.3929078014184397
2026_Monaco_Grand_Prix_Qualifying,2026,Monaco Grand Prix,Qualifying,ALO,8,83.489,11.438000000000002,43.29204752821356,27.001569858712713,35.00784929356358,32.49607535321821,14,9586.063300960906,12024.0,2.9089481946624804,46,1.6650943396226414
2026_Monaco_Grand_Prix_Qualifying,2026,Monaco Grand Prix,Qualifying,ALO,9,75.349,3.298000000000002,52.023989025877924,36.06837606837607,32.47863247863248,28.717948717948715,14,10155.289739263768,12379.0,3.2666666666666666,49,1.9246575342465753
2026_Monaco_Grand_Prix_Qualifying,2026,Monaco Grand Prix,Qualifying,ALO,10,96.168,24.117000000000004,33.22424213899059,17.45810055865922,42.039106145251395,30.027932960893857,15,8818.500338670738,11829.0,2.5558659217877095,44,1.3258741258741258
2026_Monaco_Grand_Prix_Qualifying,2026,Monaco Grand Prix,Qualifying,ALO,12,95.002,22.950999999999993,39.475418501425196,22.454672245467226,32.63598326359833,24.965132496513252,16,8959.981214360372,12268.0,2.5425383542538356,47,1.5754189944134078
2026_Monaco_Grand_Prix_Qualifying,2026,Monaco Grand Prix,Qualifying,STR,1,94.511,22.459999999999994,40.33400923998319,23.695345557122707,27.785613540197463,21.861777150916783,14,9037.72160471108,12775.0,2.6389280677009874,47,1.5649717514124293
2026_Monaco_Grand_Prix_Qualifying,2026,Monaco Grand Prix,Qualifying,STR,2,91.95,19.899,39.596458074277535,23.589001447178003,30.101302460202607,27.35166425470333,14,8831.053618365284,12475.0,2.7178002894356004,44,1.673913043478261
2026_Monaco_Grand_Prix_Qualifying,2026,Monaco Grand Prix,Qualifying,STR,3,76.965,4.9140000000000015,52.18474934117902,35.83617747440273,29.01023890784983,29.86348122866894,15,9619.902726902683,11956.0,3.3822525597269624,43,1.9452991452991453
2026_Monaco_Grand_Prix_Qualifying,2026,Monaco Grand Prix,Qualifying,STR,4,89.691,17.64,36.724348188071886,20.73529411764706,31.323529411764707,30.88235294117647,13,9271.04424526751,12273.0,2.6882352941176473,47,1.3681885125184094
2026_Monaco_Grand_Prix_Qualifying,2026,Monaco Grand Prix,Qualifying,STR,5,76.061,4.010000000000005,51.40440904516311,36.915077989601386,25.82322357019064,28.249566724436743,16,9663.106360537966,12265.0,3.363951473136915,37,2.013888888888889
2026_Monaco_Grand_Prix_Qualifying,2026,Monaco Grand Prix,Qualifying,STR,6,108.643,36.592,31.56195082711773,11.594202898550725,37.19806763285024,28.019323671497588,17,8308.451769101775,12027.0,2.3103864734299515,46,1.2237001209189844
2026_Monaco_Grand_Prix_Qualifying,2026,Monaco Grand Prix,Qualifying,STR,7,91.565,19.513999999999996,43.00517744887921,26.049204052098407,23.733719247467437,25.03617945007236,14,9286.29392784734,12412.0,2.597684515195369,45,1.6115942028985508
2026_Monaco_Grand_Prix_Qualifying,2026,Monaco Grand Prix,Qualifying,STR,8,85.751,13.700000000000003,43.23878878486634,25.45731707317073,23.170731707317074,26.981707317073173,15,9311.129214531145,12122.0,2.8765243902439024,42,1.6595419847328243
2026_Monaco_Grand_Prix_Qualifying,2026,Monaco Grand Prix,Qualifying,STR,9,77.435,5.384,51.62174111168828,34.66666666666667,22.5,28.999999999999996,12,9614.889703878875,12188.0,3.3266666666666667,47,1.9699499165275458
2026_Barcelona_Grand_Prix_Qualifying,2026,Barcelona Grand Prix,Qualifying,RUS,2,75.717,1.0379999999999967,68.38677264362015,52.76292335115864,16.577540106951872,15.86452762923351,7,10847.784058528647,12305.0,5.206773618538325,33,1.4553571428571428
2026_Barcelona_Grand_Prix_Qualifying,2026,Barcelona Grand Prix,Qualifying,RUS,3,114.865,40.18599999999999,24.23105551973331,3.4443168771526977,34.78760045924225,22.962112514351322,11,9915.648135729583,11849.0,3.0367393800229623,42,0.7471264367816092
2026_Barcelona_Grand_Prix_Qualifying,2026,Barcelona Grand Prix,Qualifying,RUS,5,75.228,0.5489999999999924,70.63606410812613,56.317689530685925,18.050541516245488,16.425992779783392,6,10652.559000251238,12246.0,5.370036101083032,32,1.403254972875226
2026_Barcelona_Grand_Prix_Qualifying,2026,Barcelona Grand Prix,Qualifying,RUS,6,107.818,33.138999999999996,25.983904687960585,3.3007334963325183,32.76283618581907,18.337408312958438,8,9871.629834677153,11878.0,3.4034229828850857,39,0.7429620563035496
2026_Barcelona_Grand_Prix_Qualifying,2026,Barcelona Grand Prix,Qualifying,RUS,9,75.145,0.465999999999994,69.96991198516567,55.892857142857146,18.035714285714285,16.964285714285715,6,10745.397637174256,12330.0,5.301785714285714,33,1.3506261180679786
2026_Barcelona_Grand_Prix_Qualifying,2026,Barcelona Grand Prix,Qualifying,RUS,10,101.582,26.90299999999999,33.21919245646655,8.288770053475936,32.486631016042786,21.524064171122994,9,10099.174364433942,11885.0,3.501336898395722,45,0.8152610441767069
2026_Barcelona_Grand_Prix_Qualifying,2026,Barcelona Grand Prix,Qualifying,RUS,11,123.803,49.123999999999995,30.23666800886454,4.266958424507659,23.851203501094094,15.973741794310722,8,9503.429412681324,12002.0,2.863238512035011,39,0.7283680175246441
2026_Barcelona_Grand_Prix_Qualifying,2026,Barcelona Grand Prix,Qualifying,RUS,12,74.679,0.0,72.66960076323073,59.82142857142857,17.5,13.392857142857142,7,10843.317048166711,12583.0,5.392857142857143,33,1.3559928443649374
2026_Barcelona_Grand_Prix_Qualifying,2026,Barcelona Grand Prix,Qualifying,RUS,13,115.988,41.309,23.624043405928422,6.697459584295612,43.99538106235566,9.468822170900692,7,9200.199004600106,11763.0,3.266743648960739,31,0.5179190751445086
2026_Barcelona_Grand_Prix_Qualifying,2026,Barcelona Grand Prix,Qualifying,HAM,2,75.625,0.945999999999998,70.73830589692395,47.81849912739965,12.041884816753926,15.532286212914483,6,10714.539764430489,12376.0,5.541012216404886,37,1.381118881118881
2026_Barcelona_Grand_Prix_Qualifying,2026,Barcelona Grand Prix,Qualifying,HAM,3,112.937,38.257999999999996,37.44452853622233,9.563164108618654,25.85596221959858,25.6198347107438,11,9033.778159653606,11810.0,3.7615112160566704,48,1.0460992907801419
2026_Barcelona_Grand_Prix_Qualifying,2026,Barcelona Grand Prix,Qualifying,HAM,5,75.418,0.7390000000000043,72.61068869846623,51.26811594202898,12.681159420289855,16.666666666666664,7,10668.47377361016,12512.0,5.47463768115942,32,1.426497277676951
2026_Barcelona_Grand_Prix_Qualifying,2026,Barcelona Grand Prix,Qualifying,HAM,6,98.042,23.363,36.81489940098989,6.3002680965147455,29.088471849865954,16.353887399463808,8,9612.488566960845,11529.0,4.340482573726542,35,0.9798657718120806
2026_Barcelona_Grand_Prix_Qualifying,2026,Barcelona Grand Prix,Qualifying,HAM,10,75.71,1.0309999999999917,73.82502067468353,50.635208711433755,9.43738656987296,14.700544464609798,6,10700.357244453613,12478.0,5.508166969147005,32,1.3636363636363635
2026_Barcelona_Grand_Prix_Qualifying,2026,Barcelona Grand Prix,Qualifying,HAM,11,89.429,14.75,50.57443189651464,26.61654135338346,29.624060150375943,18.796992481203006,8,10302.551656202812,12060.0,4.493233082706767,31,1.163840358554217
2026_Barcelona_Grand_Prix_Qualifying,2026,Barcelona Grand Prix,Qualifying,HAM,13,74.743,0.06399999999999295,74.42092595582359,54.86725663716814,10.265486725663717,13.097345132743362,6,10763.58212775817,12490.0,5.647787610619469,31,1.3581560283687943
2026_Barcelona_Grand_Prix_Qualifying,2026,Barcelona Grand Prix,Qualifying,HAM,14,110.486,35.807,31.182584310216587,10.234278668310727,38.71763255240444,17.13933415536375,8,8725.734719013248,11138.0,4.017262638717632,29,0.9753086419753086
2026_Barcelona_Grand_Prix_Qualifying,2026,Barcelona Grand Prix,Qualifying,ANT,2,75.977,1.2980000000000018,70.2106592063334,50.53956834532374,13.489208633093524,16.007194244604317,7,10888.133862754888,12512.0,5.071942446043166,33,1.473873873873874
2026_Barcelona_Grand_Prix_Qualifying,2026,Barcelona Grand Prix,Qualifying,ANT,3,148.614,73.935,21.49434786537433,3.949730700179533,49.281867145421906,25.583482944344706,13,7567.140673890051,11852.0,2.505385996409336,50,0.7053009883198562
2026_Barcelona_Grand_Prix_Qualifying,2026,Barcelona Grand Prix,Qualifying,ANT,5,75.295,0.6159999999999997,70.60285309537342,55.19125683060109,15.482695810564662,16.029143897996356,6,10938.673323691204,12327.0,5.1329690346083785,34,1.416058394160584
2026_Barcelona_Grand_Prix_Qualifying,2026,Barcelona Grand Prix,Qualifying,ANT,6,97.661,22.982,31.355834453881936,1.4925373134328357,27.408412483039346,21.166892808683855,9,10055.408684567012,11674.0,3.8453188602442334,39,0.8260869565217391
2026_Barcelona_Grand_Prix_Qualifying,2026,Barcelona Grand Prix,Qualifying,ANT,10,75.414,0.7349999999999994,71.53297809687967,56.49819494584838,14.440433212996389,15.342960288808664,6,10943.878802801768,12405.0,5.14259927797834,35,1.410488245931284
2026_Barcelona_Grand_Prix_Qualifying,2026,Barcelona Grand Prix,Qualifying,ANT,11,93.843,19.164,36.431435087287895,2.5974025974025974,24.963924963924963,19.76911976911977,9,10276.638717625,11661.0,4.007215007215007,42,0.9450867052023122
2026_Barcelona_Grand_Prix_Qualifying,2026,Barcelona Grand Prix,Qualifying,ANT,12,142.344,67.66499999999999,26.617406662117567,3.984819734345351,33.586337760910816,14.13662239089184,9,8783.230000386238,12117.0,2.661290322580645,32,0.627730294396961
2026_Barcelona_Grand_Prix_Qualifying,2026,Barcelona Grand Prix,Qualifying,ANT,13,74.998,0.3190000000000026,71.93972877847256,55.296229802513466,15.439856373429084,14.721723518850988,6,10943.271465752074,13098.0,5.204667863554757,32,1.3507194244604317
2026_Barcelona_Grand_Prix_Qualifying,2026,Barcelona Grand Prix,Qualifying,ANT,14,104.605,29.926000000000002,26.98027803910533,1.1349306431273645,32.40857503152585,22.82471626733922,9,9730.187877943903,11681.0,3.530895334174023,39,0.6060606060606061
2026_Barcelona_Grand_Prix_Qualifying,2026,Barcelona Grand Prix,Qualifying,NOR,2,76.287,1.608000000000004,65.86345324649037,48.96551724137931,17.93103448275862,13.793103448275861,6,10868.312361393942,12588.0,5.748275862068965,36,1.4956822107081174
2026_Barcelona_Grand_Prix_Qualifying,2026,Barcelona Grand Prix,Qualifying,NOR,3,104.078,29.399,20.206571984403794,3.6553524804177546,39.03394255874674,10.835509138381202,7,10411.734665447082,11928.0,3.839425587467363,37,0.6306582624089636
2026_Barcelona_Grand_Prix_Qualifying,2026,Barcelona Grand Prix,Qualifying,NOR,5,76.021,1.3419999999999987,66.41886800611638,49.20353982300885,19.29203539823009,13.628318584070797,6,10966.10178382316,12490.0,5.757522123893805,39,1.5230496453900708
2026_Barcelona_Grand_Prix_Qualifying,2026,Barcelona Grand Prix,Qualifying,NOR,6,95.051,20.372,26.59305381096994,4.189944134078212,38.26815642458101,12.988826815642456,6,10434.579268076295,12086.0,4.363128491620111,43,0.8503496503496504
2026_Barcelona_Grand_Prix_Qualifying,2026,Barcelona Grand Prix,Qualifying,NOR,8,75.361,0.6820000000000022,67.68278349854033,51.449275362318836,17.391304347826086,15.217391304347828,6,10992.427569861866,12378.0,5.795289855072464,37,1.5099818511796734
2026_Barcelona_Grand_Prix_Qualifying,2026,Barcelona Grand Prix,Qualifying,NOR,9,101.748,27.069000000000003,22.846402070911,3.562005277044855,37.46701846965699,11.477572559366754,8,10604.172433350466,12224.0,3.9023746701846966,41,0.8428005284015853
2026_Barcelona_Grand_Prix_Qualifying,2026,Barcelona Grand Prix,Qualifying,NOR,13,75.001,0.32200000000000273,67.45385621009507,50.0,18.613138686131386,14.5985401459854,6,10925.485825989304,12426.0,5.762773722627737,37,1.4972577696526508
2026_Barcelona_Grand_Prix_Qualifying,2026,Barcelona Grand Prix,Qualifying,VER,2,76.352,1.6730000000000018,63.795314368505004,50.44722719141323,20.572450805008945,15.026833631484795,6,10788.565291856601,12399.0,5.431127012522361,32,1.6881720430107527
2026_Barcelona_Grand_Prix_Qualifying,2026,Barcelona Grand Prix,Qualifying,VER,3,111.985,37.306,18.413553089023726,4.363207547169811,38.443396226415096,15.44811320754717,10,9991.433904194306,12287.0,3.474056603773585,34,0.6488699606679036
2026_Barcelona_Grand_Prix_Qualifying,2026,Barcelona Grand Prix,Qualifying,VER,5,75.484,0.8049999999999926,65.04619593960845,48.91304347826087,19.021739130434785,14.492753623188406,7,10751.230673286322,12184.0,5.4981884057971016,36,1.660617059891107
2026_Barcelona_Grand_Prix_Qualifying,2026,Barcelona Grand Prix,Qualifying,VER,6,110.29,35.611000000000004,17.757138693313184,1.7114914425427872,42.665036674816626,20.537897310513447,12,9844.192628455987,12570.0,3.5831295843520783,44,0.8814565479124168
2026_Barcelona_Grand_Prix_Qualifying,2026,Barcelona Grand Prix,Qualifying,VER,8,75.328,0.6490000000000009,65.08348399705251,49.64028776978417,18.525179856115106,14.568345323741008,7,10752.493073012745,12598.0,5.539568345323741,34,1.7675675675675675
2026_Barcelona_Grand_Prix_Qualifying,2026,Barcelona Grand Prix,Qualifying,VER,11,75.021,0.34199999999999875,66.07820534168034,50.80789946140036,18.13285457809695,14.542190305206462,7,10833.866602327947,12193.0,5.481149012567325,34,1.606115107913669
2026_Barcelona_Grand_Prix_Qualifying,2026,Barcelona Grand Prix,Qualifying,HAD,2,76.427,1.7480000000000047,65.27026663804936,46.619217081850536,17.437722419928825,16.548042704626333,7,10949.964671049434,12614.0,5.435943060498221,34,1.659536541889483
2026_Barcelona_Grand_Prix_Qualifying,2026,Barcelona Grand Prix,Qualifying,HAD,3,101.972,27.292999999999992,27.977366485889704,5.613577023498695,34.595300261096604,18.5378590078329,9,10067.19408811559,12252.0,3.881201044386423,39,1.0705882352941176
2026_Barcelona_Grand_Prix_Qualifying,2026,Barcelona Grand Prix,Qualifying,HAD,5,75.754,1.0750000000000028,65.77115567620876,46.774193548387096,17.921146953405017,14.695340501792115,6,10933.90621366516,12559.0,5.440860215053763,33,1.5888689407540395
2026_Barcelona_Grand_Prix_Qualifying,2026,Barcelona Grand Prix,Qualifying,HAD,6,149.111,74.43199999999999,15.12158660699586,2.954341987466428,56.31154879140555,25.425246195165624,13,7336.806768694337,12137.0,2.5980304386750226,29,0.4444444444444444
2026_Barcelona_Grand_Prix_Qualifying,2026,Barcelona Grand Prix,Qualifying,HAD,10,75.65,0.9710000000000036,66.50708316390758,49.107142857142854,19.82142857142857,16.25,6,10773.026784040294,12577.0,5.569642857142857,32,1.479427549194991
2026_Barcelona_Grand_Prix_Qualifying,2026,Barcelona Grand Prix,Qualifying,HAD,11,90.073,15.393999999999991,42.215065142946116,19.300911854103344,28.11550151975684,21.12462006079027,9,10417.742361111537,12123.0,4.472644376899696,44,1.1643835616438356
2026_Barcelona_Grand_Prix_Qualifying,2026,Barcelona Grand Prix,Qualifying,HAD,13,75.077,0.39799999999999613,68.52579151810808,53.108348134991125,18.29484902309059,16.518650088809945,6,10929.811224265468,12276.0,5.5452930728241565,34,1.398576512455516
2026_Barcelona_Grand_Prix_Qualifying,2026,Barcelona Grand Prix,Qualifying,PIA,2,76.138,1.4590000000000032,65.86773570529701,44.75524475524475,18.181818181818183,16.083916083916083,6,10917.544658406448,12382.0,5.765734265734266,34,1.5078809106830122
2026_Barcelona_Grand_Prix_Qualifying,2026,Barcelona Grand Prix,Qualifying,PIA,3,105.915,31.236000000000004,19.826902208641755,1.9059720457433291,32.27445997458704,12.579415501905972,8,10383.227588221382,12051.0,3.7433290978398985,31,0.5216284987277354
2026_Barcelona_Grand_Prix_Qualifying,2026,Barcelona Grand Prix,Qualifying,PIA,5,76.352,1.6730000000000018,64.36928949306957,44.54225352112676,19.54225352112676,17.077464788732392,6,10822.101197968834,12188.0,5.690140845070423,37,1.4550264550264551
2026_Barcelona_Grand_Prix_Qualifying,2026,Barcelona Grand Prix,Qualifying,PIA,6,93.452,18.772999999999996,34.27208135421293,10.921985815602838,29.645390070921984,18.581560283687942,9,10719.383432619128,12359.0,4.395744680851064,43,1.09375
2026_Barcelona_Grand_Prix_Qualifying,2026,Barcelona Grand Prix,Qualifying,PIA,8,75.518,0.8389999999999986,66.29787521613085,46.236559139784944,19.17562724014337,15.232974910394265,6,10956.029723086402,12205.0,5.810035842293907,37,1.4631956912028725
2026_Barcelona_Grand_Prix_Qualifying,2026,Barcelona Grand Prix,Qualifying,PIA,9,104.417,29.738,22.23398993874106,1.0269576379974326,32.73427471116817,12.965340179717586,9,10591.506775024369,12458.0,3.748395378690629,39,0.5912596401028277
2026_Barcelona_Grand_Prix_Qualifying,2026,Barcelona Grand Prix,Qualifying,PIA,11,75.176,0.4969999999999999,67.23592019706619,47.67025089605735,16.845878136200717,14.874551971326163,6,10954.28471118869,12357.0,5.729390681003585,32,1.5601436265709157
2026_Barcelona_Grand_Prix_Qualifying,2026,Barcelona Grand Prix,Qualifying,PIA,14,75.09,0.41100000000000136,67.45712477701215,47.246891651865006,17.761989342806395,17.406749555950267,6,10948.704565664302,12373.0,5.754884547069271,36,1.4501779359430604
2026_Barcelona_Grand_Prix_Qualifying,2026,Barcelona Grand Prix,Qualifying,LAW,2,76.673,1.9939999999999998,68.28784394923919,45.50084889643464,18.33616298811545,15.789473684210526,7,10783.457616271106,12158.0,5.385398981324278,35,1.4489795918367347
2026_Barcelona_Grand_Prix_Qualifying,2026,Barcelona Grand Prix,Qualifying,LAW,3,98.009,23.33,39.923881223487335,7.956104252400549,33.19615912208505,24.142661179698216,9,10138.212570684247,12153.0,4.085048010973937,43,1.0879120879120878
2026_Barcelona_Grand_Prix_Qualifying,2026,Barcelona Grand Prix,Qualifying,LAW,5,76.18,1.5010000000000048,70.91720190096487,49.283154121863795,17.38351254480287,16.129032258064516,6,10920.168153947176,12113.0,5.421146953405018,34,1.385996409335727
2026_Barcelona_Grand_Prix_Qualifying,2026,Barcelona Grand Prix,Qualifying,LAW,6,98.962,24.283,39.41201060098332,6.368563685636857,31.029810298102984,20.59620596205962,10,10051.491065032218,11908.0,4.0257452574525745,38,1.1099050203527816
2026_Barcelona_Grand_Prix_Qualifying,2026,Barcelona Grand Prix,Qualifying,LAW,8,75.585,0.9059999999999917,69.42735636357564,46.748681898066785,19.85940246045694,15.465729349736378,7,10900.812088582745,12221.0,5.413005272407733,32,1.3714788732394365
2026_Barcelona_Grand_Prix_Qualifying,2026,Barcelona Grand Prix,Qualifying,LAW,9,99.951,25.27199999999999,38.97229677621446,9.53020134228188,32.88590604026846,16.375838926174495,8,9962.906662038196,11861.0,4.09261744966443,42,1.1221966181259602
2026_Barcelona_Grand_Prix_Qualifying,2026,Barcelona Grand Prix,Qualifying,LAW,13,76.542,1.8629999999999995,71.5362050963009,46.8421052631579,16.140350877192983,13.508771929824562,6,10922.599592653096,12395.0,5.394736842105263,35,1.4323374340949033
2026_Barcelona_Grand_Prix_Qualifying,2026,Barcelona Grand Prix,Qualifying,HUL,2,76.954,2.2749999999999915,68.66188199021144,46.85314685314685,15.909090909090908,16.60839160839161,8,10538.528604568672,12416.0,5.173076923076923,33,1.5376532399299474
2026_Barcelona_Grand_Prix_Qualifying,2026,Barcelona Grand Prix,Qualifying,HUL,3,138.864,64.185,28.87354649780084,12.36816874400767,50.143815915628,19.942473633748804,12,7513.760082066291,11828.0,2.811121764141898,38,0.8080614203454894
2026_Barcelona_Grand_Prix_Qualifying,2026,Barcelona Grand Prix,Qualifying,HUL,5,76.066,1.3870000000000005,71.74874244870568,50.3448275862069,15.517241379310345,15.517241379310345,7,10693.082140498766,12588.0,5.137931034482759,32,1.3730569948186528
2026_Barcelona_Grand_Prix_Qualifying,2026,Barcelona Grand Prix,Qualifying,HUL,6,106.621,31.941999999999993,33.07459744546866,1.1235955056179776,33.33333333333333,16.354556803995006,7,9758.557392756607,11347.0,3.7166042446941323,32,0.87125
2026_Barcelona_Grand_Prix_Qualifying,2026,Barcelona Grand Prix,Qualifying,HUL,8,76.922,2.242999999999995,70.8090811757175,48.353552859618716,15.771230502599654,16.984402079722706,8,10592.746346624006,12875.0,5.2079722703639515,32,1.484375
2026_Barcelona_Grand_Prix_Qualifying,2026,Barcelona Grand Prix,Qualifying,HUL,9,97.301,22.622,46.24301940838213,21.958041958041957,36.22377622377622,26.573426573426573,10,10369.904462518894,12344.0,3.893706293706294,42,1.30812324929972
2026_Barcelona_Grand_Prix_Qualifying,2026,Barcelona Grand Prix,Qualifying,HUL,11,75.768,1.0889999999999986,73.3045573849128,50.796460176991154,14.513274336283185,16.10619469026549,7,10786.853535876298,12680.0,5.157522123893806,32,1.4060283687943262
2026_Barcelona_Grand_Prix_Qualifying,2026,Barcelona Grand Prix,Qualifying,HUL,12,101.987,27.307999999999993,34.92619551400761,3.1413612565445024,37.56544502617801,15.18324607329843,7,9998.62389450523,11466.0,3.8704188481675392,34,0.9342439391874181
2026_Barcelona_Grand_Prix_Qualifying,2026,Barcelona Grand Prix,Qualifying,HUL,16,76.657,1.9779999999999944,69.59092407889398,45.936395759717314,18.021201413427562,16.607773851590103,8,10571.757594221914,12473.0,5.15547703180212,33,1.4831858407079646
2026_Barcelona_Grand_Prix_Qualifying,2026,Barcelona Grand Prix,Qualifying,LEC,2,75.964,1.2849999999999966,71.61054506112092,51.81159420289855,12.13768115942029,12.13768115942029,7,10696.30920891506,12321.0,5.5018115942028984,32,1.4246823956442831
2026_Barcelona_Grand_Prix_Qualifying,2026,Barcelona Grand Prix,Qualifying,LEC,3,107.708,33.028999999999996,38.07263005373715,10.906862745098039,32.720588235294116,23.40686274509804,11,9612.667626138418,12120.0,3.6801470588235294,34,1.1447852760736197
2026_Barcelona_Grand_Prix_Qualifying,2026,Barcelona Grand Prix,Qualifying,LEC,5,75.281,0.6020000000000039,71.77735088891893,53.51351351351351,13.153153153153152,13.513513513513514,7,10772.064162700572,12452.0,5.461261261261261,28,1.2707581227436824
2026_Barcelona_Grand_Prix_Qualifying,2026,Barcelona Grand Prix,Qualifying,LEC,6,99.603,24.923999999999992,39.027006148646976,11.866666666666667,33.733333333333334,19.866666666666667,8,10314.766194084654,12231.0,3.7826666666666666,32,0.9546061415220294
2026_Barcelona_Grand_Prix_Qualifying,2026,Barcelona Grand Prix,Qualifying,LIN,2,76.425,1.7459999999999951,68.39064593062798,45.818815331010455,17.073170731707318,17.94425087108014,7,10676.313100878891,12746.0,5.40418118466899,31,1.406631762652705
2026_Barcelona_Grand_Prix_Qualifying,2026,Barcelona Grand Prix,Qualifying,LIN,3,98.087,23.408,40.29059839489483,7.297297297297297,30.675675675675674,22.56756756756757,9,10009.85444062281,12120.0,4.1702702702702705,36,1.040595399188092
2026_Barcelona_Grand_Prix_Qualifying,2026,Barcelona Grand Prix,Qualifying,LIN,5,75.84,1.1610000000000014,69.39426486037935,49.09747292418773,18.4115523465704,17.14801444043321,6,10776.176032577388,12690.0,5.48014440433213,31,1.3924050632911393
2026_Barcelona_Grand_Prix_Qualifying,2026,Barcelona Grand Prix,Qualifying,LIN,6,104.175,29.495999999999995,34.0141885389393,8.160621761658032,38.212435233160626,27.33160621761658,10,10002.157735142036,12195.0,3.8044041450777204,43,1.0592736705577173
2026_Barcelona_Grand_Prix_Qualifying,2026,Barcelona Grand Prix,Qualifying,LIN,8,138.746,64.06700000000001,27.91211100636523,6.207565470417071,45.877788554801164,25.80019398642095,12,7544.252112011054,11753.0,2.946653734238603,31,0.7553398058252427
2026_Barcelona_Grand_Prix_Qualifying,2026,Barcelona Grand Prix,Qualifying,BOR,2,76.616,1.9369999999999976,70.59151721580363,50.0,18.493150684931507,16.267123287671232,6,10512.599955641464,12405.0,5.191780821917808,34,1.4545454545454546
2026_Barcelona_Grand_Prix_Qualifying,2026,Barcelona Grand Prix,Qualifying,BOR,3,109.031,34.352000000000004,40.9055646078283,16.728167281672818,30.996309963099634,21.648216482164823,10,9665.780911351714,11646.0,3.6408364083640836,42,1.3805418719211822
2026_Barcelona_Grand_Prix_Qualifying,2026,Barcelona Grand Prix,Qualifying,BOR,5,76.66,1.9809999999999945,71.07776904242736,50.62836624775583,18.491921005385997,16.517055655296232,6,10513.343791219357,12113.0,5.253141831238779,31,1.4154676258992807
2026_Barcelona_Grand_Prix_Qualifying,2026,Barcelona Grand Prix,Qualifying,BOR,6,104.695,30.01599999999999,37.74000052925412,8.827238335435057,27.616645649432535,19.419924337957127,8,9605.050048442745,11435.0,3.880201765447667,30,0.8636363636363636
2026_Barcelona_Grand_Prix_Qualifying,2026,Barcelona Grand Prix,Qualifying,BOR,8,76.001,1.3220000000000027,71.79342050649778,52.7972027972028,17.657342657342657,16.60839160839161,6,10582.871072144206,12271.0,5.2272727272727275,29,1.3485113835376532
2026_Barcelona_Grand_Prix_Qualifying,2026,Barcelona Grand Prix,Qualifying,COL,2,77.225,2.5459999999999923,70.11381511586539,44.24778761061947,16.460176991150444,14.867256637168142,7,10841.010048349033,12291.0,5.079646017699115,36,1.4574468085106382
2026_Barcelona_Grand_Prix_Qualifying,2026,Barcelona Grand Prix,Qualifying,COL,3,110.052,35.373000000000005,28.60865553999585,0.5980861244019139,34.569377990430624,10.76555023923445,8,9714.085344350817,12100.0,3.3911483253588517,28,0.7904191616766467
2026_Barcelona_Grand_Prix_Qualifying,2026,Barcelona Grand Prix,Qualifying,COL,5,76.59,1.9110000000000014,70.62987040903941,48.34205933682373,16.92844677137871,16.05584642233857,6,10838.689549623565,12063.0,5.198952879581152,36,1.3653846153846154
2026_Barcelona_Grand_Prix_Qualifying,2026,Barcelona Grand Prix,Qualifying,COL,6,111.408,36.729,27.453993210126633,0.9592326139088728,33.69304556354916,8.513189448441247,6,9812.403974447696,11631.0,3.239808153477218,26,0.7298919567827131
2026_Barcelona_Grand_Prix_Qualifying,2026,Barcelona Grand Prix,Qualifying,COL,8,77.376,2.6970000000000027,68.98616958220225,46.735395189003434,17.869415807560138,16.49484536082474,8,10818.894096339809,12114.0,5.0893470790378,39,1.4182444061962134
2026_Barcelona_Grand_Prix_Qualifying,2026,Barcelona Grand Prix,Qualifying,COL,9,115.967,41.288,21.81030495157408,0.23364485981308408,44.85981308411215,9.813084112149532,8,9523.05397926482,11769.0,3.149532710280374,28,0.7777777777777778
2026_Barcelona_Grand_Prix_Qualifying,2026,Barcelona Grand Prix,Qualifying,COL,11,76.191,1.5120000000000005,71.6144446693246,49.56369982547993,15.357766143106458,16.05584642233857,6,10884.360417967977,12523.0,5.265270506108203,36,1.3548951048951048
2026_Barcelona_Grand_Prix_Qualifying,2026,Barcelona Grand Prix,Qualifying,COL,12,110.396,35.717,27.888849062608806,0.9708737864077669,36.16504854368932,8.495145631067961,6,9631.40836382919,11766.0,3.3567961165048543,27,0.6901579586877278
2026_Barcelona_Grand_Prix_Qualifying,2026,Barcelona Grand Prix,Qualifying,GAS,2,77.08,2.4009999999999962,70.85518563283807,50.0,17.5,16.25,6,10931.032485237627,12546.0,4.958928571428571,38,1.3917710196779964
2026_Barcelona_Grand_Prix_Qualifying,2026,Barcelona Grand Prix,Qualifying,GAS,3,109.717,35.038,30.780056133838517,5.193236714975845,29.830917874396135,12.198067632850242,6,9522.991218106508,11532.0,3.4142512077294684,23,0.669173214993954
2026_Barcelona_Grand_Prix_Qualifying,2026,Barcelona Grand Prix,Qualifying,GAS,5,76.599,1.9200000000000017,72.05917458687564,51.03806228373703,16.608996539792386,15.570934256055363,6,10895.802650154385,12290.0,5.131487889273356,38,1.4956672443674177
2026_Barcelona_Grand_Prix_Qualifying,2026,Barcelona Grand Prix,Qualifying,GAS,6,108.467,33.788,30.68693053455938,4.3424317617866,30.64516129032258,15.88089330024814,8,9683.705156450938,11430.0,3.4478908188585606,29,0.6794906840248448
2026_Barcelona_Grand_Prix_Qualifying,2026,Barcelona Grand Prix,Qualifying,GAS,8,77.626,2.9470000000000027,68.88918384735497,45.9412780656304,17.443868739205527,12.953367875647666,6,10822.753911201764,12184.0,5.036269430051814,36,1.4826989619377162
2026_Barcelona_Grand_Prix_Qualifying,2026,Barcelona Grand Prix,Qualifying,GAS,9,149.15,74.471,29.090713528389855,13.805631244323344,53.40599455040872,23.251589464123523,14,7450.599377240038,12734.0,2.4168937329700273,38,0.7427272727272727
2026_Barcelona_Grand_Prix_Qualifying,2026,Barcelona Grand Prix,Qualifying,GAS,11,76.261,1.5819999999999936,71.85862494511333,52.10526315789473,18.070175438596493,14.736842105263156,6,10945.982413063064,12300.0,5.110526315789474,38,1.4340949033391917
2026_Barcelona_Grand_Prix_Qualifying,2026,Barcelona Grand Prix,Qualifying,GAS,12,107.616,32.937,33.5068848758811,4.702970297029703,33.663366336633665,12.623762376237623,7,9489.759659400703,12222.0,3.5767326732673266,28,0.8004259588599751
2026_Barcelona_Grand_Prix_Qualifying,2026,Barcelona Grand Prix,Qualifying,BEA,2,78.216,3.536999999999992,69.1074032940498,42.66211604095563,15.529010238907851,17.235494880546078,8,10848.423471764016,12096.0,5.177474402730375,39,1.3794871794871795
2026_Barcelona_Grand_Prix_Qualifying,2026,Barcelona Grand Prix,Qualifying,BEA,3,109.016,34.337,33.33405813965732,0.0,21.51741293532338,19.65174129353234,9,10185.88711140282,12080.0,3.4328358208955225,28,0.6749688667496887
2026_Barcelona_Grand_Prix_Qualifying,2026,Barcelona Grand Prix,Qualifying,BEA,5,77.444,2.7650000000000006,69.3039883063307,43.944636678200695,15.22491349480969,20.242214532871973,8,10916.317662540047,12110.0,5.193771626297578,40,1.3812824956672443
2026_Barcelona_Grand_Prix_Qualifying,2026,Barcelona Grand Prix,Qualifying,BEA,6,105.07,30.39099999999999,36.408436895630985,3.959131545338442,26.56449553001277,22.988505747126435,8,10417.981510426665,12130.0,3.478927203065134,32,0.7493606138107417
2026_Barcelona_Grand_Prix_Qualifying,2026,Barcelona Grand Prix,Qualifying,BEA,8,76.571,1.891999999999996,69.45447714588686,44.61538461538462,16.923076923076923,17.77777777777778,9,10822.800027130494,12047.0,5.302564102564102,40,1.3647260273972603
2026_Barcelona_Grand_Prix_Qualifying,2026,Barcelona Grand Prix,Qualifying,BEA,9,110.344,35.66499999999999,32.94767730799992,5.562273276904474,27.81136638452237,18.25876662636034,9,10220.488233889777,11899.0,3.3409915356711,34,0.7711864406779662
2026_Barcelona_Grand_Prix_Qualifying,2026,Barcelona Grand Prix,Qualifying,BEA,11,77.5,2.820999999999998,69.83021801601379,43.42560553633218,16.26297577854671,16.955017301038062,8,10841.43359008935,11980.0,5.2145328719723185,38,1.3986135181975736
2026_Barcelona_Grand_Prix_Qualifying,2026,Barcelona Grand Prix,Qualifying,BEA,12,119.446,44.766999999999996,42.7077016524203,24.94432071269488,42.53897550111358,29.955456570155903,13,7973.923916111109,12318.0,3.2349665924276167,46,0.8896321070234113
2026_Barcelona_Grand_Prix_Qualifying,2026,Barcelona Grand Prix,Qualifying,BEA,14,76.389,1.7099999999999937,72.75349533538065,48.6254295532646,13.745704467353953,16.49484536082474,8,10845.5186842956,12104.0,5.364261168384879,39,1.3012048192771084
2026_Barcelona_Grand_Prix_Qualifying,2026,Barcelona Grand Prix,Qualifying,BEA,15,111.531,36.852000000000004,31.423454248988374,0.8464328899637243,25.87666263603386,17.654171704957676,9,10199.525242361045,12132.0,3.259975816203144,30,0.6283292978208233
2026_Barcelona_Grand_Prix_Qualifying,2026,Barcelona Grand Prix,Qualifying,SAI,2,78.107,3.4279999999999973,70.08291118252794,45.47008547008547,16.23931623931624,20.0,12,10739.828994042266,11989.0,5.05982905982906,34,1.3184931506849316
2026_Barcelona_Grand_Prix_Qualifying,2026,Barcelona Grand Prix,Qualifying,SAI,3,107.154,32.474999999999994,34.78761225446222,3.807106598984772,27.918781725888326,18.908629441624367,8,10053.881093128219,12055.0,3.3578680203045685,37,0.8716645489199492
2026_Barcelona_Grand_Prix_Qualifying,2026,Barcelona Grand Prix,Qualifying,SAI,5,78.173,3.4939999999999998,67.38324525762529,45.22613065326633,18.425460636515915,21.775544388609717,11,10734.255650389752,12071.0,4.971524288107203,35,1.3271812080536913
2026_Barcelona_Grand_Prix_Qualifying,2026,Barcelona Grand Prix,Qualifying,SAI,6,132.872,58.19300000000001,31.00964437425793,7.135575942915392,46.48318042813456,27.62487257900102,12,7490.301396551429,11854.0,2.879714576962283,42,0.8214285714285714
2026_Barcelona_Grand_Prix_Qualifying,2026,Barcelona Grand Prix,Qualifying,SAI,8,76.881,2.201999999999998,71.93839573955051,48.376068376068375,14.529914529914532,17.435897435897434,8,10798.653459057974,12227.0,5.196581196581197,33,1.3339041095890412
2026_Barcelona_Grand_Prix_Qualifying,2026,Barcelona Grand Prix,Qualifying,SAI,9,103.646,28.967,34.0045743116815,3.761348897535668,33.07392996108949,20.881971465629054,8,10249.702371902527,11824.0,3.4591439688715955,39,0.779000999000999
2026_Barcelona_Grand_Prix_Qualifying,2026,Barcelona Grand Prix,Qualifying,SAI,11,78.395,3.715999999999994,69.52838605615018,44.86301369863014,15.924657534246576,18.664383561643834,8,10725.88190434907,12126.0,5.1061643835616435,30,1.3259005145797598
2026_Barcelona_Grand_Prix_Qualifying,2026,Barcelona Grand Prix,Qualifying,SAI,12,110.563,35.884,34.83333141987044,3.5758323057953145,26.263871763255242,21.20838471023428,14,9956.81262239427,11710.0,3.2293464858199754,44,1.1641975308641976
2026_Barcelona_Grand_Prix_Qualifying,2026,Barcelona Grand Prix,Qualifying,SAI,14,77.827,3.147999999999996,71.34463812005818,47.5177304964539,14.539007092198581,17.907801418439718,7,10754.40047819147,12003.0,5.079787234042553,34,1.3801065719360568
2026_Barcelona_Grand_Prix_Qualifying,2026,Barcelona Grand Prix,Qualifying,SAI,15,108.815,34.135999999999996,31.330586261343655,0.7352941176470588,27.450980392156865,19.362745098039216,9,9933.466646353787,11729.0,3.3590686274509802,31,0.7339999992147239
2026_Barcelona_Grand_Prix_Qualifying,2026,Barcelona Grand Prix,Qualifying,OCO,2,78.171,3.4920000000000044,68.55526713685511,42.95415959252971,14.770797962648558,20.71307300509338,9,10795.081517084625,11996.0,5.157894736842105,41,1.401360544217687
2026_Barcelona_Grand_Prix_Qualifying,2026,Barcelona Grand Prix,Qualifying,OCO,3,144.265,69.58599999999998,26.02935951038554,2.7358490566037736,42.924528301886795,19.150943396226417,13,7267.459023478391,11592.0,2.7566037735849056,34,0.6109537299339
2026_Barcelona_Grand_Prix_Qualifying,2026,Barcelona Grand Prix,Qualifying,OCO,5,78.136,3.4569999999999936,70.76148544252584,47.18909710391823,14.480408858603067,19.250425894378196,10,10762.479545311047,12083.0,5.214650766609881,41,1.57679180887372
2026_Barcelona_Grand_Prix_Qualifying,2026,Barcelona Grand Prix,Qualifying,OCO,6,99.45,24.771,43.130321073387115,5.745554035567715,22.161422708618332,22.5718194254446,10,9774.677781792408,11600.0,4.188782489740082,38,1.1001797939726028
2026_Barcelona_Grand_Prix_Qualifying,2026,Barcelona Grand Prix,Qualifying,OCO,8,77.073,2.3939999999999912,70.50115538415581,49.48805460750853,15.699658703071673,22.013651877133107,11,10807.810217956398,12118.0,5.293515358361775,42,1.3487179487179488
2026_Barcelona_Grand_Prix_Qualifying,2026,Barcelona Grand Prix,Qualifying,OCO,9,107.501,32.822,38.36570628185178,7.338308457711443,22.63681592039801,18.28358208955224,9,9667.44043097165,11543.0,3.736318407960199,30,0.8468244084682441
2026_Barcelona_Grand_Prix_Qualifying,2026,Barcelona Grand Prix,Qualifying,ALB,2,78.252,3.5729999999999933,68.13642570660997,40.4040404040404,18.855218855218855,19.52861952861953,8,10629.25205858756,11943.0,5.090909090909091,38,1.2917369308600337
2026_Barcelona_Grand_Prix_Qualifying,2026,Barcelona Grand Prix,Qualifying,ALB,3,108.459,33.78,34.69960474011456,5.926860025220681,27.112232030264817,17.90668348045397,9,9968.779007843763,11735.0,3.2421185372005046,43,0.9447206444444444
2026_Barcelona_Grand_Prix_Qualifying,2026,Barcelona Grand Prix,Qualifying,ALB,5,80.269,5.590000000000003,63.048163944616896,34.0983606557377,21.475409836065573,19.18032786885246,8,10772.149485398002,12274.0,4.863934426229508,38,1.3973727422003284
2026_Barcelona_Grand_Prix_Qualifying,2026,Barcelona Grand Prix,Qualifying,ALB,6,93.19,18.510999999999996,46.46163176168707,14.078374455732948,24.383164005805515,19.013062409288825,10,10322.77250329837,11961.0,4.002902757619739,33,1.0563335758139536
2026_Barcelona_Grand_Prix_Qualifying,2026,Barcelona Grand Prix,Qualifying,ALB,8,77.424,2.7450000000000045,69.69868580992137,43.40277777777778,17.53472222222222,19.09722222222222,7,10844.812932101258,12539.0,5.105902777777778,33,1.3408695652173912
2026_Barcelona_Grand_Prix_Qualifying,2026,Barcelona Grand Prix,Qualifying,PER,2,78.13,3.4509999999999934,66.73569597508548,49.03339191564148,14.235500878734623,16.695957820738137,6,10858.434552623685,12449.0,5.0913884007029875,42,1.5933098591549295
2026_Barcelona_Grand_Prix_Qualifying,2026,Barcelona Grand Prix,Qualifying,PER,3,104.768,30.089,31.900617253878057,6.20253164556962,25.569620253164555,20.506329113924053,12,9557.111252365503,12296.0,4.007594936708861,34,1.474017743979721
2026_Barcelona_Grand_Prix_Qualifying,2026,Barcelona Grand Prix,Qualifying,PER,5,77.545,2.8659999999999997,66.78395115026427,51.19047619047619,16.156462585034014,18.877551020408163,6,10951.610851613683,12432.0,5.08843537414966,45,1.5604770017035776
2026_Barcelona_Grand_Prix_Qualifying,2026,Barcelona Grand Prix,Qualifying,PER,6,106.382,31.703000000000003,30.277801064974984,6.95322376738306,32.61694058154235,16.561314791403287,10,9767.592121681853,12059.0,3.7471554993678886,35,0.9670886075949368
2026_Barcelona_Grand_Prix_Qualifying,2026,Barcelona Grand Prix,Qualifying,BOT,2,79.105,4.426000000000002,69.2212238861149,46.97986577181208,17.61744966442953,16.610738255033556,9,10419.285238057792,12183.0,5.369127516778524,32,1.5714285714285714
2026_Barcelona_Grand_Prix_Qualifying,2026,Barcelona Grand Prix,Qualifying,BOT,3,96.445,21.76599999999999,59.62067686552411,39.29577464788732,26.338028169014084,35.91549295774648,7,9740.134776931658,11986.0,4.283098591549296,27,1.22425952045134
2026_Barcelona_Grand_Prix_Qualifying,2026,Barcelona Grand Prix,Qualifying,BOT,5,78.237,3.5579999999999927,67.67369143193046,45.2991452991453,19.82905982905983,18.803418803418804,10,10437.086893155381,12229.0,5.3247863247863245,31,1.4554794520547945
2026_Barcelona_Grand_Prix_Qualifying,2026,Barcelona Grand Prix,Qualifying,BOT,6,99.413,24.733999999999995,40.34155030064262,18.71584699453552,37.295081967213115,13.25136612021858,8,9624.165721153966,11805.0,4.229508196721311,31,0.9521203830369357
2026_Barcelona_Grand_Prix_Qualifying,2026,Barcelona Grand Prix,Qualifying,BOT,8,77.757,3.078000000000003,70.80946560906678,50.505050505050505,17.17171717171717,17.003367003367003,9,10445.57711675188,12049.0,5.447811447811448,28,1.4249578414839799
2026_Barcelona_Grand_Prix_Qualifying,2026,Barcelona Grand Prix,Qualifying,BOT,9,109.7,35.021,28.91111104912636,8.83435582822086,44.417177914110425,8.83435582822086,6,9126.683053441575,11391.7,3.9766871165644173,29,0.6081081081081081
2026_Barcelona_Grand_Prix_Qualifying,2026,Barcelona Grand Prix,Qualifying,STR,2,79.996,5.316999999999993,70.73693115960069,51.735537190082646,14.545454545454545,14.380165289256198,8,10489.288174465397,11865.0,4.928925619834711,32,1.6125827814569536
2026_Barcelona_Grand_Prix_Qualifying,2026,Barcelona Grand Prix,Qualifying,STR,3,96.135,21.456000000000003,51.96656189344717,37.1994342291372,24.469589816124472,19.943422913719942,9,10126.220958881473,12378.0,3.783592644978784,37,1.368271954674221
2026_Barcelona_Grand_Prix_Qualifying,2026,Barcelona Grand Prix,Qualifying,STR,5,100.342,25.662999999999997,47.083361254094854,30.88235294117647,22.192513368983956,16.0427807486631,9,9386.635276195288,12168.0,3.838235294117647,39,1.3383556993894812
2026_Barcelona_Grand_Prix_Qualifying,2026,Barcelona Grand Prix,Qualifying,STR,7,78.758,4.0789999999999935,70.79616614032719,52.60504201680673,16.134453781512605,14.6218487394958,9,10557.235074659566,11862.0,4.944537815126051,35,1.4848484848484849
2026_Barcelona_Grand_Prix_Qualifying,2026,Barcelona Grand Prix,Qualifying,STR,8,98.932,24.253,44.08343451205465,27.837837837837835,29.72972972972973,22.56756756756757,8,9934.158273226089,12056.0,3.7567567567567566,38,1.2557510148849798
2026_Barcelona_Grand_Prix_Qualifying,2026,Barcelona Grand Prix,Qualifying,ALO,2,79.286,4.606999999999999,70.90184384936211,52.4451939291737,15.51433389544688,14.165261382799327,9,10572.686593485123,12093.0,4.942664418212479,37,1.4831081081081081
2026_Barcelona_Grand_Prix_Qualifying,2026,Barcelona Grand Prix,Qualifying,ALO,3,109.533,34.854,22.080549736978114,0.24752475247524752,55.07425742574258,8.16831683168317,4,8603.563798417326,11156.0,3.982673267326733,27,0.748451053283767
2026_Barcelona_Grand_Prix_Qualifying,2026,Barcelona Grand Prix,Qualifying,ALO,5,92.041,17.361999999999995,51.06902119943915,34.2606149341142,27.379209370424597,15.666178623718888,8,9693.571338951117,11754.0,4.317715959004392,39,1.2643988269794721
2026_Barcelona_Grand_Prix_Qualifying,2026,Barcelona Grand Prix,Qualifying,ALO,7,78.815,4.135999999999996,69.54138970404217,53.91014975041597,18.302828618968388,16.306156405990016,7,10586.779065441406,12048.0,4.950083194675541,40,1.435
2026_Barcelona_Grand_Prix_Qualifying,2026,Barcelona Grand Prix,Qualifying,ALO,8,98.426,23.747,42.23447025611971,24.250681198910083,41.689373297002724,12.806539509536785,7,9721.949348033068,11916.0,3.869209809264305,34,1.2959413369713506
